slug,corpus,cycle,k,attestation,trust_chain,least_privilege,declarative_policy,continuous_adaptive,immutability,audit_evidence,cryptographic_identity,segmentation,s2_x,s2_y,s2_z,gap,collision_class_id,collision_class_size
0pointer-mastery,skills,1,9,1,1,1,1,1,1,1,1,1,0.672237693,0.1121064587,0.731798214,0.0,175,795
api-and-interface-design,skills,1,8,1,1,1,1,0,1,1,1,1,0.6484564351,-0.3633061647,0.6689640368,0.480136277,167,107
arm-trusted-firmware-optee,skills,1,8,1,1,1,1,0,1,1,1,1,0.6484564351,-0.3633061647,0.6689640368,0.480136277,167,107
ascii-uart-animator,skills,1,1,0,0,0,0,0,0,0,0,1,-0.5799792611,0.1329904426,0.8037024318,1.2544535295,1,10
audit-evidence-packaging,skills,1,9,1,1,1,1,1,1,1,1,1,0.672237693,0.1121064587,0.731798214,0.0,175,795
bcvk-virtualization,skills,1,8,1,1,1,1,0,1,1,1,1,0.6484564351,-0.3633061647,0.6689640368,0.480136277,167,107
bootc-images,skills,1,7,1,0,1,1,0,1,1,1,1,0.7224690878,-0.5600626287,0.4054235676,0.7489024536,109,4
browser-testing-with-devtools,skills,1,8,1,1,1,0,1,1,1,1,1,0.7600815392,0.3074578287,0.5724908186,0.2669410896,158,8
ci-cd-and-automation,skills,1,8,1,1,1,0,1,1,1,1,1,0.7600815392,0.3074578287,0.5724908186,0.2669410896,158,8
code-review-and-quality,skills,1,6,1,1,0,0,0,1,1,1,1,0.3996042456,-0.8949661517,0.1983734715,1.1717790727,125,8
code-simplification,skills,1,8,1,1,1,1,0,1,1,1,1,0.6484564351,-0.3633061647,0.6689640368,0.480136277,167,107
composefs-kernel-floors,skills,1,5,1,1,0,0,0,1,0,1,1,-0.2085222949,-0.8929814207,-0.3988767162,1.7505329473,122,3
context-engineering,skills,1,8,1,1,1,1,0,1,1,1,1,0.6484564351,-0.3633061647,0.6689640368,0.480136277,167,107
context-isolation,skills,1,8,1,1,1,1,0,1,1,1,1,0.6484564351,-0.3633061647,0.6689640368,0.480136277,167,107
curve-guided-rsi,skills,1,8,1,0,1,1,1,1,1,1,1,0.7947194026,0.2585761991,0.5491442619,0.264230241,114,4
curve-guided-rsi-self,skills,1,9,1,1,1,1,1,1,1,1,1,0.672237693,0.1121064587,0.731798214,0.0,175,795
debug-with-cli,skills,1,2,0,0,0,0,0,0,0,1,1,-0.6209092784,0.2758883831,0.733728334,1.3034789349,3,1
debugging-and-error-recovery,skills,1,7,1,1,1,0,0,1,1,1,1,0.7817101148,-0.5059332901,0.3646379059,0.7271616286,154,28
deprecation-and-migration,skills,1,7,1,1,1,0,0,1,1,1,1,0.7817101148,-0.5059332901,0.3646379059,0.7271616286,154,28
dm-verity-and-integrity,skills,1,9,1,1,1,1,1,1,1,1,1,0.672237693,0.1121064587,0.731798214,0.0,175,795
docker-bake-action,skills,1,8,1,1,1,1,0,1,1,1,1,0.6484564351,-0.3633061647,0.6689640368,0.480136277,167,107
docker-build-policy,skills,1,8,1,1,1,1,0,1,1,1,1,0.6484564351,-0.3633061647,0.6689640368,0.480136277,167,107
docker-build-push-action,skills,1,9,1,1,1,1,1,1,1,1,1,0.672237693,0.1121064587,0.731798214,0.0,175,795
docker-buildx-rootless,skills,1,8,1,1,1,1,0,1,1,1,1,0.6484564351,-0.3633061647,0.6689640368,0.480136277,167,107
docker-login-action,skills,1,9,1,1,1,1,1,1,1,1,1,0.672237693,0.1121064587,0.731798214,0.0,175,795
docker-metadata-action,skills,1,9,1,1,1,1,1,1,1,1,1,0.672237693,0.1121064587,0.731798214,0.0,175,795
docker-setup-buildx-action,skills,1,8,1,1,1,1,0,1,1,1,1,0.6484564351,-0.3633061647,0.6689640368,0.480136277,167,107
docker-setup-qemu-action,skills,1,8,1,1,1,1,0,1,1,1,1,0.6484564351,-0.3633061647,0.6689640368,0.480136277,167,107
documentation-and-adrs,skills,1,7,1,1,1,0,0,1,1,1,1,0.7817101148,-0.5059332901,0.3646379059,0.7271616286,154,28
doubt-driven-development,skills,1,7,1,1,0,1,0,1,1,1,1,0.5435009285,-0.6279280211,0.5570575743,0.771205859,137,12
drm-gpu-quota-secure-time,skills,1,8,1,1,1,1,0,1,1,1,1,0.6484564351,-0.3633061647,0.6689640368,0.480136277,167,107
fedora-bootc-base-images,skills,1,8,1,1,1,1,0,1,1,1,1,0.6484564351,-0.3633061647,0.6689640368,0.480136277,167,107
frontend-ui-engineering,skills,1,9,1,1,1,1,1,1,1,1,1,0.672237693,0.1121064587,0.731798214,0.0,175,795
ftpm-optee-tpm,skills,1,9,1,1,1,1,1,1,1,1,1,0.672237693,0.1121064587,0.731798214,0.0,175,795
git-workflow-and-versioning,skills,1,7,1,1,1,0,0,1,1,1,1,0.7817101148,-0.5059332901,0.3646379059,0.7271616286,154,28
github-actions,skills,1,9,1,1,1,1,1,1,1,1,1,0.672237693,0.1121064587,0.731798214,0.0,175,795
github-api,skills,1,8,1,1,1,1,0,1,1,1,1,0.6484564351,-0.3633061647,0.6689640368,0.480136277,167,107
github-stacked-pull-requests,skills,1,8,1,0,1,1,1,1,1,1,1,0.7947194026,0.2585761991,0.5491442619,0.264230241,114,4
human-for-feasibility,skills,1,8,1,1,1,1,0,1,1,1,1,0.6484564351,-0.3633061647,0.6689640368,0.480136277,167,107
hyperspherical-harmonic-curve,skills,1,3,1,0,0,0,1,1,0,0,0,-0.8434099576,0.1992350648,0.4989639589,1.5359007081,77,1
idea-kill,skills,1,7,1,1,1,0,0,1,1,1,1,0.7817101148,-0.5059332901,0.3646379059,0.7271616286,154,28
idea-refine,skills,1,7,1,1,1,0,0,1,1,1,1,0.7817101148,-0.5059332901,0.3646379059,0.7271616286,154,28
ideate-solo,skills,1,7,1,1,1,0,0,1,1,1,1,0.7817101148,-0.5059332901,0.3646379059,0.7271616286,154,28
incremental-implementation,skills,1,8,1,1,1,0,1,1,1,1,1,0.7600815392,0.3074578287,0.5724908186,0.2669410896,158,8
internal-big-picture,skills,1,9,1,1,1,1,1,1,1,1,1,0.672237693,0.1121064587,0.731798214,0.0,175,795
internal-nonlex-tokens,skills,1,2,0,0,0,0,0,1,1,0,0,-0.7045989484,-0.1591514912,0.6915281084,1.4038809401,10,6
interview-me,skills,1,7,1,1,1,0,0,1,1,1,1,0.7817101148,-0.5059332901,0.3646379059,0.7271616286,154,28
learned-latent-curve,skills,1,8,1,0,1,1,1,1,1,1,1,0.7947194026,0.2585761991,0.5491442619,0.264230241,114,4
linkedin-browser-outreach,skills,1,8,1,1,1,1,0,1,1,1,1,0.6484564351,-0.3633061647,0.6689640368,0.480136277,167,107
mkosi-image-builder,skills,1,8,1,1,1,1,0,1,1,1,1,0.6484564351,-0.3633061647,0.6689640368,0.480136277,167,107
negative-skill-space,skills,1,4,1,0,0,1,1,0,1,0,0,-0.997444865,0.054704894,0.0459468806,1.8059697771,90,3
novelty-indication,skills,1,7,1,1,1,0,0,1,1,1,1,0.7817101148,-0.5059332901,0.3646379059,0.7271616286,154,28
nspawn-containers,skills,1,8,1,1,1,1,0,1,1,1,1,0.6484564351,-0.3633061647,0.6689640368,0.480136277,167,107
observability-and-instrumentation,skills,1,8,1,1,0,1,1,1,1,1,1,0.8534195348,0.0470547171,0.5190962831,0.2868809863,143,1
performance-optimization,skills,1,8,1,1,1,0,1,1,1,1,1,0.7600815392,0.3074578287,0.5724908186,0.2669410896,158,8
planning-and-task-breakdown,skills,1,8,1,1,1,0,1,1,1,1,1,0.7600815392,0.3074578287,0.5724908186,0.2669410896,158,8
play-audio-on-rock1,skills,1,1,0,0,0,0,0,0,0,0,1,-0.5799792611,0.1329904426,0.8037024318,1.2544535295,1,10
pr-launch,skills,1,9,1,1,1,1,1,1,1,1,1,0.672237693,0.1121064587,0.731798214,0.0,175,795
prior-art-search,skills,1,7,1,1,1,0,0,1,1,1,1,0.7817101148,-0.5059332901,0.3646379059,0.7271616286,154,28
radio-queue,skills,1,1,0,0,0,0,0,0,0,0,1,-0.5799792611,0.1329904426,0.8037024318,1.2544535295,1,10
recursive-self-improvement,skills,1,7,1,0,1,1,1,1,1,0,1,0.9719605615,0.1832299627,0.1473751938,0.660638038,113,2
restful-self,skills,1,1,0,0,0,0,0,1,0,0,0,-0.6110039576,-0.0078890963,0.79158823,1.2902259156,7,6
rootless-container-builds,skills,1,9,1,1,1,1,1,1,1,1,1,0.672237693,0.1121064587,0.731798214,0.0,175,795
security-and-hardening,skills,1,9,1,1,1,1,1,1,1,1,1,0.672237693,0.1121064587,0.731798214,0.0,175,795
self-archaeology,skills,1,2,0,0,0,0,0,1,1,0,0,-0.7045989484,-0.1591514912,0.6915281084,1.4038809401,10,6
shipping-and-launch,skills,1,7,1,1,0,0,1,1,1,1,1,0.9283988776,0.3541455947,0.1125007635,0.7125523336,130,1
sigstore-rekor-v2,skills,1,8,1,1,1,1,0,1,1,1,1,0.6484564351,-0.3633061647,0.6689640368,0.480136277,167,107
single-action-curve-rsi,skills,1,4,0,0,0,0,1,1,1,1,0,-0.5452987972,0.6649116523,0.5104328716,1.3553565221,20,1
slsa-provenance,skills,1,7,1,0,1,1,0,1,1,1,1,0.7224690878,-0.5600626287,0.4054235676,0.7489024536,109,4
source-driven-development,skills,1,7,1,1,1,0,0,1,1,1,1,0.7817101148,-0.5059332901,0.3646379059,0.7271616286,154,28
spec-driven-development,skills,1,9,1,1,1,1,1,1,1,1,1,0.672237693,0.1121064587,0.731798214,0.0,175,795
systemd-hardening,skills,1,9,1,1,1,1,1,1,1,1,1,0.672237693,0.1121064587,0.731798214,0.0,175,795
systemd-homed,skills,1,9,1,1,1,1,1,1,1,1,1,0.672237693,0.1121064587,0.731798214,0.0,175,795
test-driven-development,skills,1,7,1,1,1,0,0,1,1,1,1,0.7817101148,-0.5059332901,0.3646379059,0.7271616286,154,28
the-cult,skills,1,8,1,1,1,0,1,1,1,1,1,0.7600815392,0.3074578287,0.5724908186,0.2669410896,158,8
the-follower,skills,1,9,1,1,1,1,1,1,1,1,1,0.672237693,0.1121064587,0.731798214,0.0,175,795
token-efficiency,skills,1,9,1,1,1,1,1,1,1,1,1,0.672237693,0.1121064587,0.731798214,0.0,175,795
using-agent-skills,skills,1,9,1,1,1,1,1,1,1,1,1,0.672237693,0.1121064587,0.731798214,0.0,175,795
yubikey-operations,skills,1,7,1,1,0,1,0,1,1,1,1,0.5435009285,-0.6279280211,0.5570575743,0.771205859,137,12
0pointer-mastery,skills,2,9,1,1,1,1,1,1,1,1,1,0.672237693,0.1121064587,0.731798214,0.0,175,795
api-and-interface-design,skills,2,9,1,1,1,1,1,1,1,1,1,0.672237693,0.1121064587,0.731798214,0.0,175,795
arm-trusted-firmware-optee,skills,2,9,1,1,1,1,1,1,1,1,1,0.672237693,0.1121064587,0.731798214,0.0,175,795
ascii-uart-animator,skills,2,5,1,0,0,1,0,1,1,0,1,-0.0765049248,-0.8889942797,0.4514821892,1.281169493,85,8
audit-evidence-packaging,skills,2,9,1,1,1,1,1,1,1,1,1,0.672237693,0.1121064587,0.731798214,0.0,175,795
bcvk-virtualization,skills,2,9,1,1,1,1,1,1,1,1,1,0.672237693,0.1121064587,0.731798214,0.0,175,795
bootc-images,skills,2,8,1,1,1,1,0,1,1,1,1,0.6484564351,-0.3633061647,0.6689640368,0.480136277,167,107
browser-testing-with-devtools,skills,2,9,1,1,1,1,1,1,1,1,1,0.672237693,0.1121064587,0.731798214,0.0,175,795
ci-cd-and-automation,skills,2,9,1,1,1,1,1,1,1,1,1,0.672237693,0.1121064587,0.731798214,0.0,175,795
code-review-and-quality,skills,2,7,1,1,1,0,0,1,1,1,1,0.7817101148,-0.5059332901,0.3646379059,0.7271616286,154,28
code-simplification,skills,2,9,1,1,1,1,1,1,1,1,1,0.672237693,0.1121064587,0.731798214,0.0,175,795
composefs-kernel-floors,skills,2,6,1,1,1,0,0,1,0,1,1,0.8089183357,-0.4416840044,-0.3880288218,1.2567330922,150,6
context-engineering,skills,2,9,1,1,1,1,1,1,1,1,1,0.672237693,0.1121064587,0.731798214,0.0,175,795
context-isolation,skills,2,9,1,1,1,1,1,1,1,1,1,0.672237693,0.1121064587,0.731798214,0.0,175,795
curve-guided-rsi,skills,2,9,1,1,1,1,1,1,1,1,1,0.672237693,0.1121064587,0.731798214,0.0,175,795
curve-guided-rsi-self,skills,2,9,1,1,1,1,1,1,1,1,1,0.672237693,0.1121064587,0.731798214,0.0,175,795
debug-with-cli,skills,2,6,1,0,0,1,0,1,1,1,1,0.341953054,-0.8930703336,0.2923926951,1.1456637974,87,2
debugging-and-error-recovery,skills,2,8,1,1,1,1,0,1,1,1,1,0.6484564351,-0.3633061647,0.6689640368,0.480136277,167,107
deprecation-and-migration,skills,2,8,1,1,1,1,0,1,1,1,1,0.6484564351,-0.3633061647,0.6689640368,0.480136277,167,107
dm-verity-and-integrity,skills,2,9,1,1,1,1,1,1,1,1,1,0.672237693,0.1121064587,0.731798214,0.0,175,795
docker-bake-action,skills,2,9,1,1,1,1,1,1,1,1,1,0.672237693,0.1121064587,0.731798214,0.0,175,795
docker-build-policy,skills,2,9,1,1,1,1,1,1,1,1,1,0.672237693,0.1121064587,0.731798214,0.0,175,795
docker-build-push-action,skills,2,9,1,1,1,1,1,1,1,1,1,0.672237693,0.1121064587,0.731798214,0.0,175,795
docker-buildx-rootless,skills,2,9,1,1,1,1,1,1,1,1,1,0.672237693,0.1121064587,0.731798214,0.0,175,795
docker-login-action,skills,2,9,1,1,1,1,1,1,1,1,1,0.672237693,0.1121064587,0.731798214,0.0,175,795
docker-metadata-action,skills,2,9,1,1,1,1,1,1,1,1,1,0.672237693,0.1121064587,0.731798214,0.0,175,795
docker-setup-buildx-action,skills,2,9,1,1,1,1,1,1,1,1,1,0.672237693,0.1121064587,0.731798214,0.0,175,795
docker-setup-qemu-action,skills,2,9,1,1,1,1,1,1,1,1,1,0.672237693,0.1121064587,0.731798214,0.0,175,795
documentation-and-adrs,skills,2,8,1,1,1,1,0,1,1,1,1,0.6484564351,-0.3633061647,0.6689640368,0.480136277,167,107
doubt-driven-development,skills,2,8,1,1,1,1,0,1,1,1,1,0.6484564351,-0.3633061647,0.6689640368,0.480136277,167,107
drm-gpu-quota-secure-time,skills,2,9,1,1,1,1,1,1,1,1,1,0.672237693,0.1121064587,0.731798214,0.0,175,795
fedora-bootc-base-images,skills,2,9,1,1,1,1,1,1,1,1,1,0.672237693,0.1121064587,0.731798214,0.0,175,795
frontend-ui-engineering,skills,2,9,1,1,1,1,1,1,1,1,1,0.672237693,0.1121064587,0.731798214,0.0,175,795
ftpm-optee-tpm,skills,2,9,1,1,1,1,1,1,1,1,1,0.672237693,0.1121064587,0.731798214,0.0,175,795
git-workflow-and-versioning,skills,2,8,1,1,1,1,0,1,1,1,1,0.6484564351,-0.3633061647,0.6689640368,0.480136277,167,107
github-actions,skills,2,9,1,1,1,1,1,1,1,1,1,0.672237693,0.1121064587,0.731798214,0.0,175,795
github-api,skills,2,9,1,1,1,1,1,1,1,1,1,0.672237693,0.1121064587,0.731798214,0.0,175,795
github-stacked-pull-requests,skills,2,9,1,1,1,1,1,1,1,1,1,0.672237693,0.1121064587,0.731798214,0.0,175,795
human-for-feasibility,skills,2,9,1,1,1,1,1,1,1,1,1,0.672237693,0.1121064587,0.731798214,0.0,175,795
hyperspherical-harmonic-curve,skills,2,4,1,1,0,0,1,1,0,0,0,-0.9679235319,0.2494248509,-0.0301874178,1.8137274568,129,1
idea-kill,skills,2,8,1,1,1,1,0,1,1,1,1,0.6484564351,-0.3633061647,0.6689640368,0.480136277,167,107
idea-refine,skills,2,8,1,1,1,1,0,1,1,1,1,0.6484564351,-0.3633061647,0.6689640368,0.480136277,167,107
ideate-solo,skills,2,8,1,1,1,1,0,1,1,1,1,0.6484564351,-0.3633061647,0.6689640368,0.480136277,167,107
incremental-implementation,skills,2,9,1,1,1,1,1,1,1,1,1,0.672237693,0.1121064587,0.731798214,0.0,175,795
internal-big-picture,skills,2,9,1,1,1,1,1,1,1,1,1,0.672237693,0.1121064587,0.731798214,0.0,175,795
internal-nonlex-tokens,skills,2,4,1,0,0,1,0,1,1,0,0,-0.3207796295,-0.7118927179,0.6247472989,1.2948042108,84,24
interview-me,skills,2,8,1,1,1,1,0,1,1,1,1,0.6484564351,-0.3633061647,0.6689640368,0.480136277,167,107
learned-latent-curve,skills,2,9,1,1,1,1,1,1,1,1,1,0.672237693,0.1121064587,0.731798214,0.0,175,795
linkedin-browser-outreach,skills,2,9,1,1,1,1,1,1,1,1,1,0.672237693,0.1121064587,0.731798214,0.0,175,795
mkosi-image-builder,skills,2,9,1,1,1,1,1,1,1,1,1,0.672237693,0.1121064587,0.731798214,0.0,175,795
negative-skill-space,skills,2,5,1,1,0,1,1,0,1,0,0,-0.5482298288,-0.1784198277,-0.817074305,1.9932266743,138,2
novelty-indication,skills,2,8,1,1,1,1,0,1,1,1,1,0.6484564351,-0.3633061647,0.6689640368,0.480136277,167,107
nspawn-containers,skills,2,9,1,1,1,1,1,1,1,1,1,0.672237693,0.1121064587,0.731798214,0.0,175,795
observability-and-instrumentation,skills,2,9,1,1,1,1,1,1,1,1,1,0.672237693,0.1121064587,0.731798214,0.0,175,795
performance-optimization,skills,2,9,1,1,1,1,1,1,1,1,1,0.672237693,0.1121064587,0.731798214,0.0,175,795
planning-and-task-breakdown,skills,2,9,1,1,1,1,1,1,1,1,1,0.672237693,0.1121064587,0.731798214,0.0,175,795
play-audio-on-rock1,skills,2,5,1,0,0,1,0,1,1,0,1,-0.0765049248,-0.8889942797,0.4514821892,1.281169493,85,8
pr-launch,skills,2,9,1,1,1,1,1,1,1,1,1,0.672237693,0.1121064587,0.731798214,0.0,175,795
prior-art-search,skills,2,8,1,1,1,1,0,1,1,1,1,0.6484564351,-0.3633061647,0.6689640368,0.480136277,167,107
radio-queue,skills,2,5,1,0,0,1,0,1,1,0,1,-0.0765049248,-0.8889942797,0.4514821892,1.281169493,85,8
recursive-self-improvement,skills,2,8,1,1,1,1,1,1,1,0,1,0.8276549961,0.026085738,0.5606306642,0.2466828584,173,42
restful-self,skills,2,4,1,0,0,1,0,1,1,0,0,-0.3207796295,-0.7118927179,0.6247472989,1.2948042108,84,24
rootless-container-builds,skills,2,9,1,1,1,1,1,1,1,1,1,0.672237693,0.1121064587,0.731798214,0.0,175,795
security-and-hardening,skills,2,9,1,1,1,1,1,1,1,1,1,0.672237693,0.1121064587,0.731798214,0.0,175,795
self-archaeology,skills,2,4,1,0,0,1,0,1,1,0,0,-0.3207796295,-0.7118927179,0.6247472989,1.2948042108,84,24
shipping-and-launch,skills,2,8,1,1,1,0,1,1,1,1,1,0.7600815392,0.3074578287,0.5724908186,0.2669410896,158,8
sigstore-rekor-v2,skills,2,9,1,1,1,1,1,1,1,1,1,0.672237693,0.1121064587,0.731798214,0.0,175,795
single-action-curve-rsi,skills,2,6,1,0,0,1,1,1,1,1,0,0.5735768587,-0.0418243906,-0.8180833133,1.5606285321,93,1
slsa-provenance,skills,2,8,1,1,1,1,0,1,1,1,1,0.6484564351,-0.3633061647,0.6689640368,0.480136277,167,107
source-driven-development,skills,2,8,1,1,1,1,0,1,1,1,1,0.6484564351,-0.3633061647,0.6689640368,0.480136277,167,107
spec-driven-development,skills,2,9,1,1,1,1,1,1,1,1,1,0.672237693,0.1121064587,0.731798214,0.0,175,795
systemd-hardening,skills,2,9,1,1,1,1,1,1,1,1,1,0.672237693,0.1121064587,0.731798214,0.0,175,795
systemd-homed,skills,2,9,1,1,1,1,1,1,1,1,1,0.672237693,0.1121064587,0.731798214,0.0,175,795
test-driven-development,skills,2,8,1,1,1,1,0,1,1,1,1,0.6484564351,-0.3633061647,0.6689640368,0.480136277,167,107
the-cult,skills,2,9,1,1,1,1,1,1,1,1,1,0.672237693,0.1121064587,0.731798214,0.0,175,795
the-follower,skills,2,9,1,1,1,1,1,1,1,1,1,0.672237693,0.1121064587,0.731798214,0.0,175,795
token-efficiency,skills,2,9,1,1,1,1,1,1,1,1,1,0.672237693,0.1121064587,0.731798214,0.0,175,795
using-agent-skills,skills,2,9,1,1,1,1,1,1,1,1,1,0.672237693,0.1121064587,0.731798214,0.0,175,795
yubikey-operations,skills,2,8,1,1,1,1,0,1,1,1,1,0.6484564351,-0.3633061647,0.6689640368,0.480136277,167,107
0pointer-mastery,skills,3,9,1,1,1,1,1,1,1,1,1,0.672237693,0.1121064587,0.731798214,0.0,175,795
api-and-interface-design,skills,3,9,1,1,1,1,1,1,1,1,1,0.672237693,0.1121064587,0.731798214,0.0,175,795
arm-trusted-firmware-optee,skills,3,9,1,1,1,1,1,1,1,1,1,0.672237693,0.1121064587,0.731798214,0.0,175,795
ascii-uart-animator,skills,3,6,1,1,0,1,0,1,1,0,1,0.2673731571,-0.7859098987,0.5575457165,1.0003562384,135,8
audit-evidence-packaging,skills,3,9,1,1,1,1,1,1,1,1,1,0.672237693,0.1121064587,0.731798214,0.0,175,795
bcvk-virtualization,skills,3,9,1,1,1,1,1,1,1,1,1,0.672237693,0.1121064587,0.731798214,0.0,175,795
bootc-images,skills,3,9,1,1,1,1,1,1,1,1,1,0.672237693,0.1121064587,0.731798214,0.0,175,795
browser-testing-with-devtools,skills,3,9,1,1,1,1,1,1,1,1,1,0.672237693,0.1121064587,0.731798214,0.0,175,795
ci-cd-and-automation,skills,3,9,1,1,1,1,1,1,1,1,1,0.672237693,0.1121064587,0.731798214,0.0,175,795
code-review-and-quality,skills,3,8,1,1,1,1,0,1,1,1,1,0.6484564351,-0.3633061647,0.6689640368,0.480136277,167,107
code-simplification,skills,3,9,1,1,1,1,1,1,1,1,1,0.672237693,0.1121064587,0.731798214,0.0,175,795
composefs-kernel-floors,skills,3,7,1,1,1,1,0,1,0,1,1,0.845136168,-0.3992010235,0.3555044308,0.6579713027,163,6
context-engineering,skills,3,9,1,1,1,1,1,1,1,1,1,0.672237693,0.1121064587,0.731798214,0.0,175,795
context-isolation,skills,3,9,1,1,1,1,1,1,1,1,1,0.672237693,0.1121064587,0.731798214,0.0,175,795
curve-guided-rsi,skills,3,9,1,1,1,1,1,1,1,1,1,0.672237693,0.1121064587,0.731798214,0.0,175,795
curve-guided-rsi-self,skills,3,9,1,1,1,1,1,1,1,1,1,0.672237693,0.1121064587,0.731798214,0.0,175,795
debug-with-cli,skills,3,7,1,1,0,1,0,1,1,1,1,0.5435009285,-0.6279280211,0.5570575743,0.771205859,137,12
debugging-and-error-recovery,skills,3,9,1,1,1,1,1,1,1,1,1,0.672237693,0.1121064587,0.731798214,0.0,175,795
deprecation-and-migration,skills,3,9,1,1,1,1,1,1,1,1,1,0.672237693,0.1121064587,0.731798214,0.0,175,795
dm-verity-and-integrity,skills,3,9,1,1,1,1,1,1,1,1,1,0.672237693,0.1121064587,0.731798214,0.0,175,795
docker-bake-action,skills,3,9,1,1,1,1,1,1,1,1,1,0.672237693,0.1121064587,0.731798214,0.0,175,795
docker-build-policy,skills,3,9,1,1,1,1,1,1,1,1,1,0.672237693,0.1121064587,0.731798214,0.0,175,795
docker-build-push-action,skills,3,9,1,1,1,1,1,1,1,1,1,0.672237693,0.1121064587,0.731798214,0.0,175,795
docker-buildx-rootless,skills,3,9,1,1,1,1,1,1,1,1,1,0.672237693,0.1121064587,0.731798214,0.0,175,795
docker-login-action,skills,3,9,1,1,1,1,1,1,1,1,1,0.672237693,0.1121064587,0.731798214,0.0,175,795
docker-metadata-action,skills,3,9,1,1,1,1,1,1,1,1,1,0.672237693,0.1121064587,0.731798214,0.0,175,795
docker-setup-buildx-action,skills,3,9,1,1,1,1,1,1,1,1,1,0.672237693,0.1121064587,0.731798214,0.0,175,795
docker-setup-qemu-action,skills,3,9,1,1,1,1,1,1,1,1,1,0.672237693,0.1121064587,0.731798214,0.0,175,795
documentation-and-adrs,skills,3,9,1,1,1,1,1,1,1,1,1,0.672237693,0.1121064587,0.731798214,0.0,175,795
doubt-driven-development,skills,3,9,1,1,1,1,1,1,1,1,1,0.672237693,0.1121064587,0.731798214,0.0,175,795
drm-gpu-quota-secure-time,skills,3,9,1,1,1,1,1,1,1,1,1,0.672237693,0.1121064587,0.731798214,0.0,175,795
fedora-bootc-base-images,skills,3,9,1,1,1,1,1,1,1,1,1,0.672237693,0.1121064587,0.731798214,0.0,175,795
frontend-ui-engineering,skills,3,9,1,1,1,1,1,1,1,1,1,0.672237693,0.1121064587,0.731798214,0.0,175,795
ftpm-optee-tpm,skills,3,9,1,1,1,1,1,1,1,1,1,0.672237693,0.1121064587,0.731798214,0.0,175,795
git-workflow-and-versioning,skills,3,9,1,1,1,1,1,1,1,1,1,0.672237693,0.1121064587,0.731798214,0.0,175,795
github-actions,skills,3,9,1,1,1,1,1,1,1,1,1,0.672237693,0.1121064587,0.731798214,0.0,175,795
github-api,skills,3,9,1,1,1,1,1,1,1,1,1,0.672237693,0.1121064587,0.731798214,0.0,175,795
github-stacked-pull-requests,skills,3,9,1,1,1,1,1,1,1,1,1,0.672237693,0.1121064587,0.731798214,0.0,175,795
human-for-feasibility,skills,3,9,1,1,1,1,1,1,1,1,1,0.672237693,0.1121064587,0.731798214,0.0,175,795
hyperspherical-harmonic-curve,skills,3,6,1,1,1,0,1,1,0,0,1,0.5177347021,0.8553103719,-0.0198732472,1.0682851756,157,1
idea-kill,skills,3,9,1,1,1,1,1,1,1,1,1,0.672237693,0.1121064587,0.731798214,0.0,175,795
idea-refine,skills,3,9,1,1,1,1,1,1,1,1,1,0.672237693,0.1121064587,0.731798214,0.0,175,795
ideate-solo,skills,3,9,1,1,1,1,1,1,1,1,1,0.672237693,0.1121064587,0.731798214,0.0,175,795
incremental-implementation,skills,3,9,1,1,1,1,1,1,1,1,1,0.672237693,0.1121064587,0.731798214,0.0,175,795
internal-big-picture,skills,3,9,1,1,1,1,1,1,1,1,1,0.672237693,0.1121064587,0.731798214,0.0,175,795
internal-nonlex-tokens,skills,3,5,1,1,0,1,0,1,1,0,0,-0.0425077548,-0.7856011156,0.6172713973,1.1531939716,134,25
interview-me,skills,3,9,1,1,1,1,1,1,1,1,1,0.672237693,0.1121064587,0.731798214,0.0,175,795
learned-latent-curve,skills,3,9,1,1,1,1,1,1,1,1,1,0.672237693,0.1121064587,0.731798214,0.0,175,795
linkedin-browser-outreach,skills,3,9,1,1,1,1,1,1,1,1,1,0.672237693,0.1121064587,0.731798214,0.0,175,795
mkosi-image-builder,skills,3,9,1,1,1,1,1,1,1,1,1,0.672237693,0.1121064587,0.731798214,0.0,175,795
negative-skill-space,skills,3,7,1,1,1,1,1,0,1,0,1,0.8947436569,0.3892494852,0.2189032359,0.6240019389,168,6
novelty-indication,skills,3,9,1,1,1,1,1,1,1,1,1,0.672237693,0.1121064587,0.731798214,0.0,175,795
nspawn-containers,skills,3,9,1,1,1,1,1,1,1,1,1,0.672237693,0.1121064587,0.731798214,0.0,175,795
observability-and-instrumentation,skills,3,9,1,1,1,1,1,1,1,1,1,0.672237693,0.1121064587,0.731798214,0.0,175,795
performance-optimization,skills,3,9,1,1,1,1,1,1,1,1,1,0.672237693,0.1121064587,0.731798214,0.0,175,795
planning-and-task-breakdown,skills,3,9,1,1,1,1,1,1,1,1,1,0.672237693,0.1121064587,0.731798214,0.0,175,795
play-audio-on-rock1,skills,3,6,1,1,0,1,0,1,1,0,1,0.2673731571,-0.7859098987,0.5575457165,1.0003562384,135,8
pr-launch,skills,3,9,1,1,1,1,1,1,1,1,1,0.672237693,0.1121064587,0.731798214,0.0,175,795
prior-art-search,skills,3,9,1,1,1,1,1,1,1,1,1,0.672237693,0.1121064587,0.731798214,0.0,175,795
radio-queue,skills,3,6,1,1,0,1,0,1,1,0,1,0.2673731571,-0.7859098987,0.5575457165,1.0003562384,135,8
recursive-self-improvement,skills,3,9,1,1,1,1,1,1,1,1,1,0.672237693,0.1121064587,0.731798214,0.0,175,795
restful-self,skills,3,5,1,1,0,1,0,1,1,0,0,-0.0425077548,-0.7856011156,0.6172713973,1.1531939716,134,25
rootless-container-builds,skills,3,9,1,1,1,1,1,1,1,1,1,0.672237693,0.1121064587,0.731798214,0.0,175,795
security-and-hardening,skills,3,9,1,1,1,1,1,1,1,1,1,0.672237693,0.1121064587,0.731798214,0.0,175,795
self-archaeology,skills,3,5,1,1,0,1,0,1,1,0,0,-0.0425077548,-0.7856011156,0.6172713973,1.1531939716,134,25
shipping-and-launch,skills,3,9,1,1,1,1,1,1,1,1,1,0.672237693,0.1121064587,0.731798214,0.0,175,795
sigstore-rekor-v2,skills,3,9,1,1,1,1,1,1,1,1,1,0.672237693,0.1121064587,0.731798214,0.0,175,795
single-action-curve-rsi,skills,3,7,1,1,0,1,1,1,1,1,0,0.9835712115,-0.165778421,0.0714505918,0.7811578254,142,1
slsa-provenance,skills,3,9,1,1,1,1,1,1,1,1,1,0.672237693,0.1121064587,0.731798214,0.0,175,795
source-driven-development,skills,3,9,1,1,1,1,1,1,1,1,1,0.672237693,0.1121064587,0.731798214,0.0,175,795
spec-driven-development,skills,3,9,1,1,1,1,1,1,1,1,1,0.672237693,0.1121064587,0.731798214,0.0,175,795
systemd-hardening,skills,3,9,1,1,1,1,1,1,1,1,1,0.672237693,0.1121064587,0.731798214,0.0,175,795
systemd-homed,skills,3,9,1,1,1,1,1,1,1,1,1,0.672237693,0.1121064587,0.731798214,0.0,175,795
test-driven-development,skills,3,9,1,1,1,1,1,1,1,1,1,0.672237693,0.1121064587,0.731798214,0.0,175,795
the-cult,skills,3,9,1,1,1,1,1,1,1,1,1,0.672237693,0.1121064587,0.731798214,0.0,175,795
the-follower,skills,3,9,1,1,1,1,1,1,1,1,1,0.672237693,0.1121064587,0.731798214,0.0,175,795
token-efficiency,skills,3,9,1,1,1,1,1,1,1,1,1,0.672237693,0.1121064587,0.731798214,0.0,175,795
using-agent-skills,skills,3,9,1,1,1,1,1,1,1,1,1,0.672237693,0.1121064587,0.731798214,0.0,175,795
yubikey-operations,skills,3,9,1,1,1,1,1,1,1,1,1,0.672237693,0.1121064587,0.731798214,0.0,175,795
0pointer-mastery,skills,4,9,1,1,1,1,1,1,1,1,1,0.672237693,0.1121064587,0.731798214,0.0,175,795
api-and-interface-design,skills,4,9,1,1,1,1,1,1,1,1,1,0.672237693,0.1121064587,0.731798214,0.0,175,795
arm-trusted-firmware-optee,skills,4,9,1,1,1,1,1,1,1,1,1,0.672237693,0.1121064587,0.731798214,0.0,175,795
ascii-uart-animator,skills,4,7,1,1,1,1,0,1,1,0,1,0.5447508267,-0.5936601918,0.5922956301,0.7306301643,165,35
audit-evidence-packaging,skills,4,9,1,1,1,1,1,1,1,1,1,0.672237693,0.1121064587,0.731798214,0.0,175,795
bcvk-virtualization,skills,4,9,1,1,1,1,1,1,1,1,1,0.672237693,0.1121064587,0.731798214,0.0,175,795
bootc-images,skills,4,9,1,1,1,1,1,1,1,1,1,0.672237693,0.1121064587,0.731798214,0.0,175,795
browser-testing-with-devtools,skills,4,9,1,1,1,1,1,1,1,1,1,0.672237693,0.1121064587,0.731798214,0.0,175,795
ci-cd-and-automation,skills,4,9,1,1,1,1,1,1,1,1,1,0.672237693,0.1121064587,0.731798214,0.0,175,795
code-review-and-quality,skills,4,9,1,1,1,1,1,1,1,1,1,0.672237693,0.1121064587,0.731798214,0.0,175,795
code-simplification,skills,4,9,1,1,1,1,1,1,1,1,1,0.672237693,0.1121064587,0.731798214,0.0,175,795
composefs-kernel-floors,skills,4,9,1,1,1,1,1,1,1,1,1,0.672237693,0.1121064587,0.731798214,0.0,175,795
context-engineering,skills,4,9,1,1,1,1,1,1,1,1,1,0.672237693,0.1121064587,0.731798214,0.0,175,795
context-isolation,skills,4,9,1,1,1,1,1,1,1,1,1,0.672237693,0.1121064587,0.731798214,0.0,175,795
curve-guided-rsi,skills,4,9,1,1,1,1,1,1,1,1,1,0.672237693,0.1121064587,0.731798214,0.0,175,795
curve-guided-rsi-self,skills,4,9,1,1,1,1,1,1,1,1,1,0.672237693,0.1121064587,0.731798214,0.0,175,795
debug-with-cli,skills,4,8,1,1,1,1,0,1,1,1,1,0.6484564351,-0.3633061647,0.6689640368,0.480136277,167,107
debugging-and-error-recovery,skills,4,9,1,1,1,1,1,1,1,1,1,0.672237693,0.1121064587,0.731798214,0.0,175,795
deprecation-and-migration,skills,4,9,1,1,1,1,1,1,1,1,1,0.672237693,0.1121064587,0.731798214,0.0,175,795
dm-verity-and-integrity,skills,4,9,1,1,1,1,1,1,1,1,1,0.672237693,0.1121064587,0.731798214,0.0,175,795
docker-bake-action,skills,4,9,1,1,1,1,1,1,1,1,1,0.672237693,0.1121064587,0.731798214,0.0,175,795
docker-build-policy,skills,4,9,1,1,1,1,1,1,1,1,1,0.672237693,0.1121064587,0.731798214,0.0,175,795
docker-build-push-action,skills,4,9,1,1,1,1,1,1,1,1,1,0.672237693,0.1121064587,0.731798214,0.0,175,795
docker-buildx-rootless,skills,4,9,1,1,1,1,1,1,1,1,1,0.672237693,0.1121064587,0.731798214,0.0,175,795
docker-login-action,skills,4,9,1,1,1,1,1,1,1,1,1,0.672237693,0.1121064587,0.731798214,0.0,175,795
docker-metadata-action,skills,4,9,1,1,1,1,1,1,1,1,1,0.672237693,0.1121064587,0.731798214,0.0,175,795
docker-setup-buildx-action,skills,4,9,1,1,1,1,1,1,1,1,1,0.672237693,0.1121064587,0.731798214,0.0,175,795
docker-setup-qemu-action,skills,4,9,1,1,1,1,1,1,1,1,1,0.672237693,0.1121064587,0.731798214,0.0,175,795
documentation-and-adrs,skills,4,9,1,1,1,1,1,1,1,1,1,0.672237693,0.1121064587,0.731798214,0.0,175,795
doubt-driven-development,skills,4,9,1,1,1,1,1,1,1,1,1,0.672237693,0.1121064587,0.731798214,0.0,175,795
drm-gpu-quota-secure-time,skills,4,9,1,1,1,1,1,1,1,1,1,0.672237693,0.1121064587,0.731798214,0.0,175,795
fedora-bootc-base-images,skills,4,9,1,1,1,1,1,1,1,1,1,0.672237693,0.1121064587,0.731798214,0.0,175,795
frontend-ui-engineering,skills,4,9,1,1,1,1,1,1,1,1,1,0.672237693,0.1121064587,0.731798214,0.0,175,795
ftpm-optee-tpm,skills,4,9,1,1,1,1,1,1,1,1,1,0.672237693,0.1121064587,0.731798214,0.0,175,795
git-workflow-and-versioning,skills,4,9,1,1,1,1,1,1,1,1,1,0.672237693,0.1121064587,0.731798214,0.0,175,795
github-actions,skills,4,9,1,1,1,1,1,1,1,1,1,0.672237693,0.1121064587,0.731798214,0.0,175,795
github-api,skills,4,9,1,1,1,1,1,1,1,1,1,0.672237693,0.1121064587,0.731798214,0.0,175,795
github-stacked-pull-requests,skills,4,9,1,1,1,1,1,1,1,1,1,0.672237693,0.1121064587,0.731798214,0.0,175,795
human-for-feasibility,skills,4,9,1,1,1,1,1,1,1,1,1,0.672237693,0.1121064587,0.731798214,0.0,175,795
hyperspherical-harmonic-curve,skills,4,7,1,1,1,1,1,1,0,0,1,0.8776583451,0.3815790986,0.2900227935,0.5567572811,171,1
idea-kill,skills,4,9,1,1,1,1,1,1,1,1,1,0.672237693,0.1121064587,0.731798214,0.0,175,795
idea-refine,skills,4,9,1,1,1,1,1,1,1,1,1,0.672237693,0.1121064587,0.731798214,0.0,175,795
ideate-solo,skills,4,9,1,1,1,1,1,1,1,1,1,0.672237693,0.1121064587,0.731798214,0.0,175,795
incremental-implementation,skills,4,9,1,1,1,1,1,1,1,1,1,0.672237693,0.1121064587,0.731798214,0.0,175,795
internal-big-picture,skills,4,9,1,1,1,1,1,1,1,1,1,0.672237693,0.1121064587,0.731798214,0.0,175,795
internal-nonlex-tokens,skills,4,7,1,1,1,1,0,1,1,0,1,0.5447508267,-0.5936601918,0.5922956301,0.7306301643,165,35
interview-me,skills,4,9,1,1,1,1,1,1,1,1,1,0.672237693,0.1121064587,0.731798214,0.0,175,795
learned-latent-curve,skills,4,9,1,1,1,1,1,1,1,1,1,0.672237693,0.1121064587,0.731798214,0.0,175,795
linkedin-browser-outreach,skills,4,9,1,1,1,1,1,1,1,1,1,0.672237693,0.1121064587,0.731798214,0.0,175,795
mkosi-image-builder,skills,4,9,1,1,1,1,1,1,1,1,1,0.672237693,0.1121064587,0.731798214,0.0,175,795
negative-skill-space,skills,4,8,1,1,1,1,1,1,1,0,1,0.8276549961,0.026085738,0.5606306642,0.2466828584,173,42
novelty-indication,skills,4,9,1,1,1,1,1,1,1,1,1,0.672237693,0.1121064587,0.731798214,0.0,175,795
nspawn-containers,skills,4,9,1,1,1,1,1,1,1,1,1,0.672237693,0.1121064587,0.731798214,0.0,175,795
observability-and-instrumentation,skills,4,9,1,1,1,1,1,1,1,1,1,0.672237693,0.1121064587,0.731798214,0.0,175,795
performance-optimization,skills,4,9,1,1,1,1,1,1,1,1,1,0.672237693,0.1121064587,0.731798214,0.0,175,795
planning-and-task-breakdown,skills,4,9,1,1,1,1,1,1,1,1,1,0.672237693,0.1121064587,0.731798214,0.0,175,795
play-audio-on-rock1,skills,4,7,1,1,1,1,0,1,1,0,1,0.5447508267,-0.5936601918,0.5922956301,0.7306301643,165,35
pr-launch,skills,4,9,1,1,1,1,1,1,1,1,1,0.672237693,0.1121064587,0.731798214,0.0,175,795
prior-art-search,skills,4,9,1,1,1,1,1,1,1,1,1,0.672237693,0.1121064587,0.731798214,0.0,175,795
radio-queue,skills,4,7,1,1,1,1,0,1,1,0,1,0.5447508267,-0.5936601918,0.5922956301,0.7306301643,165,35
recursive-self-improvement,skills,4,9,1,1,1,1,1,1,1,1,1,0.672237693,0.1121064587,0.731798214,0.0,175,795
restful-self,skills,4,7,1,1,1,1,0,1,1,0,1,0.5447508267,-0.5936601918,0.5922956301,0.7306301643,165,35
rootless-container-builds,skills,4,9,1,1,1,1,1,1,1,1,1,0.672237693,0.1121064587,0.731798214,0.0,175,795
security-and-hardening,skills,4,9,1,1,1,1,1,1,1,1,1,0.672237693,0.1121064587,0.731798214,0.0,175,795
self-archaeology,skills,4,7,1,1,1,1,0,1,1,0,1,0.5447508267,-0.5936601918,0.5922956301,0.7306301643,165,35
shipping-and-launch,skills,4,9,1,1,1,1,1,1,1,1,1,0.672237693,0.1121064587,0.731798214,0.0,175,795
sigstore-rekor-v2,skills,4,9,1,1,1,1,1,1,1,1,1,0.672237693,0.1121064587,0.731798214,0.0,175,795
single-action-curve-rsi,skills,4,9,1,1,1,1,1,1,1,1,1,0.672237693,0.1121064587,0.731798214,0.0,175,795
slsa-provenance,skills,4,9,1,1,1,1,1,1,1,1,1,0.672237693,0.1121064587,0.731798214,0.0,175,795
source-driven-development,skills,4,9,1,1,1,1,1,1,1,1,1,0.672237693,0.1121064587,0.731798214,0.0,175,795
spec-driven-development,skills,4,9,1,1,1,1,1,1,1,1,1,0.672237693,0.1121064587,0.731798214,0.0,175,795
systemd-hardening,skills,4,9,1,1,1,1,1,1,1,1,1,0.672237693,0.1121064587,0.731798214,0.0,175,795
systemd-homed,skills,4,9,1,1,1,1,1,1,1,1,1,0.672237693,0.1121064587,0.731798214,0.0,175,795
test-driven-development,skills,4,9,1,1,1,1,1,1,1,1,1,0.672237693,0.1121064587,0.731798214,0.0,175,795
the-cult,skills,4,9,1,1,1,1,1,1,1,1,1,0.672237693,0.1121064587,0.731798214,0.0,175,795
the-follower,skills,4,9,1,1,1,1,1,1,1,1,1,0.672237693,0.1121064587,0.731798214,0.0,175,795
token-efficiency,skills,4,9,1,1,1,1,1,1,1,1,1,0.672237693,0.1121064587,0.731798214,0.0,175,795
using-agent-skills,skills,4,9,1,1,1,1,1,1,1,1,1,0.672237693,0.1121064587,0.731798214,0.0,175,795
yubikey-operations,skills,4,9,1,1,1,1,1,1,1,1,1,0.672237693,0.1121064587,0.731798214,0.0,175,795
0pointer-mastery,skills,5,9,1,1,1,1,1,1,1,1,1,0.672237693,0.1121064587,0.731798214,0.0,175,795
api-and-interface-design,skills,5,9,1,1,1,1,1,1,1,1,1,0.672237693,0.1121064587,0.731798214,0.0,175,795
arm-trusted-firmware-optee,skills,5,9,1,1,1,1,1,1,1,1,1,0.672237693,0.1121064587,0.731798214,0.0,175,795
ascii-uart-animator,skills,5,8,1,1,1,1,1,1,1,0,1,0.8276549961,0.026085738,0.5606306642,0.2466828584,173,42
audit-evidence-packaging,skills,5,9,1,1,1,1,1,1,1,1,1,0.672237693,0.1121064587,0.731798214,0.0,175,795
bcvk-virtualization,skills,5,9,1,1,1,1,1,1,1,1,1,0.672237693,0.1121064587,0.731798214,0.0,175,795
bootc-images,skills,5,9,1,1,1,1,1,1,1,1,1,0.672237693,0.1121064587,0.731798214,0.0,175,795
browser-testing-with-devtools,skills,5,9,1,1,1,1,1,1,1,1,1,0.672237693,0.1121064587,0.731798214,0.0,175,795
ci-cd-and-automation,skills,5,9,1,1,1,1,1,1,1,1,1,0.672237693,0.1121064587,0.731798214,0.0,175,795
code-review-and-quality,skills,5,9,1,1,1,1,1,1,1,1,1,0.672237693,0.1121064587,0.731798214,0.0,175,795
code-simplification,skills,5,9,1,1,1,1,1,1,1,1,1,0.672237693,0.1121064587,0.731798214,0.0,175,795
composefs-kernel-floors,skills,5,9,1,1,1,1,1,1,1,1,1,0.672237693,0.1121064587,0.731798214,0.0,175,795
context-engineering,skills,5,9,1,1,1,1,1,1,1,1,1,0.672237693,0.1121064587,0.731798214,0.0,175,795
context-isolation,skills,5,9,1,1,1,1,1,1,1,1,1,0.672237693,0.1121064587,0.731798214,0.0,175,795
curve-guided-rsi,skills,5,9,1,1,1,1,1,1,1,1,1,0.672237693,0.1121064587,0.731798214,0.0,175,795
curve-guided-rsi-self,skills,5,9,1,1,1,1,1,1,1,1,1,0.672237693,0.1121064587,0.731798214,0.0,175,795
debug-with-cli,skills,5,9,1,1,1,1,1,1,1,1,1,0.672237693,0.1121064587,0.731798214,0.0,175,795
debugging-and-error-recovery,skills,5,9,1,1,1,1,1,1,1,1,1,0.672237693,0.1121064587,0.731798214,0.0,175,795
deprecation-and-migration,skills,5,9,1,1,1,1,1,1,1,1,1,0.672237693,0.1121064587,0.731798214,0.0,175,795
dm-verity-and-integrity,skills,5,9,1,1,1,1,1,1,1,1,1,0.672237693,0.1121064587,0.731798214,0.0,175,795
docker-bake-action,skills,5,9,1,1,1,1,1,1,1,1,1,0.672237693,0.1121064587,0.731798214,0.0,175,795
docker-build-policy,skills,5,9,1,1,1,1,1,1,1,1,1,0.672237693,0.1121064587,0.731798214,0.0,175,795
docker-build-push-action,skills,5,9,1,1,1,1,1,1,1,1,1,0.672237693,0.1121064587,0.731798214,0.0,175,795
docker-buildx-rootless,skills,5,9,1,1,1,1,1,1,1,1,1,0.672237693,0.1121064587,0.731798214,0.0,175,795
docker-login-action,skills,5,9,1,1,1,1,1,1,1,1,1,0.672237693,0.1121064587,0.731798214,0.0,175,795
docker-metadata-action,skills,5,9,1,1,1,1,1,1,1,1,1,0.672237693,0.1121064587,0.731798214,0.0,175,795
docker-setup-buildx-action,skills,5,9,1,1,1,1,1,1,1,1,1,0.672237693,0.1121064587,0.731798214,0.0,175,795
docker-setup-qemu-action,skills,5,9,1,1,1,1,1,1,1,1,1,0.672237693,0.1121064587,0.731798214,0.0,175,795
documentation-and-adrs,skills,5,9,1,1,1,1,1,1,1,1,1,0.672237693,0.1121064587,0.731798214,0.0,175,795
doubt-driven-development,skills,5,9,1,1,1,1,1,1,1,1,1,0.672237693,0.1121064587,0.731798214,0.0,175,795
drm-gpu-quota-secure-time,skills,5,9,1,1,1,1,1,1,1,1,1,0.672237693,0.1121064587,0.731798214,0.0,175,795
fedora-bootc-base-images,skills,5,9,1,1,1,1,1,1,1,1,1,0.672237693,0.1121064587,0.731798214,0.0,175,795
frontend-ui-engineering,skills,5,9,1,1,1,1,1,1,1,1,1,0.672237693,0.1121064587,0.731798214,0.0,175,795
ftpm-optee-tpm,skills,5,9,1,1,1,1,1,1,1,1,1,0.672237693,0.1121064587,0.731798214,0.0,175,795
git-workflow-and-versioning,skills,5,9,1,1,1,1,1,1,1,1,1,0.672237693,0.1121064587,0.731798214,0.0,175,795
github-actions,skills,5,9,1,1,1,1,1,1,1,1,1,0.672237693,0.1121064587,0.731798214,0.0,175,795
github-api,skills,5,9,1,1,1,1,1,1,1,1,1,0.672237693,0.1121064587,0.731798214,0.0,175,795
github-stacked-pull-requests,skills,5,9,1,1,1,1,1,1,1,1,1,0.672237693,0.1121064587,0.731798214,0.0,175,795
human-for-feasibility,skills,5,9,1,1,1,1,1,1,1,1,1,0.672237693,0.1121064587,0.731798214,0.0,175,795
hyperspherical-harmonic-curve,skills,5,9,1,1,1,1,1,1,1,1,1,0.672237693,0.1121064587,0.731798214,0.0,175,795
idea-kill,skills,5,9,1,1,1,1,1,1,1,1,1,0.672237693,0.1121064587,0.731798214,0.0,175,795
idea-refine,skills,5,9,1,1,1,1,1,1,1,1,1,0.672237693,0.1121064587,0.731798214,0.0,175,795
ideate-solo,skills,5,9,1,1,1,1,1,1,1,1,1,0.672237693,0.1121064587,0.731798214,0.0,175,795
incremental-implementation,skills,5,9,1,1,1,1,1,1,1,1,1,0.672237693,0.1121064587,0.731798214,0.0,175,795
internal-big-picture,skills,5,9,1,1,1,1,1,1,1,1,1,0.672237693,0.1121064587,0.731798214,0.0,175,795
internal-nonlex-tokens,skills,5,8,1,1,1,1,1,1,1,0,1,0.8276549961,0.026085738,0.5606306642,0.2466828584,173,42
interview-me,skills,5,9,1,1,1,1,1,1,1,1,1,0.672237693,0.1121064587,0.731798214,0.0,175,795
learned-latent-curve,skills,5,9,1,1,1,1,1,1,1,1,1,0.672237693,0.1121064587,0.731798214,0.0,175,795
linkedin-browser-outreach,skills,5,9,1,1,1,1,1,1,1,1,1,0.672237693,0.1121064587,0.731798214,0.0,175,795
mkosi-image-builder,skills,5,9,1,1,1,1,1,1,1,1,1,0.672237693,0.1121064587,0.731798214,0.0,175,795
negative-skill-space,skills,5,9,1,1,1,1,1,1,1,1,1,0.672237693,0.1121064587,0.731798214,0.0,175,795
novelty-indication,skills,5,9,1,1,1,1,1,1,1,1,1,0.672237693,0.1121064587,0.731798214,0.0,175,795
nspawn-containers,skills,5,9,1,1,1,1,1,1,1,1,1,0.672237693,0.1121064587,0.731798214,0.0,175,795
observability-and-instrumentation,skills,5,9,1,1,1,1,1,1,1,1,1,0.672237693,0.1121064587,0.731798214,0.0,175,795
performance-optimization,skills,5,9,1,1,1,1,1,1,1,1,1,0.672237693,0.1121064587,0.731798214,0.0,175,795
planning-and-task-breakdown,skills,5,9,1,1,1,1,1,1,1,1,1,0.672237693,0.1121064587,0.731798214,0.0,175,795
play-audio-on-rock1,skills,5,8,1,1,1,1,1,1,1,0,1,0.8276549961,0.026085738,0.5606306642,0.2466828584,173,42
pr-launch,skills,5,9,1,1,1,1,1,1,1,1,1,0.672237693,0.1121064587,0.731798214,0.0,175,795
prior-art-search,skills,5,9,1,1,1,1,1,1,1,1,1,0.672237693,0.1121064587,0.731798214,0.0,175,795
radio-queue,skills,5,8,1,1,1,1,1,1,1,0,1,0.8276549961,0.026085738,0.5606306642,0.2466828584,173,42
recursive-self-improvement,skills,5,9,1,1,1,1,1,1,1,1,1,0.672237693,0.1121064587,0.731798214,0.0,175,795
restful-self,skills,5,8,1,1,1,1,1,1,1,0,1,0.8276549961,0.026085738,0.5606306642,0.2466828584,173,42
rootless-container-builds,skills,5,9,1,1,1,1,1,1,1,1,1,0.672237693,0.1121064587,0.731798214,0.0,175,795
security-and-hardening,skills,5,9,1,1,1,1,1,1,1,1,1,0.672237693,0.1121064587,0.731798214,0.0,175,795
self-archaeology,skills,5,8,1,1,1,1,1,1,1,0,1,0.8276549961,0.026085738,0.5606306642,0.2466828584,173,42
shipping-and-launch,skills,5,9,1,1,1,1,1,1,1,1,1,0.672237693,0.1121064587,0.731798214,0.0,175,795
sigstore-rekor-v2,skills,5,9,1,1,1,1,1,1,1,1,1,0.672237693,0.1121064587,0.731798214,0.0,175,795
single-action-curve-rsi,skills,5,9,1,1,1,1,1,1,1,1,1,0.672237693,0.1121064587,0.731798214,0.0,175,795
slsa-provenance,skills,5,9,1,1,1,1,1,1,1,1,1,0.672237693,0.1121064587,0.731798214,0.0,175,795
source-driven-development,skills,5,9,1,1,1,1,1,1,1,1,1,0.672237693,0.1121064587,0.731798214,0.0,175,795
spec-driven-development,skills,5,9,1,1,1,1,1,1,1,1,1,0.672237693,0.1121064587,0.731798214,0.0,175,795
systemd-hardening,skills,5,9,1,1,1,1,1,1,1,1,1,0.672237693,0.1121064587,0.731798214,0.0,175,795
systemd-homed,skills,5,9,1,1,1,1,1,1,1,1,1,0.672237693,0.1121064587,0.731798214,0.0,175,795
test-driven-development,skills,5,9,1,1,1,1,1,1,1,1,1,0.672237693,0.1121064587,0.731798214,0.0,175,795
the-cult,skills,5,9,1,1,1,1,1,1,1,1,1,0.672237693,0.1121064587,0.731798214,0.0,175,795
the-follower,skills,5,9,1,1,1,1,1,1,1,1,1,0.672237693,0.1121064587,0.731798214,0.0,175,795
token-efficiency,skills,5,9,1,1,1,1,1,1,1,1,1,0.672237693,0.1121064587,0.731798214,0.0,175,795
using-agent-skills,skills,5,9,1,1,1,1,1,1,1,1,1,0.672237693,0.1121064587,0.731798214,0.0,175,795
yubikey-operations,skills,5,9,1,1,1,1,1,1,1,1,1,0.672237693,0.1121064587,0.731798214,0.0,175,795
0pointer-mastery,skills,6,9,1,1,1,1,1,1,1,1,1,0.672237693,0.1121064587,0.731798214,0.0,175,795
api-and-interface-design,skills,6,9,1,1,1,1,1,1,1,1,1,0.672237693,0.1121064587,0.731798214,0.0,175,795
arm-trusted-firmware-optee,skills,6,9,1,1,1,1,1,1,1,1,1,0.672237693,0.1121064587,0.731798214,0.0,175,795
ascii-uart-animator,skills,6,9,1,1,1,1,1,1,1,1,1,0.672237693,0.1121064587,0.731798214,0.0,175,795
audit-evidence-packaging,skills,6,9,1,1,1,1,1,1,1,1,1,0.672237693,0.1121064587,0.731798214,0.0,175,795
bcvk-virtualization,skills,6,9,1,1,1,1,1,1,1,1,1,0.672237693,0.1121064587,0.731798214,0.0,175,795
bootc-images,skills,6,9,1,1,1,1,1,1,1,1,1,0.672237693,0.1121064587,0.731798214,0.0,175,795
browser-testing-with-devtools,skills,6,9,1,1,1,1,1,1,1,1,1,0.672237693,0.1121064587,0.731798214,0.0,175,795
ci-cd-and-automation,skills,6,9,1,1,1,1,1,1,1,1,1,0.672237693,0.1121064587,0.731798214,0.0,175,795
code-review-and-quality,skills,6,9,1,1,1,1,1,1,1,1,1,0.672237693,0.1121064587,0.731798214,0.0,175,795
code-simplification,skills,6,9,1,1,1,1,1,1,1,1,1,0.672237693,0.1121064587,0.731798214,0.0,175,795
composefs-kernel-floors,skills,6,9,1,1,1,1,1,1,1,1,1,0.672237693,0.1121064587,0.731798214,0.0,175,795
context-engineering,skills,6,9,1,1,1,1,1,1,1,1,1,0.672237693,0.1121064587,0.731798214,0.0,175,795
context-isolation,skills,6,9,1,1,1,1,1,1,1,1,1,0.672237693,0.1121064587,0.731798214,0.0,175,795
curve-guided-rsi,skills,6,9,1,1,1,1,1,1,1,1,1,0.672237693,0.1121064587,0.731798214,0.0,175,795
curve-guided-rsi-self,skills,6,9,1,1,1,1,1,1,1,1,1,0.672237693,0.1121064587,0.731798214,0.0,175,795
debug-with-cli,skills,6,9,1,1,1,1,1,1,1,1,1,0.672237693,0.1121064587,0.731798214,0.0,175,795
debugging-and-error-recovery,skills,6,9,1,1,1,1,1,1,1,1,1,0.672237693,0.1121064587,0.731798214,0.0,175,795
deprecation-and-migration,skills,6,9,1,1,1,1,1,1,1,1,1,0.672237693,0.1121064587,0.731798214,0.0,175,795
dm-verity-and-integrity,skills,6,9,1,1,1,1,1,1,1,1,1,0.672237693,0.1121064587,0.731798214,0.0,175,795
docker-bake-action,skills,6,9,1,1,1,1,1,1,1,1,1,0.672237693,0.1121064587,0.731798214,0.0,175,795
docker-build-policy,skills,6,9,1,1,1,1,1,1,1,1,1,0.672237693,0.1121064587,0.731798214,0.0,175,795
docker-build-push-action,skills,6,9,1,1,1,1,1,1,1,1,1,0.672237693,0.1121064587,0.731798214,0.0,175,795
docker-buildx-rootless,skills,6,9,1,1,1,1,1,1,1,1,1,0.672237693,0.1121064587,0.731798214,0.0,175,795
docker-login-action,skills,6,9,1,1,1,1,1,1,1,1,1,0.672237693,0.1121064587,0.731798214,0.0,175,795
docker-metadata-action,skills,6,9,1,1,1,1,1,1,1,1,1,0.672237693,0.1121064587,0.731798214,0.0,175,795
docker-setup-buildx-action,skills,6,9,1,1,1,1,1,1,1,1,1,0.672237693,0.1121064587,0.731798214,0.0,175,795
docker-setup-qemu-action,skills,6,9,1,1,1,1,1,1,1,1,1,0.672237693,0.1121064587,0.731798214,0.0,175,795
documentation-and-adrs,skills,6,9,1,1,1,1,1,1,1,1,1,0.672237693,0.1121064587,0.731798214,0.0,175,795
doubt-driven-development,skills,6,9,1,1,1,1,1,1,1,1,1,0.672237693,0.1121064587,0.731798214,0.0,175,795
drm-gpu-quota-secure-time,skills,6,9,1,1,1,1,1,1,1,1,1,0.672237693,0.1121064587,0.731798214,0.0,175,795
fedora-bootc-base-images,skills,6,9,1,1,1,1,1,1,1,1,1,0.672237693,0.1121064587,0.731798214,0.0,175,795
frontend-ui-engineering,skills,6,9,1,1,1,1,1,1,1,1,1,0.672237693,0.1121064587,0.731798214,0.0,175,795
ftpm-optee-tpm,skills,6,9,1,1,1,1,1,1,1,1,1,0.672237693,0.1121064587,0.731798214,0.0,175,795
git-workflow-and-versioning,skills,6,9,1,1,1,1,1,1,1,1,1,0.672237693,0.1121064587,0.731798214,0.0,175,795
github-actions,skills,6,9,1,1,1,1,1,1,1,1,1,0.672237693,0.1121064587,0.731798214,0.0,175,795
github-api,skills,6,9,1,1,1,1,1,1,1,1,1,0.672237693,0.1121064587,0.731798214,0.0,175,795
github-stacked-pull-requests,skills,6,9,1,1,1,1,1,1,1,1,1,0.672237693,0.1121064587,0.731798214,0.0,175,795
human-for-feasibility,skills,6,9,1,1,1,1,1,1,1,1,1,0.672237693,0.1121064587,0.731798214,0.0,175,795
hyperspherical-harmonic-curve,skills,6,9,1,1,1,1,1,1,1,1,1,0.672237693,0.1121064587,0.731798214,0.0,175,795
idea-kill,skills,6,9,1,1,1,1,1,1,1,1,1,0.672237693,0.1121064587,0.731798214,0.0,175,795
idea-refine,skills,6,9,1,1,1,1,1,1,1,1,1,0.672237693,0.1121064587,0.731798214,0.0,175,795
ideate-solo,skills,6,9,1,1,1,1,1,1,1,1,1,0.672237693,0.1121064587,0.731798214,0.0,175,795
incremental-implementation,skills,6,9,1,1,1,1,1,1,1,1,1,0.672237693,0.1121064587,0.731798214,0.0,175,795
internal-big-picture,skills,6,9,1,1,1,1,1,1,1,1,1,0.672237693,0.1121064587,0.731798214,0.0,175,795
internal-nonlex-tokens,skills,6,9,1,1,1,1,1,1,1,1,1,0.672237693,0.1121064587,0.731798214,0.0,175,795
interview-me,skills,6,9,1,1,1,1,1,1,1,1,1,0.672237693,0.1121064587,0.731798214,0.0,175,795
learned-latent-curve,skills,6,9,1,1,1,1,1,1,1,1,1,0.672237693,0.1121064587,0.731798214,0.0,175,795
linkedin-browser-outreach,skills,6,9,1,1,1,1,1,1,1,1,1,0.672237693,0.1121064587,0.731798214,0.0,175,795
mkosi-image-builder,skills,6,9,1,1,1,1,1,1,1,1,1,0.672237693,0.1121064587,0.731798214,0.0,175,795
negative-skill-space,skills,6,9,1,1,1,1,1,1,1,1,1,0.672237693,0.1121064587,0.731798214,0.0,175,795
novelty-indication,skills,6,9,1,1,1,1,1,1,1,1,1,0.672237693,0.1121064587,0.731798214,0.0,175,795
nspawn-containers,skills,6,9,1,1,1,1,1,1,1,1,1,0.672237693,0.1121064587,0.731798214,0.0,175,795
observability-and-instrumentation,skills,6,9,1,1,1,1,1,1,1,1,1,0.672237693,0.1121064587,0.731798214,0.0,175,795
performance-optimization,skills,6,9,1,1,1,1,1,1,1,1,1,0.672237693,0.1121064587,0.731798214,0.0,175,795
planning-and-task-breakdown,skills,6,9,1,1,1,1,1,1,1,1,1,0.672237693,0.1121064587,0.731798214,0.0,175,795
play-audio-on-rock1,skills,6,9,1,1,1,1,1,1,1,1,1,0.672237693,0.1121064587,0.731798214,0.0,175,795
pr-launch,skills,6,9,1,1,1,1,1,1,1,1,1,0.672237693,0.1121064587,0.731798214,0.0,175,795
prior-art-search,skills,6,9,1,1,1,1,1,1,1,1,1,0.672237693,0.1121064587,0.731798214,0.0,175,795
radio-queue,skills,6,9,1,1,1,1,1,1,1,1,1,0.672237693,0.1121064587,0.731798214,0.0,175,795
recursive-self-improvement,skills,6,9,1,1,1,1,1,1,1,1,1,0.672237693,0.1121064587,0.731798214,0.0,175,795
restful-self,skills,6,9,1,1,1,1,1,1,1,1,1,0.672237693,0.1121064587,0.731798214,0.0,175,795
rootless-container-builds,skills,6,9,1,1,1,1,1,1,1,1,1,0.672237693,0.1121064587,0.731798214,0.0,175,795
security-and-hardening,skills,6,9,1,1,1,1,1,1,1,1,1,0.672237693,0.1121064587,0.731798214,0.0,175,795
self-archaeology,skills,6,9,1,1,1,1,1,1,1,1,1,0.672237693,0.1121064587,0.731798214,0.0,175,795
shipping-and-launch,skills,6,9,1,1,1,1,1,1,1,1,1,0.672237693,0.1121064587,0.731798214,0.0,175,795
sigstore-rekor-v2,skills,6,9,1,1,1,1,1,1,1,1,1,0.672237693,0.1121064587,0.731798214,0.0,175,795
single-action-curve-rsi,skills,6,9,1,1,1,1,1,1,1,1,1,0.672237693,0.1121064587,0.731798214,0.0,175,795
slsa-provenance,skills,6,9,1,1,1,1,1,1,1,1,1,0.672237693,0.1121064587,0.731798214,0.0,175,795
source-driven-development,skills,6,9,1,1,1,1,1,1,1,1,1,0.672237693,0.1121064587,0.731798214,0.0,175,795
spec-driven-development,skills,6,9,1,1,1,1,1,1,1,1,1,0.672237693,0.1121064587,0.731798214,0.0,175,795
systemd-hardening,skills,6,9,1,1,1,1,1,1,1,1,1,0.672237693,0.1121064587,0.731798214,0.0,175,795
systemd-homed,skills,6,9,1,1,1,1,1,1,1,1,1,0.672237693,0.1121064587,0.731798214,0.0,175,795
test-driven-development,skills,6,9,1,1,1,1,1,1,1,1,1,0.672237693,0.1121064587,0.731798214,0.0,175,795
the-cult,skills,6,9,1,1,1,1,1,1,1,1,1,0.672237693,0.1121064587,0.731798214,0.0,175,795
the-follower,skills,6,9,1,1,1,1,1,1,1,1,1,0.672237693,0.1121064587,0.731798214,0.0,175,795
token-efficiency,skills,6,9,1,1,1,1,1,1,1,1,1,0.672237693,0.1121064587,0.731798214,0.0,175,795
using-agent-skills,skills,6,9,1,1,1,1,1,1,1,1,1,0.672237693,0.1121064587,0.731798214,0.0,175,795
yubikey-operations,skills,6,9,1,1,1,1,1,1,1,1,1,0.672237693,0.1121064587,0.731798214,0.0,175,795
ADR,docs,1,9,1,1,1,1,1,1,1,1,1,0.672237693,0.1121064587,0.731798214,0.0,175,795
ARCHITECTURE,docs,1,8,1,1,1,1,0,1,1,1,1,0.6484564351,-0.3633061647,0.6689640368,0.480136277,167,107
BLOCKERS,docs,1,3,0,1,0,0,0,1,0,1,0,-0.900272608,0.095041027,0.4248251811,1.6022834701,51,2
CITATION,docs,1,6,1,1,0,0,0,1,1,1,1,0.3996042456,-0.8949661517,0.1983734715,1.1717790727,125,8
CI_MAP,docs,1,7,1,1,1,1,0,1,1,1,0,0.5609204736,-0.6197204833,0.5489214378,0.7624999093,166,11
FUTURE,docs,1,6,1,1,0,0,0,1,1,1,1,0.3996042456,-0.8949661517,0.1983734715,1.1717790727,125,8
LEARN,docs,1,0,0,0,0,0,0,0,0,0,0,-0.5017214028,0.0548363685,0.8632894107,1.1826875144,0,204
MAINTAINER,docs,1,0,0,0,0,0,0,0,0,0,0,-0.5017214028,0.0548363685,0.8632894107,1.1826875144,0,204
MILESTONE,docs,1,5,0,1,0,0,0,1,1,1,1,-0.3881953534,-0.0699674677,-0.9189172547,1.9704138447,53,2
MISSION,docs,1,7,1,1,0,1,0,1,1,1,1,0.5435009285,-0.6279280211,0.5570575743,0.771205859,137,12
MITIGATE,docs,1,6,1,1,1,0,0,1,1,1,0,0.4263361342,-0.8880371354,0.1721265432,1.1721719859,153,1
ONBOARDING,docs,1,2,0,0,0,0,0,1,0,1,0,-0.7177104618,0.0997056502,0.6891665085,1.3906570804,9,8
OPTS,docs,1,6,1,1,0,0,0,1,1,1,1,0.3996042456,-0.8949661517,0.1983734715,1.1717790727,125,8
PLAN,docs,1,4,1,0,0,0,0,1,1,1,0,-0.5562940654,-0.7164977791,0.420913109,1.5141085869,69,5
PR,docs,1,7,1,1,0,1,0,1,1,1,1,0.5435009285,-0.6279280211,0.5570575743,0.771205859,137,12
SELF,docs,1,6,1,0,1,0,0,1,1,1,1,0.5907366165,-0.7779427743,-0.2140917791,1.3013600354,101,2
SER,docs,1,4,0,0,0,0,0,1,1,1,1,-0.9910510153,0.1247292824,-0.0475446224,1.8368625206,12,1
SOUL,docs,1,5,0,1,0,0,0,1,1,1,1,-0.3881953534,-0.0699674677,-0.9189172547,1.9704138447,53,2
SPEC,docs,1,8,1,1,1,1,0,1,1,1,1,0.6484564351,-0.3633061647,0.6689640368,0.480136277,167,107
THREAT_MODEL,docs,1,8,1,1,1,1,0,1,1,1,1,0.6484564351,-0.3633061647,0.6689640368,0.480136277,167,107
TODO,docs,1,8,1,1,1,1,0,1,1,1,1,0.6484564351,-0.3633061647,0.6689640368,0.480136277,167,107
ADR,docs,2,9,1,1,1,1,1,1,1,1,1,0.672237693,0.1121064587,0.731798214,0.0,175,795
ARCHITECTURE,docs,2,9,1,1,1,1,1,1,1,1,1,0.672237693,0.1121064587,0.731798214,0.0,175,795
BLOCKERS,docs,2,6,1,1,0,1,0,1,1,1,0,0.2476906722,-0.8200520477,0.5159108159,1.0467889102,136,37
CITATION,docs,2,7,1,1,1,0,0,1,1,1,1,0.7817101148,-0.5059332901,0.3646379059,0.7271616286,154,28
CI_MAP,docs,2,8,1,1,1,1,1,1,1,1,0,0.8472372838,0.0669859701,0.5269742543,0.2731548457,174,17
FUTURE,docs,2,7,1,1,1,0,0,1,1,1,1,0.7817101148,-0.5059332901,0.3646379059,0.7271616286,154,28
LEARN,docs,2,4,1,0,0,1,0,1,1,0,0,-0.3207796295,-0.7118927179,0.6247472989,1.2948042108,84,24
MAINTAINER,docs,2,4,1,0,0,1,0,1,1,0,0,-0.3207796295,-0.7118927179,0.6247472989,1.2948042108,84,24
MILESTONE,docs,2,7,1,1,0,1,0,1,1,1,1,0.5435009285,-0.6279280211,0.5570575743,0.771205859,137,12
MISSION,docs,2,8,1,1,1,1,0,1,1,1,1,0.6484564351,-0.3633061647,0.6689640368,0.480136277,167,107
MITIGATE,docs,2,7,1,1,1,1,0,1,1,1,0,0.5609204736,-0.6197204833,0.5489214378,0.7624999093,166,11
ONBOARDING,docs,2,5,1,0,0,1,0,1,1,1,0,-0.1357041146,-0.8994868413,0.4153406019,1.3327551873,86,27
OPTS,docs,2,7,1,1,1,0,0,1,1,1,1,0.7817101148,-0.5059332901,0.3646379059,0.7271616286,154,28
PLAN,docs,2,5,1,1,0,0,0,1,1,1,0,-0.1452095321,-0.9325944306,0.3304267239,1.3859000639,124,7
PR,docs,2,8,1,1,1,1,0,1,1,1,1,0.6484564351,-0.3633061647,0.6689640368,0.480136277,167,107
SELF,docs,2,7,1,1,1,0,0,1,1,1,1,0.7817101148,-0.5059332901,0.3646379059,0.7271616286,154,28
SER,docs,2,6,1,0,0,1,0,1,1,1,1,0.341953054,-0.8930703336,0.2923926951,1.1456637974,87,2
SOUL,docs,2,7,1,1,0,1,0,1,1,1,1,0.5435009285,-0.6279280211,0.5570575743,0.771205859,137,12
SPEC,docs,2,9,1,1,1,1,1,1,1,1,1,0.672237693,0.1121064587,0.731798214,0.0,175,795
THREAT_MODEL,docs,2,9,1,1,1,1,1,1,1,1,1,0.672237693,0.1121064587,0.731798214,0.0,175,795
TODO,docs,2,9,1,1,1,1,1,1,1,1,1,0.672237693,0.1121064587,0.731798214,0.0,175,795
ADR,docs,3,9,1,1,1,1,1,1,1,1,1,0.672237693,0.1121064587,0.731798214,0.0,175,795
ARCHITECTURE,docs,3,9,1,1,1,1,1,1,1,1,1,0.672237693,0.1121064587,0.731798214,0.0,175,795
BLOCKERS,docs,3,8,1,1,1,1,0,1,1,1,1,0.6484564351,-0.3633061647,0.6689640368,0.480136277,167,107
CITATION,docs,3,8,1,1,1,1,0,1,1,1,1,0.6484564351,-0.3633061647,0.6689640368,0.480136277,167,107
CI_MAP,docs,3,9,1,1,1,1,1,1,1,1,1,0.672237693,0.1121064587,0.731798214,0.0,175,795
FUTURE,docs,3,8,1,1,1,1,0,1,1,1,1,0.6484564351,-0.3633061647,0.6689640368,0.480136277,167,107
LEARN,docs,3,5,1,1,0,1,0,1,1,0,0,-0.0425077548,-0.7856011156,0.6172713973,1.1531939716,134,25
MAINTAINER,docs,3,5,1,1,0,1,0,1,1,0,0,-0.0425077548,-0.7856011156,0.6172713973,1.1531939716,134,25
MILESTONE,docs,3,8,1,1,1,1,0,1,1,1,1,0.6484564351,-0.3633061647,0.6689640368,0.480136277,167,107
MISSION,docs,3,9,1,1,1,1,1,1,1,1,1,0.672237693,0.1121064587,0.731798214,0.0,175,795
MITIGATE,docs,3,8,1,1,1,1,1,1,1,1,0,0.8472372838,0.0669859701,0.5269742543,0.2731548457,174,17
ONBOARDING,docs,3,6,1,1,0,1,0,1,1,1,0,0.2476906722,-0.8200520477,0.5159108159,1.0467889102,136,37
OPTS,docs,3,8,1,1,1,1,0,1,1,1,1,0.6484564351,-0.3633061647,0.6689640368,0.480136277,167,107
PLAN,docs,3,7,1,1,1,0,0,1,1,1,1,0.7817101148,-0.5059332901,0.3646379059,0.7271616286,154,28
PR,docs,3,9,1,1,1,1,1,1,1,1,1,0.672237693,0.1121064587,0.731798214,0.0,175,795
SELF,docs,3,8,1,1,1,1,0,1,1,1,1,0.6484564351,-0.3633061647,0.6689640368,0.480136277,167,107
SER,docs,3,7,1,1,0,1,0,1,1,1,1,0.5435009285,-0.6279280211,0.5570575743,0.771205859,137,12
SOUL,docs,3,8,1,1,1,1,0,1,1,1,1,0.6484564351,-0.3633061647,0.6689640368,0.480136277,167,107
SPEC,docs,3,9,1,1,1,1,1,1,1,1,1,0.672237693,0.1121064587,0.731798214,0.0,175,795
THREAT_MODEL,docs,3,9,1,1,1,1,1,1,1,1,1,0.672237693,0.1121064587,0.731798214,0.0,175,795
TODO,docs,3,9,1,1,1,1,1,1,1,1,1,0.672237693,0.1121064587,0.731798214,0.0,175,795
ADR,docs,4,9,1,1,1,1,1,1,1,1,1,0.672237693,0.1121064587,0.731798214,0.0,175,795
ARCHITECTURE,docs,4,9,1,1,1,1,1,1,1,1,1,0.672237693,0.1121064587,0.731798214,0.0,175,795
BLOCKERS,docs,4,9,1,1,1,1,1,1,1,1,1,0.672237693,0.1121064587,0.731798214,0.0,175,795
CITATION,docs,4,9,1,1,1,1,1,1,1,1,1,0.672237693,0.1121064587,0.731798214,0.0,175,795
CI_MAP,docs,4,9,1,1,1,1,1,1,1,1,1,0.672237693,0.1121064587,0.731798214,0.0,175,795
FUTURE,docs,4,9,1,1,1,1,1,1,1,1,1,0.672237693,0.1121064587,0.731798214,0.0,175,795
LEARN,docs,4,7,1,1,1,1,0,1,1,0,1,0.5447508267,-0.5936601918,0.5922956301,0.7306301643,165,35
MAINTAINER,docs,4,7,1,1,1,1,0,1,1,0,1,0.5447508267,-0.5936601918,0.5922956301,0.7306301643,165,35
MILESTONE,docs,4,9,1,1,1,1,1,1,1,1,1,0.672237693,0.1121064587,0.731798214,0.0,175,795
MISSION,docs,4,9,1,1,1,1,1,1,1,1,1,0.672237693,0.1121064587,0.731798214,0.0,175,795
MITIGATE,docs,4,9,1,1,1,1,1,1,1,1,1,0.672237693,0.1121064587,0.731798214,0.0,175,795
ONBOARDING,docs,4,8,1,1,1,1,0,1,1,1,1,0.6484564351,-0.3633061647,0.6689640368,0.480136277,167,107
OPTS,docs,4,9,1,1,1,1,1,1,1,1,1,0.672237693,0.1121064587,0.731798214,0.0,175,795
PLAN,docs,4,8,1,1,1,1,0,1,1,1,1,0.6484564351,-0.3633061647,0.6689640368,0.480136277,167,107
PR,docs,4,9,1,1,1,1,1,1,1,1,1,0.672237693,0.1121064587,0.731798214,0.0,175,795
SELF,docs,4,9,1,1,1,1,1,1,1,1,1,0.672237693,0.1121064587,0.731798214,0.0,175,795
SER,docs,4,8,1,1,1,1,0,1,1,1,1,0.6484564351,-0.3633061647,0.6689640368,0.480136277,167,107
SOUL,docs,4,9,1,1,1,1,1,1,1,1,1,0.672237693,0.1121064587,0.731798214,0.0,175,795
SPEC,docs,4,9,1,1,1,1,1,1,1,1,1,0.672237693,0.1121064587,0.731798214,0.0,175,795
THREAT_MODEL,docs,4,9,1,1,1,1,1,1,1,1,1,0.672237693,0.1121064587,0.731798214,0.0,175,795
TODO,docs,4,9,1,1,1,1,1,1,1,1,1,0.672237693,0.1121064587,0.731798214,0.0,175,795
ADR,docs,5,9,1,1,1,1,1,1,1,1,1,0.672237693,0.1121064587,0.731798214,0.0,175,795
ARCHITECTURE,docs,5,9,1,1,1,1,1,1,1,1,1,0.672237693,0.1121064587,0.731798214,0.0,175,795
BLOCKERS,docs,5,9,1,1,1,1,1,1,1,1,1,0.672237693,0.1121064587,0.731798214,0.0,175,795
CITATION,docs,5,9,1,1,1,1,1,1,1,1,1,0.672237693,0.1121064587,0.731798214,0.0,175,795
CI_MAP,docs,5,9,1,1,1,1,1,1,1,1,1,0.672237693,0.1121064587,0.731798214,0.0,175,795
FUTURE,docs,5,9,1,1,1,1,1,1,1,1,1,0.672237693,0.1121064587,0.731798214,0.0,175,795
LEARN,docs,5,8,1,1,1,1,1,1,1,0,1,0.8276549961,0.026085738,0.5606306642,0.2466828584,173,42
MAINTAINER,docs,5,8,1,1,1,1,1,1,1,0,1,0.8276549961,0.026085738,0.5606306642,0.2466828584,173,42
MILESTONE,docs,5,9,1,1,1,1,1,1,1,1,1,0.672237693,0.1121064587,0.731798214,0.0,175,795
MISSION,docs,5,9,1,1,1,1,1,1,1,1,1,0.672237693,0.1121064587,0.731798214,0.0,175,795
MITIGATE,docs,5,9,1,1,1,1,1,1,1,1,1,0.672237693,0.1121064587,0.731798214,0.0,175,795
ONBOARDING,docs,5,9,1,1,1,1,1,1,1,1,1,0.672237693,0.1121064587,0.731798214,0.0,175,795
OPTS,docs,5,9,1,1,1,1,1,1,1,1,1,0.672237693,0.1121064587,0.731798214,0.0,175,795
PLAN,docs,5,9,1,1,1,1,1,1,1,1,1,0.672237693,0.1121064587,0.731798214,0.0,175,795
PR,docs,5,9,1,1,1,1,1,1,1,1,1,0.672237693,0.1121064587,0.731798214,0.0,175,795
SELF,docs,5,9,1,1,1,1,1,1,1,1,1,0.672237693,0.1121064587,0.731798214,0.0,175,795
SER,docs,5,9,1,1,1,1,1,1,1,1,1,0.672237693,0.1121064587,0.731798214,0.0,175,795
SOUL,docs,5,9,1,1,1,1,1,1,1,1,1,0.672237693,0.1121064587,0.731798214,0.0,175,795
SPEC,docs,5,9,1,1,1,1,1,1,1,1,1,0.672237693,0.1121064587,0.731798214,0.0,175,795
THREAT_MODEL,docs,5,9,1,1,1,1,1,1,1,1,1,0.672237693,0.1121064587,0.731798214,0.0,175,795
TODO,docs,5,9,1,1,1,1,1,1,1,1,1,0.672237693,0.1121064587,0.731798214,0.0,175,795
ADR,docs,6,9,1,1,1,1,1,1,1,1,1,0.672237693,0.1121064587,0.731798214,0.0,175,795
ARCHITECTURE,docs,6,9,1,1,1,1,1,1,1,1,1,0.672237693,0.1121064587,0.731798214,0.0,175,795
BLOCKERS,docs,6,9,1,1,1,1,1,1,1,1,1,0.672237693,0.1121064587,0.731798214,0.0,175,795
CITATION,docs,6,9,1,1,1,1,1,1,1,1,1,0.672237693,0.1121064587,0.731798214,0.0,175,795
CI_MAP,docs,6,9,1,1,1,1,1,1,1,1,1,0.672237693,0.1121064587,0.731798214,0.0,175,795
FUTURE,docs,6,9,1,1,1,1,1,1,1,1,1,0.672237693,0.1121064587,0.731798214,0.0,175,795
LEARN,docs,6,9,1,1,1,1,1,1,1,1,1,0.672237693,0.1121064587,0.731798214,0.0,175,795
MAINTAINER,docs,6,9,1,1,1,1,1,1,1,1,1,0.672237693,0.1121064587,0.731798214,0.0,175,795
MILESTONE,docs,6,9,1,1,1,1,1,1,1,1,1,0.672237693,0.1121064587,0.731798214,0.0,175,795
MISSION,docs,6,9,1,1,1,1,1,1,1,1,1,0.672237693,0.1121064587,0.731798214,0.0,175,795
MITIGATE,docs,6,9,1,1,1,1,1,1,1,1,1,0.672237693,0.1121064587,0.731798214,0.0,175,795
ONBOARDING,docs,6,9,1,1,1,1,1,1,1,1,1,0.672237693,0.1121064587,0.731798214,0.0,175,795
OPTS,docs,6,9,1,1,1,1,1,1,1,1,1,0.672237693,0.1121064587,0.731798214,0.0,175,795
PLAN,docs,6,9,1,1,1,1,1,1,1,1,1,0.672237693,0.1121064587,0.731798214,0.0,175,795
PR,docs,6,9,1,1,1,1,1,1,1,1,1,0.672237693,0.1121064587,0.731798214,0.0,175,795
SELF,docs,6,9,1,1,1,1,1,1,1,1,1,0.672237693,0.1121064587,0.731798214,0.0,175,795
SER,docs,6,9,1,1,1,1,1,1,1,1,1,0.672237693,0.1121064587,0.731798214,0.0,175,795
SOUL,docs,6,9,1,1,1,1,1,1,1,1,1,0.672237693,0.1121064587,0.731798214,0.0,175,795
SPEC,docs,6,9,1,1,1,1,1,1,1,1,1,0.672237693,0.1121064587,0.731798214,0.0,175,795
THREAT_MODEL,docs,6,9,1,1,1,1,1,1,1,1,1,0.672237693,0.1121064587,0.731798214,0.0,175,795
TODO,docs,6,9,1,1,1,1,1,1,1,1,1,0.672237693,0.1121064587,0.731798214,0.0,175,795
0pointer-poettering-systemd-vision-2026-07-23,refs,1,8,1,1,1,0,1,1,1,1,1,0.7600815392,0.3074578287,0.5724908186,0.2669410896,158,8
actions-checkout-v6-includeif-investigation-2026-07-29,refs,1,2,0,0,1,0,0,0,0,1,0,-0.615209575,0.2869308254,0.7342941374,1.2992652758,30,5
adr-033-misbehavior-cutoff-policy-2026-07-28,refs,1,2,1,0,0,0,0,0,1,0,0,-0.6008005183,-0.2994018135,0.7412133912,1.3379289933,61,54
adr-033-prior-art-search-2026-07-28,refs,1,2,0,0,0,1,0,0,0,0,1,-0.7302211853,0.1234397704,0.671966996,1.4037802976,22,1
arm64-ftpm-phase-f0-2026-07-23,refs,1,3,1,0,0,0,0,0,1,1,0,-0.7511334269,-0.3529664822,0.5578648916,1.5074916206,63,21
arm64-path-a-b-board-status-2026-07-23,refs,1,5,1,1,0,0,0,1,1,1,0,-0.1452095321,-0.9325944306,0.3304267239,1.3859000639,124,7
arm64-rk-board-status-2026-07-17,refs,1,1,0,1,0,0,0,0,0,0,0,-0.6081736362,0.0510415649,0.7921613389,1.2832871075,45,8
arm64-zstd-efi-zboot-bcvk-2026-07-23,refs,1,1,0,0,0,0,0,0,0,1,0,-0.5610398353,0.1398786189,0.8158849644,1.236452723,2,33
arxiv-2607.09967-vs-learned-latent-curve-2026-08-04,refs,1,0,0,0,0,0,0,0,0,0,0,-0.5017214028,0.0548363685,0.8632894107,1.1826875144,0,204
assets-repo-repoint-verification-2026-07-28,refs,1,1,0,0,0,1,0,0,0,0,0,-0.6088675156,0.0206835518,0.7930022315,1.2858206077,21,6
attested-bootc-gpu-cutover-2026-07-30,refs,1,8,1,1,1,1,0,1,1,1,1,0.6484564351,-0.3633061647,0.6689640368,0.480136277,167,107
bcvk-swtpm-ci-2026-07-23,refs,1,2,0,0,0,0,0,1,0,1,0,-0.7177104618,0.0997056502,0.6891665085,1.3906570804,9,8
bootc-composefs-sealed-flow-2026-07-22,refs,1,4,1,0,1,0,0,1,0,1,0,-0.893886407,-0.4478466823,-0.0200110089,1.8252422646,98,1
bootc-dev-org-releases-2026-07-23,refs,1,2,0,0,1,0,0,0,0,1,0,-0.615209575,0.2869308254,0.7342941374,1.2992652758,30,5
bootc-upgrade-rollback-sysext-portable-test-spec-2026-08-04,refs,1,9,1,1,1,1,1,1,1,1,1,0.672237693,0.1121064587,0.731798214,0.0,175,795
ci-evidence-2026-07-21,refs,1,4,0,0,1,1,0,0,1,1,0,-0.952321999,0.304779137,-0.0138740015,1.7978720774,42,1
covenant-conflict-policy-2026-07-25,refs,1,6,1,1,0,1,0,1,1,1,0,0.2476906722,-0.8200520477,0.5159108159,1.0467889102,136,37
current-position-evidence-2026-07-25,refs,1,4,1,0,0,0,0,1,1,1,0,-0.5562940654,-0.7164977791,0.420913109,1.5141085869,69,5
curve-guided-rsi-and-self-differential-2026-08-04,refs,1,5,1,0,1,0,0,1,1,0,1,-0.1349934753,-0.990809346,0.0085791329,1.5463153852,100,1
curve-guided-rsi-v1-cycle4-all-skills-2026-08-04,refs,1,9,1,1,1,1,1,1,1,1,1,0.672237693,0.1121064587,0.731798214,0.0,175,795
curve-guided-rsi-v1-cycles-2-3-run-2026-08-04,refs,1,5,0,0,1,0,1,1,0,1,1,-0.0895492767,0.6933845278,0.7149816946,0.9583769489,40,1
curve-guided-rsi-v1-fitness-test-run-2026-08-04,refs,1,7,1,0,1,1,1,1,1,0,1,0.9719605615,0.1832299627,0.1473751938,0.660638038,113,2
curve-guided-rsi-v2-cycle5-deep-research-2026-08-04,refs,1,5,1,0,0,0,0,1,1,1,1,-0.2473192041,-0.9688983734,-0.0083158474,1.6006014988,70,1
customer-roi-model-2026-07-25,refs,1,1,0,0,0,0,0,0,0,1,0,-0.5610398353,0.1398786189,0.8158849644,1.236452723,2,33
customer-roi-model-2026-07-26,refs,1,1,0,0,0,0,0,0,0,1,0,-0.5610398353,0.1398786189,0.8158849644,1.236452723,2,33
cycle4-results-2026-08-06,refs,1,0,0,0,0,0,0,0,0,0,0,-0.5017214028,0.0548363685,0.8632894107,1.1826875144,0,204
cycle5-results-2026-08-06,refs,1,9,1,1,1,1,1,1,1,1,1,0.672237693,0.1121064587,0.731798214,0.0,175,795
days-0-30-safe-offer-2026-07-25,refs,1,3,0,1,0,0,0,0,1,1,0,-0.881287982,0.0671241357,0.4677882461,1.5764411487,50,6
days-31-60-narrow-product-2026-07-25,refs,1,3,0,1,0,0,0,1,0,1,0,-0.900272608,0.095041027,0.4248251811,1.6022834701,51,2
days-61-90-willingness-to-pay-2026-07-25,refs,1,3,1,0,0,0,0,1,0,1,0,-0.7726715457,-0.3647675937,0.519541418,1.5363022221,66,1
debug-with-cli-2026-08-01,refs,1,4,1,0,0,0,0,1,0,1,1,-0.8795212589,-0.4756258842,0.0149121875,1.8075703933,67,2
decisions-deferrals-rejected-models-2026-07-25,refs,1,3,0,1,0,0,0,0,1,1,0,-0.881287982,0.0671241357,0.4677882461,1.5764411487,50,6
differential-curve-use-case-skill-land-grab-detection-2026-08-04,refs,1,4,1,0,1,0,0,1,1,0,0,-0.5079673528,-0.7610449978,0.4034596384,1.5043548905,99,1
digest-bump-checklist-2026-07-25,refs,1,5,1,0,0,1,0,1,1,1,0,-0.1357041146,-0.8994868413,0.4153406019,1.3327551873,86,27
docker-bake-consolidation-2026-07-17,refs,1,2,0,0,0,1,0,0,0,1,0,-0.7040638745,0.1392354019,0.6963530451,1.3770251793,23,3
docker-build-policies-reference-2026-07-23,refs,1,3,1,0,0,1,0,0,1,0,0,-0.5625216293,-0.5148744542,0.6468954421,1.3874235582,81,10
edgeless-reproducible-mkosi-research-2026-07-30,refs,1,4,1,0,0,0,0,1,1,1,0,-0.5562940654,-0.7164977791,0.420913109,1.5141085869,69,5
endlessh-openwrt-fit-2026-07-17,refs,1,0,0,0,0,0,0,0,0,0,0,-0.5017214028,0.0548363685,0.8632894107,1.1826875144,0,204
entity-governance-legal-2026-07-25,refs,1,1,0,0,0,0,0,0,1,0,0,-0.5960860637,-0.0151800402,0.802777037,1.2766694944,4,142
external-benchmarks-sources-2026-07-25,refs,1,2,0,1,0,0,0,0,0,1,0,-0.6905912297,0.1811447672,0.7001930639,1.3649424333,47,5
external-benchmarks-sources-2026-07-26,refs,1,2,0,1,0,0,0,0,0,1,0,-0.6905912297,0.1811447672,0.7001930639,1.3649424333,47,5
fedora-bootc-base-images-status-2026-07-23,refs,1,2,0,0,0,0,0,1,0,1,0,-0.7177104618,0.0997056502,0.6891665085,1.3906570804,9,8
fido2-ci-emulator-status-2026-07-23,refs,1,1,0,0,0,0,0,0,0,1,0,-0.5610398353,0.1398786189,0.8158849644,1.236452723,2,33
firmware-rk-workflow-2026-07-17,refs,1,2,0,1,0,0,0,0,0,0,1,-0.7177785591,0.1694639783,0.6753339175,1.3923445274,46,1
first-90-days-2026-07-25,refs,1,1,0,0,0,0,0,0,0,1,0,-0.5610398353,0.1398786189,0.8158849644,1.236452723,2,33
first-90-days-2026-07-28,refs,1,2,0,0,0,0,0,1,0,1,0,-0.7177104618,0.0997056502,0.6891665085,1.3906570804,9,8
fork-upstream-drift-detection-schedule-2026-08-04,refs,1,1,0,0,0,0,0,0,0,1,0,-0.5610398353,0.1398786189,0.8158849644,1.236452723,2,33
frost-panfrost-lockout-2026-07-17,refs,1,2,0,0,0,0,0,1,0,0,1,-0.742606399,0.0799205684,0.6649424328,1.4167884216,8,2
gap-map-hyperspherical-harmonic-curve-2026-08-05,refs,1,0,0,0,0,0,0,0,0,0,0,-0.5017214028,0.0548363685,0.8632894107,1.1826875144,0,204
hyperspherical-harmonic-curve-2026-08-05,refs,1,1,0,0,0,0,0,0,1,0,0,-0.5960860637,-0.0151800402,0.802777037,1.2766694944,4,142
hyperspherical-harmonic-curve-v1-fit-2026-08-05,refs,1,7,1,1,0,1,0,1,1,1,1,0.5435009285,-0.6279280211,0.5570575743,0.771205859,137,12
image-builder-cli-fork-status-2026-07-23,refs,1,1,0,0,0,0,0,0,0,1,0,-0.5610398353,0.1398786189,0.8158849644,1.236452723,2,33
kernel-rootfs-split-2026-07-29,refs,1,2,0,0,0,0,0,1,0,1,0,-0.7177104618,0.0997056502,0.6891665085,1.3906570804,9,8
learned-latent-curve-rsi-v10-2026-08-03,refs,1,1,0,0,0,0,0,0,1,0,0,-0.5960860637,-0.0151800402,0.802777037,1.2766694944,4,142
learned-latent-curve-rsi-v11-v12-2026-08-03,refs,1,1,0,0,0,0,0,0,1,0,0,-0.5960860637,-0.0151800402,0.802777037,1.2766694944,4,142
learned-latent-curve-skill-quality-map-2026-08-03,refs,1,2,0,0,1,0,0,0,0,1,0,-0.615209575,0.2869308254,0.7342941374,1.2992652758,30,5
learned-latent-curve-yubios-artifact-primitives-coverage-flow-2026-08-04,refs,1,9,1,1,1,1,1,1,1,1,1,0.672237693,0.1121064587,0.731798214,0.0,175,795
libvfio-user-bundle-decision-2026-07-30,refs,1,0,0,0,0,0,0,0,0,0,0,-0.5017214028,0.0548363685,0.8632894107,1.1826875144,0,204
luks-fido2-e2e-test-2026-07-23,refs,1,2,0,0,0,0,0,1,0,1,0,-0.7177104618,0.0997056502,0.6891665085,1.3906570804,9,8
metrics-and-reporting-2026-07-25,refs,1,1,0,0,0,0,0,0,0,1,0,-0.5610398353,0.1398786189,0.8158849644,1.236452723,2,33
mkosi-bcvk-fork-status-2026-07-23,refs,1,4,0,1,0,0,0,1,0,1,1,-0.8865208241,0.4606728359,-0.0431435586,1.7753200796,52,1
naming-licensing-provenance-2026-07-25,refs,1,4,0,1,0,1,0,0,1,1,0,-0.9809988111,-0.1851931748,-0.0578344246,1.8560974421,55,2
negative-skill-space-2026-07-28,refs,1,0,0,0,0,0,0,0,0,0,0,-0.5017214028,0.0548363685,0.8632894107,1.1826875144,0,204
offer-pricing-architecture-2026-07-25,refs,1,2,0,1,0,0,0,0,0,1,0,-0.6905912297,0.1811447672,0.7001930639,1.3649424333,47,5
openwrt-deception-proof-plan-2026-07-17,refs,1,1,0,0,0,0,0,0,0,0,1,-0.5799792611,0.1329904426,0.8037024318,1.2544535295,1,10
openwrt-wireguard-deception-lan-prototype-2026-07-25,refs,1,1,0,0,0,0,0,0,0,0,1,-0.5799792611,0.1329904426,0.8037024318,1.2544535295,1,10
operating-covenant-2026-07-25,refs,1,7,1,1,0,1,0,1,1,1,1,0.5435009285,-0.6279280211,0.5570575743,0.771205859,137,12
org-state-audit-2026-07-23,refs,1,2,0,0,0,0,0,1,0,1,0,-0.7177104618,0.0997056502,0.6891665085,1.3906570804,9,8
osbuild-image-builder-2026-07-23,refs,1,3,0,0,1,0,0,1,0,1,0,-0.8091749584,0.3288308568,0.4869354723,1.5170730605,34,1
package-floor-verification-checklist-2026-08-04,refs,1,4,0,0,1,1,0,1,0,1,0,-0.9246374004,0.3701606504,-0.0895922471,1.8141897143,44,1
pilot-collateral-roi-baseline-2026-07-25,refs,1,4,1,1,0,0,0,0,1,1,0,-0.676885097,-0.6759967795,0.2912986775,1.6233541999,119,7
planning-cycle-2026-07-11,refs,1,2,0,0,0,0,0,1,0,1,0,-0.7177104618,0.0997056502,0.6891665085,1.3906570804,9,8
post-quantum-tls-adoption-2026-07-23,refs,1,3,1,0,0,0,0,0,1,1,0,-0.7511334269,-0.3529664822,0.5578648916,1.5074916206,63,21
pr-campaign-research-2026-07-16,refs,1,5,1,1,0,0,0,1,1,1,0,-0.1452095321,-0.9325944306,0.3304267239,1.3859000639,124,7
pr-friend-map-2026-07-17,refs,1,6,1,1,0,0,0,1,1,1,1,0.3996042456,-0.8949661517,0.1983734715,1.1717790727,125,8
prior-art-autonomous-ideation-skill-2026-07-28,refs,1,0,0,0,0,0,0,0,0,0,0,-0.5017214028,0.0548363685,0.8632894107,1.1826875144,0,204
prior-art-search-rsi-audit-2026-07-30,refs,1,0,0,0,0,0,0,0,0,0,0,-0.5017214028,0.0548363685,0.8632894107,1.1826875144,0,204
prior-art-state-of-art-2026-07-30,refs,1,6,1,1,0,0,0,1,1,1,1,0.3996042456,-0.8949661517,0.1983734715,1.1717790727,125,8
public-security-funding-targets-2026-07-25,refs,1,5,1,0,0,1,0,1,1,1,0,-0.1357041146,-0.8994868413,0.4153406019,1.3327551873,86,27
readiness-gates-gtm-2026-07-25,refs,1,3,0,0,0,0,0,1,1,1,0,-0.8778794923,-0.0831222617,0.4716124327,1.5838794721,11,2
readiness-gates-gtm-2026-07-28,refs,1,4,1,0,0,0,0,1,1,1,0,-0.5562940654,-0.7164977791,0.420913109,1.5141085869,69,5
recursive-self-improvement-audit-2026-07-28,refs,1,0,0,0,0,0,0,0,0,0,0,-0.5017214028,0.0548363685,0.8632894107,1.1826875144,0,204
release-gate-checklist-v2-2026-08-04,refs,1,5,1,0,0,1,0,1,1,1,0,-0.1357041146,-0.8994868413,0.4153406019,1.3327551873,86,27
reproducible-builds-2026-07-22,refs,1,4,0,0,1,0,0,1,1,1,0,-0.9833532617,0.1722519726,-0.0578413402,1.8352464461,36,1
research-refresh-2026-07-11,refs,1,2,0,0,0,1,0,0,0,1,0,-0.7040638745,0.1392354019,0.6963530451,1.3770251793,23,3
rk3588-ddr-tpl-source-2026-07-29,refs,1,0,0,0,0,0,0,0,0,0,0,-0.5017214028,0.0548363685,0.8632894107,1.1826875144,0,204
roadmap-promotion-gates-2026-07-17,refs,1,3,1,0,0,0,0,0,1,0,1,-0.7375852435,-0.4043533192,0.5408016289,1.5135425697,62,4
rsi-five-skill-pass-2026-07-29,refs,1,1,0,0,0,0,0,0,1,0,0,-0.5960860637,-0.0151800402,0.802777037,1.2766694944,4,142
sbsign-pkcs11-validate-2026-07-23,refs,1,1,0,0,0,0,0,0,0,1,0,-0.5610398353,0.1398786189,0.8158849644,1.236452723,2,33
sealed-uki-vm-test-2026-07-30,refs,1,4,1,1,0,0,0,1,0,1,0,-0.6690659661,-0.7080080523,0.2259985196,1.6515194967,121,2
sectime-rk-secure-time-2026-07-17,refs,1,3,1,0,0,0,0,1,1,0,0,-0.5230828202,-0.5272264092,0.6696392138,1.3569824563,68,3
slsa-l3-sbom-cosign-integration-spec-2026-08-04,refs,1,7,1,0,1,1,0,1,1,1,1,0.7224690878,-0.5600626287,0.4054235676,0.7489024536,109,4
systemd-hardening-audit-2026-07-17,refs,1,2,0,0,1,0,0,1,0,0,0,-0.7433103484,0.0953835827,0.662111545,1.4173609787,33,1
systemd-homed-reference-2026-07-23,refs,1,1,0,0,0,0,0,0,0,1,0,-0.5610398353,0.1398786189,0.8158849644,1.236452723,2,33
systemd-unit-directive-reference-2026-07-23,refs,1,4,0,0,1,0,0,1,0,1,1,-0.6669872396,0.7099549071,0.2260355106,1.5513678157,35,1
systemd-upstream-progress-2026-07-21,refs,1,5,0,1,1,0,0,1,0,1,1,-0.148046457,0.9556638034,-0.2545367191,1.5353539269,56,1
systemd-v262-audit-2026-07-14,refs,1,0,0,0,0,0,0,0,0,0,0,-0.5017214028,0.0548363685,0.8632894107,1.1826875144,0,204
team-budget-use-of-funds-2026-07-25,refs,1,3,0,1,0,0,0,0,1,1,0,-0.881287982,0.0671241357,0.4677882461,1.5764411487,50,6
testing-production-gaps-2026-08-01,refs,1,8,1,1,1,1,0,1,1,1,1,0.6484564351,-0.3633061647,0.6689640368,0.480136277,167,107
three-year-revenue-cost-model-2026-07-25,refs,1,1,0,0,0,0,0,0,0,1,0,-0.5610398353,0.1398786189,0.8158849644,1.236452723,2,33
v261-base-image-bump-2026-07-23,refs,1,1,0,0,0,0,0,1,0,0,0,-0.6110039576,-0.0078890963,0.79158823,1.2902259156,7,6
validate-input-shape-doctrine-2026-08-04,refs,1,6,1,0,1,0,0,1,1,1,1,0.5907366165,-0.7779427743,-0.2140917791,1.3013600354,101,2
vgpu-vfio-user-trust-boundary-2026-07-25,refs,1,4,1,0,0,0,0,1,0,1,1,-0.8795212589,-0.4756258842,0.0149121875,1.8075703933,67,2
vm-e2e-run-29525332901,refs,1,1,0,0,0,0,0,0,0,1,0,-0.5610398353,0.1398786189,0.8158849644,1.236452723,2,33
who-pays-and-why-2026-07-25,refs,1,3,0,1,0,0,0,0,0,1,1,-0.7390826087,0.4098160334,0.534609873,1.4557950497,48,2
workflow-dispatch-reachability-spec-2026-08-04,refs,1,2,0,0,1,0,0,0,0,1,0,-0.615209575,0.2869308254,0.7342941374,1.2992652758,30,5
workflow-patterns-deep-dive-2026-07-30,refs,1,6,1,1,1,0,0,1,0,1,1,0.8089183357,-0.4416840044,-0.3880288218,1.2567330922,150,6
workflow-token-scope-audit-script-2026-08-04,refs,1,2,0,0,1,0,0,0,0,1,0,-0.615209575,0.2869308254,0.7342941374,1.2992652758,30,5
yubikey-hw-validation-scenarios-2026-07-25,refs,1,1,0,0,0,0,0,0,0,1,0,-0.5610398353,0.1398786189,0.8158849644,1.236452723,2,33
yubios-ci-strategy-history-2026-07-23,refs,1,5,1,0,1,1,0,1,1,0,0,-0.0702416169,-0.9006245638,0.4288840289,1.2917649373,107,2
yubios-reproducibility-equivalents-2026-07-30,refs,1,2,1,0,0,0,0,0,1,0,0,-0.6008005183,-0.2994018135,0.7412133912,1.3379289933,61,54
yubios-versioning-scheme-2026-08-04,refs,1,4,1,0,0,0,0,1,1,1,0,-0.5562940654,-0.7164977791,0.420913109,1.5141085869,69,5
zboot-workaround-runner-qemu-audit-2026-07-25,refs,1,0,0,0,0,0,0,0,0,0,0,-0.5017214028,0.0548363685,0.8632894107,1.1826875144,0,204
0pointer-poettering-systemd-vision-2026-07-23,refs,2,9,1,1,1,1,1,1,1,1,1,0.672237693,0.1121064587,0.731798214,0.0,175,795
actions-checkout-v6-includeif-investigation-2026-07-29,refs,2,6,1,0,1,1,0,1,1,1,0,0.3655629129,-0.8912217765,0.2684911578,1.1468959833,108,9
adr-033-misbehavior-cutoff-policy-2026-07-28,refs,2,3,1,1,0,0,0,0,1,0,0,-0.6054445241,-0.5036210802,0.6162813771,1.4230025965,117,6
adr-033-prior-art-search-2026-07-28,refs,2,5,1,0,0,1,0,1,1,0,1,-0.0765049248,-0.8889942797,0.4514821892,1.281169493,85,8
arm64-ftpm-phase-f0-2026-07-23,refs,2,4,1,1,0,0,0,0,1,1,0,-0.676885097,-0.6759967795,0.2912986775,1.6233541999,119,7
arm64-path-a-b-board-status-2026-07-23,refs,2,7,1,1,1,0,0,1,1,1,1,0.7817101148,-0.5059332901,0.3646379059,0.7271616286,154,28
arm64-rk-board-status-2026-07-17,refs,2,5,1,1,0,1,0,1,1,0,0,-0.0425077548,-0.7856011156,0.6172713973,1.1531939716,134,25
arm64-zstd-efi-zboot-bcvk-2026-07-23,refs,2,5,1,0,0,1,0,1,1,1,0,-0.1357041146,-0.8994868413,0.4153406019,1.3327551873,86,27
arxiv-2607.09967-vs-learned-latent-curve-2026-08-04,refs,2,4,1,0,0,1,0,1,1,0,0,-0.3207796295,-0.7118927179,0.6247472989,1.2948042108,84,24
assets-repo-repoint-verification-2026-07-28,refs,2,4,1,0,0,1,0,1,1,0,0,-0.3207796295,-0.7118927179,0.6247472989,1.2948042108,84,24
attested-bootc-gpu-cutover-2026-07-30,refs,2,9,1,1,1,1,1,1,1,1,1,0.672237693,0.1121064587,0.731798214,0.0,175,795
bcvk-swtpm-ci-2026-07-23,refs,2,5,1,0,0,1,0,1,1,1,0,-0.1357041146,-0.8994868413,0.4153406019,1.3327551873,86,27
bootc-composefs-sealed-flow-2026-07-22,refs,2,5,1,1,1,0,0,1,0,1,0,-0.1933877839,-0.8673097298,-0.4586665429,1.7679846928,149,1
bootc-dev-org-releases-2026-07-23,refs,2,6,1,0,1,1,0,1,1,1,0,0.3655629129,-0.8912217765,0.2684911578,1.1468959833,108,9
bootc-upgrade-rollback-sysext-portable-test-spec-2026-08-04,refs,2,9,1,1,1,1,1,1,1,1,1,0.672237693,0.1121064587,0.731798214,0.0,175,795
ci-evidence-2026-07-21,refs,2,6,1,0,1,1,0,1,1,1,0,0.3655629129,-0.8912217765,0.2684911578,1.1468959833,108,9
covenant-conflict-policy-2026-07-25,refs,2,8,1,1,1,1,0,1,1,1,1,0.6484564351,-0.3633061647,0.6689640368,0.480136277,167,107
current-position-evidence-2026-07-25,refs,2,5,1,1,0,0,0,1,1,1,0,-0.1452095321,-0.9325944306,0.3304267239,1.3859000639,124,7
curve-guided-rsi-and-self-differential-2026-08-04,refs,2,6,1,1,1,0,0,1,1,0,1,0.4495793054,-0.854537342,0.2600853308,1.0984034046,152,2
curve-guided-rsi-v1-cycle4-all-skills-2026-08-04,refs,2,9,1,1,1,1,1,1,1,1,1,0.672237693,0.1121064587,0.731798214,0.0,175,795
curve-guided-rsi-v1-cycles-2-3-run-2026-08-04,refs,2,8,1,0,1,1,1,1,1,1,1,0.7947194026,0.2585761991,0.5491442619,0.264230241,114,4
curve-guided-rsi-v1-fitness-test-run-2026-08-04,refs,2,8,1,1,1,1,1,1,1,0,1,0.8276549961,0.026085738,0.5606306642,0.2466828584,173,42
curve-guided-rsi-v2-cycle5-deep-research-2026-08-04,refs,2,6,1,1,0,0,0,1,1,1,1,0.3996042456,-0.8949661517,0.1983734715,1.1717790727,125,8
customer-roi-model-2026-07-25,refs,2,5,1,0,0,1,0,1,1,1,0,-0.1357041146,-0.8994868413,0.4153406019,1.3327551873,86,27
customer-roi-model-2026-07-26,refs,2,5,1,0,0,1,0,1,1,1,0,-0.1357041146,-0.8994868413,0.4153406019,1.3327551873,86,27
cycle4-results-2026-08-06,refs,2,4,1,0,0,1,0,1,1,0,0,-0.3207796295,-0.7118927179,0.6247472989,1.2948042108,84,24
cycle5-results-2026-08-06,refs,2,9,1,1,1,1,1,1,1,1,1,0.672237693,0.1121064587,0.731798214,0.0,175,795
days-0-30-safe-offer-2026-07-25,refs,2,6,1,1,0,1,0,1,1,1,0,0.2476906722,-0.8200520477,0.5159108159,1.0467889102,136,37
days-31-60-narrow-product-2026-07-25,refs,2,6,1,1,0,1,0,1,1,1,0,0.2476906722,-0.8200520477,0.5159108159,1.0467889102,136,37
days-61-90-willingness-to-pay-2026-07-25,refs,2,4,1,1,0,0,0,1,0,1,0,-0.6690659661,-0.7080080523,0.2259985196,1.6515194967,121,2
debug-with-cli-2026-08-01,refs,2,5,1,1,0,0,0,1,0,1,1,-0.2085222949,-0.8929814207,-0.3988767162,1.7505329473,122,3
decisions-deferrals-rejected-models-2026-07-25,refs,2,6,1,1,0,1,0,1,1,1,0,0.2476906722,-0.8200520477,0.5159108159,1.0467889102,136,37
differential-curve-use-case-skill-land-grab-detection-2026-08-04,refs,2,5,1,1,1,0,0,1,1,0,0,-0.0704204827,-0.9354210884,0.3464510686,1.3406519125,151,1
digest-bump-checklist-2026-07-25,refs,2,6,1,1,0,1,0,1,1,1,0,0.2476906722,-0.8200520477,0.5159108159,1.0467889102,136,37
docker-bake-consolidation-2026-07-17,refs,2,5,1,0,0,1,0,1,1,1,0,-0.1357041146,-0.8994868413,0.4153406019,1.3327551873,86,27
docker-build-policies-reference-2026-07-23,refs,2,4,1,1,0,1,0,0,1,0,0,-0.3927198808,-0.7461637611,0.5375971883,1.3814761824,131,2
edgeless-reproducible-mkosi-research-2026-07-30,refs,2,5,1,1,0,0,0,1,1,1,0,-0.1452095321,-0.9325944306,0.3304267239,1.3859000639,124,7
endlessh-openwrt-fit-2026-07-17,refs,2,4,1,0,0,1,0,1,1,0,0,-0.3207796295,-0.7118927179,0.6247472989,1.2948042108,84,24
entity-governance-legal-2026-07-25,refs,2,4,1,0,0,1,0,1,1,0,0,-0.3207796295,-0.7118927179,0.6247472989,1.2948042108,84,24
external-benchmarks-sources-2026-07-25,refs,2,6,1,1,0,1,0,1,1,1,0,0.2476906722,-0.8200520477,0.5159108159,1.0467889102,136,37
external-benchmarks-sources-2026-07-26,refs,2,6,1,1,0,1,0,1,1,1,0,0.2476906722,-0.8200520477,0.5159108159,1.0467889102,136,37
fedora-bootc-base-images-status-2026-07-23,refs,2,5,1,0,0,1,0,1,1,1,0,-0.1357041146,-0.8994868413,0.4153406019,1.3327551873,86,27
fido2-ci-emulator-status-2026-07-23,refs,2,5,1,0,0,1,0,1,1,1,0,-0.1357041146,-0.8994868413,0.4153406019,1.3327551873,86,27
firmware-rk-workflow-2026-07-17,refs,2,6,1,1,0,1,0,1,1,0,1,0.2673731571,-0.7859098987,0.5575457165,1.0003562384,135,8
first-90-days-2026-07-25,refs,2,5,1,0,0,1,0,1,1,1,0,-0.1357041146,-0.8994868413,0.4153406019,1.3327551873,86,27
first-90-days-2026-07-28,refs,2,5,1,0,0,1,0,1,1,1,0,-0.1357041146,-0.8994868413,0.4153406019,1.3327551873,86,27
fork-upstream-drift-detection-schedule-2026-08-04,refs,2,5,1,0,0,1,0,1,1,1,0,-0.1357041146,-0.8994868413,0.4153406019,1.3327551873,86,27
frost-panfrost-lockout-2026-07-17,refs,2,5,1,0,0,1,0,1,1,0,1,-0.0765049248,-0.8889942797,0.4514821892,1.281169493,85,8
gap-map-hyperspherical-harmonic-curve-2026-08-05,refs,2,4,1,0,0,1,0,1,1,0,0,-0.3207796295,-0.7118927179,0.6247472989,1.2948042108,84,24
hyperspherical-harmonic-curve-2026-08-05,refs,2,4,1,0,0,1,0,1,1,0,0,-0.3207796295,-0.7118927179,0.6247472989,1.2948042108,84,24
hyperspherical-harmonic-curve-v1-fit-2026-08-05,refs,2,8,1,1,1,1,0,1,1,1,1,0.6484564351,-0.3633061647,0.6689640368,0.480136277,167,107
image-builder-cli-fork-status-2026-07-23,refs,2,5,1,0,0,1,0,1,1,1,0,-0.1357041146,-0.8994868413,0.4153406019,1.3327551873,86,27
kernel-rootfs-split-2026-07-29,refs,2,5,1,0,0,1,0,1,1,1,0,-0.1357041146,-0.8994868413,0.4153406019,1.3327551873,86,27
learned-latent-curve-rsi-v10-2026-08-03,refs,2,4,1,0,0,1,0,1,1,0,0,-0.3207796295,-0.7118927179,0.6247472989,1.2948042108,84,24
learned-latent-curve-rsi-v11-v12-2026-08-03,refs,2,4,1,0,0,1,0,1,1,0,0,-0.3207796295,-0.7118927179,0.6247472989,1.2948042108,84,24
learned-latent-curve-skill-quality-map-2026-08-03,refs,2,6,1,0,1,1,0,1,1,1,0,0.3655629129,-0.8912217765,0.2684911578,1.1468959833,108,9
learned-latent-curve-yubios-artifact-primitives-coverage-flow-2026-08-04,refs,2,9,1,1,1,1,1,1,1,1,1,0.672237693,0.1121064587,0.731798214,0.0,175,795
libvfio-user-bundle-decision-2026-07-30,refs,2,4,1,0,0,1,0,1,1,0,0,-0.3207796295,-0.7118927179,0.6247472989,1.2948042108,84,24
luks-fido2-e2e-test-2026-07-23,refs,2,5,1,0,0,1,0,1,1,1,0,-0.1357041146,-0.8994868413,0.4153406019,1.3327551873,86,27
metrics-and-reporting-2026-07-25,refs,2,5,1,0,0,1,0,1,1,1,0,-0.1357041146,-0.8994868413,0.4153406019,1.3327551873,86,27
mkosi-bcvk-fork-status-2026-07-23,refs,2,7,1,1,0,1,0,1,1,1,1,0.5435009285,-0.6279280211,0.5570575743,0.771205859,137,12
naming-licensing-provenance-2026-07-25,refs,2,6,1,1,0,1,0,1,1,1,0,0.2476906722,-0.8200520477,0.5159108159,1.0467889102,136,37
negative-skill-space-2026-07-28,refs,2,4,1,0,0,1,0,1,1,0,0,-0.3207796295,-0.7118927179,0.6247472989,1.2948042108,84,24
offer-pricing-architecture-2026-07-25,refs,2,6,1,1,0,1,0,1,1,1,0,0.2476906722,-0.8200520477,0.5159108159,1.0467889102,136,37
openwrt-deception-proof-plan-2026-07-17,refs,2,5,1,0,0,1,0,1,1,0,1,-0.0765049248,-0.8889942797,0.4514821892,1.281169493,85,8
openwrt-wireguard-deception-lan-prototype-2026-07-25,refs,2,5,1,0,0,1,0,1,1,0,1,-0.0765049248,-0.8889942797,0.4514821892,1.281169493,85,8
operating-covenant-2026-07-25,refs,2,8,1,1,1,1,0,1,1,1,1,0.6484564351,-0.3633061647,0.6689640368,0.480136277,167,107
org-state-audit-2026-07-23,refs,2,5,1,0,0,1,0,1,1,1,0,-0.1357041146,-0.8994868413,0.4153406019,1.3327551873,86,27
osbuild-image-builder-2026-07-23,refs,2,6,1,0,1,1,0,1,1,1,0,0.3655629129,-0.8912217765,0.2684911578,1.1468959833,108,9
package-floor-verification-checklist-2026-08-04,refs,2,6,1,0,1,1,0,1,1,1,0,0.3655629129,-0.8912217765,0.2684911578,1.1468959833,108,9
pilot-collateral-roi-baseline-2026-07-25,refs,2,6,1,1,1,0,0,0,1,1,1,0.7184766047,-0.5217018004,-0.460020217,1.3506598827,148,4
planning-cycle-2026-07-11,refs,2,5,1,0,0,1,0,1,1,1,0,-0.1357041146,-0.8994868413,0.4153406019,1.3327551873,86,27
post-quantum-tls-adoption-2026-07-23,refs,2,4,1,1,0,0,0,0,1,1,0,-0.676885097,-0.6759967795,0.2912986775,1.6233541999,119,7
pr-campaign-research-2026-07-16,refs,2,7,1,1,1,0,0,1,1,1,1,0.7817101148,-0.5059332901,0.3646379059,0.7271616286,154,28
pr-friend-map-2026-07-17,refs,2,7,1,1,1,0,0,1,1,1,1,0.7817101148,-0.5059332901,0.3646379059,0.7271616286,154,28
prior-art-autonomous-ideation-skill-2026-07-28,refs,2,4,1,0,0,1,0,1,1,0,0,-0.3207796295,-0.7118927179,0.6247472989,1.2948042108,84,24
prior-art-search-rsi-audit-2026-07-30,refs,2,4,1,0,0,1,0,1,1,0,0,-0.3207796295,-0.7118927179,0.6247472989,1.2948042108,84,24
prior-art-state-of-art-2026-07-30,refs,2,7,1,1,1,0,0,1,1,1,1,0.7817101148,-0.5059332901,0.3646379059,0.7271616286,154,28
public-security-funding-targets-2026-07-25,refs,2,6,1,1,0,1,0,1,1,1,0,0.2476906722,-0.8200520477,0.5159108159,1.0467889102,136,37
readiness-gates-gtm-2026-07-25,refs,2,5,1,0,0,1,0,1,1,1,0,-0.1357041146,-0.8994868413,0.4153406019,1.3327551873,86,27
readiness-gates-gtm-2026-07-28,refs,2,5,1,1,0,0,0,1,1,1,0,-0.1452095321,-0.9325944306,0.3304267239,1.3859000639,124,7
recursive-self-improvement-audit-2026-07-28,refs,2,4,1,0,0,1,0,1,1,0,0,-0.3207796295,-0.7118927179,0.6247472989,1.2948042108,84,24
release-gate-checklist-v2-2026-08-04,refs,2,6,1,1,0,1,0,1,1,1,0,0.2476906722,-0.8200520477,0.5159108159,1.0467889102,136,37
reproducible-builds-2026-07-22,refs,2,6,1,0,1,1,0,1,1,1,0,0.3655629129,-0.8912217765,0.2684911578,1.1468959833,108,9
research-refresh-2026-07-11,refs,2,5,1,0,0,1,0,1,1,1,0,-0.1357041146,-0.8994868413,0.4153406019,1.3327551873,86,27
rk3588-ddr-tpl-source-2026-07-29,refs,2,4,1,0,0,1,0,1,1,0,0,-0.3207796295,-0.7118927179,0.6247472989,1.2948042108,84,24
roadmap-promotion-gates-2026-07-17,refs,2,4,1,1,0,0,0,0,1,0,1,-0.6122587307,-0.7355089634,0.2901134459,1.6010835083,118,2
rsi-five-skill-pass-2026-07-29,refs,2,4,1,0,0,1,0,1,1,0,0,-0.3207796295,-0.7118927179,0.6247472989,1.2948042108,84,24
sbsign-pkcs11-validate-2026-07-23,refs,2,5,1,0,0,1,0,1,1,1,0,-0.1357041146,-0.8994868413,0.4153406019,1.3327551873,86,27
sealed-uki-vm-test-2026-07-30,refs,2,6,1,1,1,0,0,1,0,1,1,0.8089183357,-0.4416840044,-0.3880288218,1.2567330922,150,6
sectime-rk-secure-time-2026-07-17,refs,2,4,1,1,0,0,0,1,1,0,0,-0.3518501665,-0.7339769046,0.5809297409,1.3369271849,123,1
slsa-l3-sbom-cosign-integration-spec-2026-08-04,refs,2,8,1,1,1,1,0,1,1,1,1,0.6484564351,-0.3633061647,0.6689640368,0.480136277,167,107
systemd-hardening-audit-2026-07-17,refs,2,5,1,0,1,1,0,1,1,0,0,-0.0702416169,-0.9006245638,0.4288840289,1.2917649373,107,2
systemd-homed-reference-2026-07-23,refs,2,5,1,0,0,1,0,1,1,1,0,-0.1357041146,-0.8994868413,0.4153406019,1.3327551873,86,27
systemd-unit-directive-reference-2026-07-23,refs,2,7,1,0,1,1,0,1,1,1,1,0.7224690878,-0.5600626287,0.4054235676,0.7489024536,109,4
systemd-upstream-progress-2026-07-21,refs,2,8,1,1,1,1,0,1,1,1,1,0.6484564351,-0.3633061647,0.6689640368,0.480136277,167,107
systemd-v262-audit-2026-07-14,refs,2,4,1,0,0,1,0,1,1,0,0,-0.3207796295,-0.7118927179,0.6247472989,1.2948042108,84,24
team-budget-use-of-funds-2026-07-25,refs,2,6,1,1,0,1,0,1,1,1,0,0.2476906722,-0.8200520477,0.5159108159,1.0467889102,136,37
testing-production-gaps-2026-08-01,refs,2,9,1,1,1,1,1,1,1,1,1,0.672237693,0.1121064587,0.731798214,0.0,175,795
three-year-revenue-cost-model-2026-07-25,refs,2,5,1,0,0,1,0,1,1,1,0,-0.1357041146,-0.8994868413,0.4153406019,1.3327551873,86,27
v261-base-image-bump-2026-07-23,refs,2,4,1,0,0,1,0,1,1,0,0,-0.3207796295,-0.7118927179,0.6247472989,1.2948042108,84,24
validate-input-shape-doctrine-2026-08-04,refs,2,7,1,1,1,0,0,1,1,1,1,0.7817101148,-0.5059332901,0.3646379059,0.7271616286,154,28
vgpu-vfio-user-trust-boundary-2026-07-25,refs,2,5,1,1,0,0,0,1,0,1,1,-0.2085222949,-0.8929814207,-0.3988767162,1.7505329473,122,3
vm-e2e-run-29525332901,refs,2,5,1,0,0,1,0,1,1,1,0,-0.1357041146,-0.8994868413,0.4153406019,1.3327551873,86,27
who-pays-and-why-2026-07-25,refs,2,7,1,1,0,1,0,1,1,1,1,0.5435009285,-0.6279280211,0.5570575743,0.771205859,137,12
workflow-dispatch-reachability-spec-2026-08-04,refs,2,6,1,0,1,1,0,1,1,1,0,0.3655629129,-0.8912217765,0.2684911578,1.1468959833,108,9
workflow-patterns-deep-dive-2026-07-30,refs,2,7,1,1,1,1,0,1,0,1,1,0.845136168,-0.3992010235,0.3555044308,0.6579713027,163,6
workflow-token-scope-audit-script-2026-08-04,refs,2,6,1,0,1,1,0,1,1,1,0,0.3655629129,-0.8912217765,0.2684911578,1.1468959833,108,9
yubikey-hw-validation-scenarios-2026-07-25,refs,2,5,1,0,0,1,0,1,1,1,0,-0.1357041146,-0.8994868413,0.4153406019,1.3327551873,86,27
yubios-ci-strategy-history-2026-07-23,refs,2,6,1,1,1,1,0,1,1,0,0,0.2830173972,-0.7898493865,0.5440947524,1.0001246797,164,3
yubios-reproducibility-equivalents-2026-07-30,refs,2,3,1,1,0,0,0,0,1,0,0,-0.6054445241,-0.5036210802,0.6162813771,1.4230025965,117,6
yubios-versioning-scheme-2026-08-04,refs,2,5,1,1,0,0,0,1,1,1,0,-0.1452095321,-0.9325944306,0.3304267239,1.3859000639,124,7
zboot-workaround-runner-qemu-audit-2026-07-25,refs,2,4,1,0,0,1,0,1,1,0,0,-0.3207796295,-0.7118927179,0.6247472989,1.2948042108,84,24
0pointer-poettering-systemd-vision-2026-07-23,refs,3,9,1,1,1,1,1,1,1,1,1,0.672237693,0.1121064587,0.731798214,0.0,175,795
actions-checkout-v6-includeif-investigation-2026-07-29,refs,3,7,1,1,1,1,0,1,1,1,0,0.5609204736,-0.6197204833,0.5489214378,0.7624999093,166,11
adr-033-misbehavior-cutoff-policy-2026-07-28,refs,3,5,1,1,1,0,0,0,1,0,1,-0.1707951222,-0.9360964613,-0.307493807,1.6998710522,146,3
adr-033-prior-art-search-2026-07-28,refs,3,6,1,1,0,1,0,1,1,0,1,0.2673731571,-0.7859098987,0.5575457165,1.0003562384,135,8
arm64-ftpm-phase-f0-2026-07-23,refs,3,6,1,1,1,0,0,0,1,1,1,0.7184766047,-0.5217018004,-0.460020217,1.3506598827,148,4
arm64-path-a-b-board-status-2026-07-23,refs,3,8,1,1,1,1,0,1,1,1,1,0.6484564351,-0.3633061647,0.6689640368,0.480136277,167,107
arm64-rk-board-status-2026-07-17,refs,3,7,1,1,1,1,0,1,1,0,1,0.5447508267,-0.5936601918,0.5922956301,0.7306301643,165,35
arm64-zstd-efi-zboot-bcvk-2026-07-23,refs,3,6,1,1,0,1,0,1,1,1,0,0.2476906722,-0.8200520477,0.5159108159,1.0467889102,136,37
arxiv-2607.09967-vs-learned-latent-curve-2026-08-04,refs,3,5,1,1,0,1,0,1,1,0,0,-0.0425077548,-0.7856011156,0.6172713973,1.1531939716,134,25
assets-repo-repoint-verification-2026-07-28,refs,3,5,1,1,0,1,0,1,1,0,0,-0.0425077548,-0.7856011156,0.6172713973,1.1531939716,134,25
attested-bootc-gpu-cutover-2026-07-30,refs,3,9,1,1,1,1,1,1,1,1,1,0.672237693,0.1121064587,0.731798214,0.0,175,795
bcvk-swtpm-ci-2026-07-23,refs,3,6,1,1,0,1,0,1,1,1,0,0.2476906722,-0.8200520477,0.5159108159,1.0467889102,136,37
bootc-composefs-sealed-flow-2026-07-22,refs,3,6,1,1,1,1,0,1,0,1,0,0.5524262517,-0.830355746,0.0730381516,1.15609455,162,1
bootc-dev-org-releases-2026-07-23,refs,3,7,1,1,1,1,0,1,1,1,0,0.5609204736,-0.6197204833,0.5489214378,0.7624999093,166,11
bootc-upgrade-rollback-sysext-portable-test-spec-2026-08-04,refs,3,9,1,1,1,1,1,1,1,1,1,0.672237693,0.1121064587,0.731798214,0.0,175,795
ci-evidence-2026-07-21,refs,3,7,1,1,1,1,0,1,1,1,0,0.5609204736,-0.6197204833,0.5489214378,0.7624999093,166,11
covenant-conflict-policy-2026-07-25,refs,3,9,1,1,1,1,1,1,1,1,1,0.672237693,0.1121064587,0.731798214,0.0,175,795
current-position-evidence-2026-07-25,refs,3,7,1,1,1,0,0,1,1,1,1,0.7817101148,-0.5059332901,0.3646379059,0.7271616286,154,28
curve-guided-rsi-and-self-differential-2026-08-04,refs,3,7,1,1,1,1,0,1,1,0,1,0.5447508267,-0.5936601918,0.5922956301,0.7306301643,165,35
curve-guided-rsi-v1-cycle4-all-skills-2026-08-04,refs,3,9,1,1,1,1,1,1,1,1,1,0.672237693,0.1121064587,0.731798214,0.0,175,795
curve-guided-rsi-v1-cycles-2-3-run-2026-08-04,refs,3,9,1,1,1,1,1,1,1,1,1,0.672237693,0.1121064587,0.731798214,0.0,175,795
curve-guided-rsi-v1-fitness-test-run-2026-08-04,refs,3,9,1,1,1,1,1,1,1,1,1,0.672237693,0.1121064587,0.731798214,0.0,175,795
curve-guided-rsi-v2-cycle5-deep-research-2026-08-04,refs,3,7,1,1,1,0,0,1,1,1,1,0.7817101148,-0.5059332901,0.3646379059,0.7271616286,154,28
customer-roi-model-2026-07-25,refs,3,6,1,1,0,1,0,1,1,1,0,0.2476906722,-0.8200520477,0.5159108159,1.0467889102,136,37
customer-roi-model-2026-07-26,refs,3,6,1,1,0,1,0,1,1,1,0,0.2476906722,-0.8200520477,0.5159108159,1.0467889102,136,37
cycle4-results-2026-08-06,refs,3,5,1,1,0,1,0,1,1,0,0,-0.0425077548,-0.7856011156,0.6172713973,1.1531939716,134,25
cycle5-results-2026-08-06,refs,3,9,1,1,1,1,1,1,1,1,1,0.672237693,0.1121064587,0.731798214,0.0,175,795
days-0-30-safe-offer-2026-07-25,refs,3,8,1,1,1,1,0,1,1,1,1,0.6484564351,-0.3633061647,0.6689640368,0.480136277,167,107
days-31-60-narrow-product-2026-07-25,refs,3,8,1,1,1,1,0,1,1,1,1,0.6484564351,-0.3633061647,0.6689640368,0.480136277,167,107
days-61-90-willingness-to-pay-2026-07-25,refs,3,6,1,1,1,0,0,1,0,1,1,0.8089183357,-0.4416840044,-0.3880288218,1.2567330922,150,6
debug-with-cli-2026-08-01,refs,3,6,1,1,1,0,0,1,0,1,1,0.8089183357,-0.4416840044,-0.3880288218,1.2567330922,150,6
decisions-deferrals-rejected-models-2026-07-25,refs,3,8,1,1,1,1,0,1,1,1,1,0.6484564351,-0.3633061647,0.6689640368,0.480136277,167,107
differential-curve-use-case-skill-land-grab-detection-2026-08-04,refs,3,6,1,1,1,1,0,1,1,0,0,0.2830173972,-0.7898493865,0.5440947524,1.0001246797,164,3
digest-bump-checklist-2026-07-25,refs,3,8,1,1,1,1,0,1,1,1,1,0.6484564351,-0.3633061647,0.6689640368,0.480136277,167,107
docker-bake-consolidation-2026-07-17,refs,3,6,1,1,0,1,0,1,1,1,0,0.2476906722,-0.8200520477,0.5159108159,1.0467889102,136,37
docker-build-policies-reference-2026-07-23,refs,3,6,1,1,1,1,0,0,1,0,1,0.4999074017,-0.8504288389,0.1639005179,1.1307872133,159,4
edgeless-reproducible-mkosi-research-2026-07-30,refs,3,7,1,1,1,0,0,1,1,1,1,0.7817101148,-0.5059332901,0.3646379059,0.7271616286,154,28
endlessh-openwrt-fit-2026-07-17,refs,3,5,1,1,0,1,0,1,1,0,0,-0.0425077548,-0.7856011156,0.6172713973,1.1531939716,134,25
entity-governance-legal-2026-07-25,refs,3,5,1,1,0,1,0,1,1,0,0,-0.0425077548,-0.7856011156,0.6172713973,1.1531939716,134,25
external-benchmarks-sources-2026-07-25,refs,3,8,1,1,1,1,0,1,1,1,1,0.6484564351,-0.3633061647,0.6689640368,0.480136277,167,107
external-benchmarks-sources-2026-07-26,refs,3,8,1,1,1,1,0,1,1,1,1,0.6484564351,-0.3633061647,0.6689640368,0.480136277,167,107
fedora-bootc-base-images-status-2026-07-23,refs,3,6,1,1,0,1,0,1,1,1,0,0.2476906722,-0.8200520477,0.5159108159,1.0467889102,136,37
fido2-ci-emulator-status-2026-07-23,refs,3,6,1,1,0,1,0,1,1,1,0,0.2476906722,-0.8200520477,0.5159108159,1.0467889102,136,37
firmware-rk-workflow-2026-07-17,refs,3,7,1,1,1,1,0,1,1,0,1,0.5447508267,-0.5936601918,0.5922956301,0.7306301643,165,35
first-90-days-2026-07-25,refs,3,6,1,1,0,1,0,1,1,1,0,0.2476906722,-0.8200520477,0.5159108159,1.0467889102,136,37
first-90-days-2026-07-28,refs,3,6,1,1,0,1,0,1,1,1,0,0.2476906722,-0.8200520477,0.5159108159,1.0467889102,136,37
fork-upstream-drift-detection-schedule-2026-08-04,refs,3,6,1,1,0,1,0,1,1,1,0,0.2476906722,-0.8200520477,0.5159108159,1.0467889102,136,37
frost-panfrost-lockout-2026-07-17,refs,3,6,1,1,0,1,0,1,1,0,1,0.2673731571,-0.7859098987,0.5575457165,1.0003562384,135,8
gap-map-hyperspherical-harmonic-curve-2026-08-05,refs,3,5,1,1,0,1,0,1,1,0,0,-0.0425077548,-0.7856011156,0.6172713973,1.1531939716,134,25
hyperspherical-harmonic-curve-2026-08-05,refs,3,5,1,1,0,1,0,1,1,0,0,-0.0425077548,-0.7856011156,0.6172713973,1.1531939716,134,25
hyperspherical-harmonic-curve-v1-fit-2026-08-05,refs,3,9,1,1,1,1,1,1,1,1,1,0.672237693,0.1121064587,0.731798214,0.0,175,795
image-builder-cli-fork-status-2026-07-23,refs,3,6,1,1,0,1,0,1,1,1,0,0.2476906722,-0.8200520477,0.5159108159,1.0467889102,136,37
kernel-rootfs-split-2026-07-29,refs,3,6,1,1,0,1,0,1,1,1,0,0.2476906722,-0.8200520477,0.5159108159,1.0467889102,136,37
learned-latent-curve-rsi-v10-2026-08-03,refs,3,5,1,1,0,1,0,1,1,0,0,-0.0425077548,-0.7856011156,0.6172713973,1.1531939716,134,25
learned-latent-curve-rsi-v11-v12-2026-08-03,refs,3,5,1,1,0,1,0,1,1,0,0,-0.0425077548,-0.7856011156,0.6172713973,1.1531939716,134,25
learned-latent-curve-skill-quality-map-2026-08-03,refs,3,7,1,1,1,1,0,1,1,1,0,0.5609204736,-0.6197204833,0.5489214378,0.7624999093,166,11
learned-latent-curve-yubios-artifact-primitives-coverage-flow-2026-08-04,refs,3,9,1,1,1,1,1,1,1,1,1,0.672237693,0.1121064587,0.731798214,0.0,175,795
libvfio-user-bundle-decision-2026-07-30,refs,3,5,1,1,0,1,0,1,1,0,0,-0.0425077548,-0.7856011156,0.6172713973,1.1531939716,134,25
luks-fido2-e2e-test-2026-07-23,refs,3,6,1,1,0,1,0,1,1,1,0,0.2476906722,-0.8200520477,0.5159108159,1.0467889102,136,37
metrics-and-reporting-2026-07-25,refs,3,6,1,1,0,1,0,1,1,1,0,0.2476906722,-0.8200520477,0.5159108159,1.0467889102,136,37
mkosi-bcvk-fork-status-2026-07-23,refs,3,8,1,1,1,1,0,1,1,1,1,0.6484564351,-0.3633061647,0.6689640368,0.480136277,167,107
naming-licensing-provenance-2026-07-25,refs,3,8,1,1,1,1,0,1,1,1,1,0.6484564351,-0.3633061647,0.6689640368,0.480136277,167,107
negative-skill-space-2026-07-28,refs,3,5,1,1,0,1,0,1,1,0,0,-0.0425077548,-0.7856011156,0.6172713973,1.1531939716,134,25
offer-pricing-architecture-2026-07-25,refs,3,8,1,1,1,1,0,1,1,1,1,0.6484564351,-0.3633061647,0.6689640368,0.480136277,167,107
openwrt-deception-proof-plan-2026-07-17,refs,3,6,1,1,0,1,0,1,1,0,1,0.2673731571,-0.7859098987,0.5575457165,1.0003562384,135,8
openwrt-wireguard-deception-lan-prototype-2026-07-25,refs,3,6,1,1,0,1,0,1,1,0,1,0.2673731571,-0.7859098987,0.5575457165,1.0003562384,135,8
operating-covenant-2026-07-25,refs,3,9,1,1,1,1,1,1,1,1,1,0.672237693,0.1121064587,0.731798214,0.0,175,795
org-state-audit-2026-07-23,refs,3,6,1,1,0,1,0,1,1,1,0,0.2476906722,-0.8200520477,0.5159108159,1.0467889102,136,37
osbuild-image-builder-2026-07-23,refs,3,7,1,1,1,1,0,1,1,1,0,0.5609204736,-0.6197204833,0.5489214378,0.7624999093,166,11
package-floor-verification-checklist-2026-08-04,refs,3,7,1,1,1,1,0,1,1,1,0,0.5609204736,-0.6197204833,0.5489214378,0.7624999093,166,11
pilot-collateral-roi-baseline-2026-07-25,refs,3,7,1,1,1,1,0,0,1,1,1,0.835023795,-0.4504850744,0.3159089419,0.7183122126,161,8
planning-cycle-2026-07-11,refs,3,6,1,1,0,1,0,1,1,1,0,0.2476906722,-0.8200520477,0.5159108159,1.0467889102,136,37
post-quantum-tls-adoption-2026-07-23,refs,3,6,1,1,1,0,0,0,1,1,1,0.7184766047,-0.5217018004,-0.460020217,1.3506598827,148,4
pr-campaign-research-2026-07-16,refs,3,8,1,1,1,1,0,1,1,1,1,0.6484564351,-0.3633061647,0.6689640368,0.480136277,167,107
pr-friend-map-2026-07-17,refs,3,8,1,1,1,1,0,1,1,1,1,0.6484564351,-0.3633061647,0.6689640368,0.480136277,167,107
prior-art-autonomous-ideation-skill-2026-07-28,refs,3,5,1,1,0,1,0,1,1,0,0,-0.0425077548,-0.7856011156,0.6172713973,1.1531939716,134,25
prior-art-search-rsi-audit-2026-07-30,refs,3,5,1,1,0,1,0,1,1,0,0,-0.0425077548,-0.7856011156,0.6172713973,1.1531939716,134,25
prior-art-state-of-art-2026-07-30,refs,3,8,1,1,1,1,0,1,1,1,1,0.6484564351,-0.3633061647,0.6689640368,0.480136277,167,107
public-security-funding-targets-2026-07-25,refs,3,8,1,1,1,1,0,1,1,1,1,0.6484564351,-0.3633061647,0.6689640368,0.480136277,167,107
readiness-gates-gtm-2026-07-25,refs,3,6,1,1,0,1,0,1,1,1,0,0.2476906722,-0.8200520477,0.5159108159,1.0467889102,136,37
readiness-gates-gtm-2026-07-28,refs,3,7,1,1,1,0,0,1,1,1,1,0.7817101148,-0.5059332901,0.3646379059,0.7271616286,154,28
recursive-self-improvement-audit-2026-07-28,refs,3,5,1,1,0,1,0,1,1,0,0,-0.0425077548,-0.7856011156,0.6172713973,1.1531939716,134,25
release-gate-checklist-v2-2026-08-04,refs,3,8,1,1,1,1,0,1,1,1,1,0.6484564351,-0.3633061647,0.6689640368,0.480136277,167,107
reproducible-builds-2026-07-22,refs,3,7,1,1,1,1,0,1,1,1,0,0.5609204736,-0.6197204833,0.5489214378,0.7624999093,166,11
research-refresh-2026-07-11,refs,3,6,1,1,0,1,0,1,1,1,0,0.2476906722,-0.8200520477,0.5159108159,1.0467889102,136,37
rk3588-ddr-tpl-source-2026-07-29,refs,3,5,1,1,0,1,0,1,1,0,0,-0.0425077548,-0.7856011156,0.6172713973,1.1531939716,134,25
roadmap-promotion-gates-2026-07-17,refs,3,5,1,1,1,0,0,0,1,0,1,-0.1707951222,-0.9360964613,-0.307493807,1.6998710522,146,3
rsi-five-skill-pass-2026-07-29,refs,3,5,1,1,0,1,0,1,1,0,0,-0.0425077548,-0.7856011156,0.6172713973,1.1531939716,134,25
sbsign-pkcs11-validate-2026-07-23,refs,3,6,1,1,0,1,0,1,1,1,0,0.2476906722,-0.8200520477,0.5159108159,1.0467889102,136,37
sealed-uki-vm-test-2026-07-30,refs,3,7,1,1,1,1,0,1,0,1,1,0.845136168,-0.3992010235,0.3555044308,0.6579713027,163,6
sectime-rk-secure-time-2026-07-17,refs,3,6,1,1,1,0,0,1,1,0,1,0.4495793054,-0.854537342,0.2600853308,1.0984034046,152,2
slsa-l3-sbom-cosign-integration-spec-2026-08-04,refs,3,9,1,1,1,1,1,1,1,1,1,0.672237693,0.1121064587,0.731798214,0.0,175,795
systemd-hardening-audit-2026-07-17,refs,3,6,1,1,1,1,0,1,1,0,0,0.2830173972,-0.7898493865,0.5440947524,1.0001246797,164,3
systemd-homed-reference-2026-07-23,refs,3,6,1,1,0,1,0,1,1,1,0,0.2476906722,-0.8200520477,0.5159108159,1.0467889102,136,37
systemd-unit-directive-reference-2026-07-23,refs,3,8,1,1,1,1,0,1,1,1,1,0.6484564351,-0.3633061647,0.6689640368,0.480136277,167,107
systemd-upstream-progress-2026-07-21,refs,3,9,1,1,1,1,1,1,1,1,1,0.672237693,0.1121064587,0.731798214,0.0,175,795
systemd-v262-audit-2026-07-14,refs,3,5,1,1,0,1,0,1,1,0,0,-0.0425077548,-0.7856011156,0.6172713973,1.1531939716,134,25
team-budget-use-of-funds-2026-07-25,refs,3,8,1,1,1,1,0,1,1,1,1,0.6484564351,-0.3633061647,0.6689640368,0.480136277,167,107
testing-production-gaps-2026-08-01,refs,3,9,1,1,1,1,1,1,1,1,1,0.672237693,0.1121064587,0.731798214,0.0,175,795
three-year-revenue-cost-model-2026-07-25,refs,3,6,1,1,0,1,0,1,1,1,0,0.2476906722,-0.8200520477,0.5159108159,1.0467889102,136,37
v261-base-image-bump-2026-07-23,refs,3,5,1,1,0,1,0,1,1,0,0,-0.0425077548,-0.7856011156,0.6172713973,1.1531939716,134,25
validate-input-shape-doctrine-2026-08-04,refs,3,8,1,1,1,1,0,1,1,1,1,0.6484564351,-0.3633061647,0.6689640368,0.480136277,167,107
vgpu-vfio-user-trust-boundary-2026-07-25,refs,3,6,1,1,1,0,0,1,0,1,1,0.8089183357,-0.4416840044,-0.3880288218,1.2567330922,150,6
vm-e2e-run-29525332901,refs,3,6,1,1,0,1,0,1,1,1,0,0.2476906722,-0.8200520477,0.5159108159,1.0467889102,136,37
who-pays-and-why-2026-07-25,refs,3,8,1,1,1,1,0,1,1,1,1,0.6484564351,-0.3633061647,0.6689640368,0.480136277,167,107
workflow-dispatch-reachability-spec-2026-08-04,refs,3,7,1,1,1,1,0,1,1,1,0,0.5609204736,-0.6197204833,0.5489214378,0.7624999093,166,11
workflow-patterns-deep-dive-2026-07-30,refs,3,9,1,1,1,1,1,1,1,1,1,0.672237693,0.1121064587,0.731798214,0.0,175,795
workflow-token-scope-audit-script-2026-08-04,refs,3,7,1,1,1,1,0,1,1,1,0,0.5609204736,-0.6197204833,0.5489214378,0.7624999093,166,11
yubikey-hw-validation-scenarios-2026-07-25,refs,3,6,1,1,0,1,0,1,1,1,0,0.2476906722,-0.8200520477,0.5159108159,1.0467889102,136,37
yubios-ci-strategy-history-2026-07-23,refs,3,7,1,1,1,1,1,1,1,0,0,0.9687242055,-0.1799281117,0.1708779923,0.6984410767,172,4
yubios-reproducibility-equivalents-2026-07-30,refs,3,5,1,1,1,0,0,0,1,0,1,-0.1707951222,-0.9360964613,-0.307493807,1.6998710522,146,3
yubios-versioning-scheme-2026-08-04,refs,3,7,1,1,1,0,0,1,1,1,1,0.7817101148,-0.5059332901,0.3646379059,0.7271616286,154,28
zboot-workaround-runner-qemu-audit-2026-07-25,refs,3,5,1,1,0,1,0,1,1,0,0,-0.0425077548,-0.7856011156,0.6172713973,1.1531939716,134,25
0pointer-poettering-systemd-vision-2026-07-23,refs,4,9,1,1,1,1,1,1,1,1,1,0.672237693,0.1121064587,0.731798214,0.0,175,795
actions-checkout-v6-includeif-investigation-2026-07-29,refs,4,8,1,1,1,1,1,1,1,1,0,0.8472372838,0.0669859701,0.5269742543,0.2731548457,174,17
adr-033-misbehavior-cutoff-policy-2026-07-28,refs,4,6,1,1,1,1,0,0,1,0,1,0.4999074017,-0.8504288389,0.1639005179,1.1307872133,159,4
adr-033-prior-art-search-2026-07-28,refs,4,7,1,1,1,1,0,1,1,0,1,0.5447508267,-0.5936601918,0.5922956301,0.7306301643,165,35
arm64-ftpm-phase-f0-2026-07-23,refs,4,7,1,1,1,1,0,0,1,1,1,0.835023795,-0.4504850744,0.3159089419,0.7183122126,161,8
arm64-path-a-b-board-status-2026-07-23,refs,4,9,1,1,1,1,1,1,1,1,1,0.672237693,0.1121064587,0.731798214,0.0,175,795
arm64-rk-board-status-2026-07-17,refs,4,8,1,1,1,1,1,1,1,0,1,0.8276549961,0.026085738,0.5606306642,0.2466828584,173,42
arm64-zstd-efi-zboot-bcvk-2026-07-23,refs,4,8,1,1,1,1,0,1,1,1,1,0.6484564351,-0.3633061647,0.6689640368,0.480136277,167,107
arxiv-2607.09967-vs-learned-latent-curve-2026-08-04,refs,4,7,1,1,1,1,0,1,1,0,1,0.5447508267,-0.5936601918,0.5922956301,0.7306301643,165,35
assets-repo-repoint-verification-2026-07-28,refs,4,7,1,1,1,1,0,1,1,0,1,0.5447508267,-0.5936601918,0.5922956301,0.7306301643,165,35
attested-bootc-gpu-cutover-2026-07-30,refs,4,9,1,1,1,1,1,1,1,1,1,0.672237693,0.1121064587,0.731798214,0.0,175,795
bcvk-swtpm-ci-2026-07-23,refs,4,8,1,1,1,1,0,1,1,1,1,0.6484564351,-0.3633061647,0.6689640368,0.480136277,167,107
bootc-composefs-sealed-flow-2026-07-22,refs,4,8,1,1,1,1,1,1,1,1,0,0.8472372838,0.0669859701,0.5269742543,0.2731548457,174,17
bootc-dev-org-releases-2026-07-23,refs,4,8,1,1,1,1,1,1,1,1,0,0.8472372838,0.0669859701,0.5269742543,0.2731548457,174,17
bootc-upgrade-rollback-sysext-portable-test-spec-2026-08-04,refs,4,9,1,1,1,1,1,1,1,1,1,0.672237693,0.1121064587,0.731798214,0.0,175,795
ci-evidence-2026-07-21,refs,4,8,1,1,1,1,1,1,1,1,0,0.8472372838,0.0669859701,0.5269742543,0.2731548457,174,17
covenant-conflict-policy-2026-07-25,refs,4,9,1,1,1,1,1,1,1,1,1,0.672237693,0.1121064587,0.731798214,0.0,175,795
current-position-evidence-2026-07-25,refs,4,8,1,1,1,1,0,1,1,1,1,0.6484564351,-0.3633061647,0.6689640368,0.480136277,167,107
curve-guided-rsi-and-self-differential-2026-08-04,refs,4,8,1,1,1,1,1,1,1,0,1,0.8276549961,0.026085738,0.5606306642,0.2466828584,173,42
curve-guided-rsi-v1-cycle4-all-skills-2026-08-04,refs,4,9,1,1,1,1,1,1,1,1,1,0.672237693,0.1121064587,0.731798214,0.0,175,795
curve-guided-rsi-v1-cycles-2-3-run-2026-08-04,refs,4,9,1,1,1,1,1,1,1,1,1,0.672237693,0.1121064587,0.731798214,0.0,175,795
curve-guided-rsi-v1-fitness-test-run-2026-08-04,refs,4,9,1,1,1,1,1,1,1,1,1,0.672237693,0.1121064587,0.731798214,0.0,175,795
curve-guided-rsi-v2-cycle5-deep-research-2026-08-04,refs,4,8,1,1,1,1,0,1,1,1,1,0.6484564351,-0.3633061647,0.6689640368,0.480136277,167,107
customer-roi-model-2026-07-25,refs,4,8,1,1,1,1,0,1,1,1,1,0.6484564351,-0.3633061647,0.6689640368,0.480136277,167,107
customer-roi-model-2026-07-26,refs,4,8,1,1,1,1,0,1,1,1,1,0.6484564351,-0.3633061647,0.6689640368,0.480136277,167,107
cycle4-results-2026-08-06,refs,4,7,1,1,1,1,0,1,1,0,1,0.5447508267,-0.5936601918,0.5922956301,0.7306301643,165,35
cycle5-results-2026-08-06,refs,4,9,1,1,1,1,1,1,1,1,1,0.672237693,0.1121064587,0.731798214,0.0,175,795
days-0-30-safe-offer-2026-07-25,refs,4,9,1,1,1,1,1,1,1,1,1,0.672237693,0.1121064587,0.731798214,0.0,175,795
days-31-60-narrow-product-2026-07-25,refs,4,9,1,1,1,1,1,1,1,1,1,0.672237693,0.1121064587,0.731798214,0.0,175,795
days-61-90-willingness-to-pay-2026-07-25,refs,4,7,1,1,1,1,0,1,0,1,1,0.845136168,-0.3992010235,0.3555044308,0.6579713027,163,6
debug-with-cli-2026-08-01,refs,4,7,1,1,1,1,0,1,0,1,1,0.845136168,-0.3992010235,0.3555044308,0.6579713027,163,6
decisions-deferrals-rejected-models-2026-07-25,refs,4,9,1,1,1,1,1,1,1,1,1,0.672237693,0.1121064587,0.731798214,0.0,175,795
differential-curve-use-case-skill-land-grab-detection-2026-08-04,refs,4,7,1,1,1,1,1,1,1,0,0,0.9687242055,-0.1799281117,0.1708779923,0.6984410767,172,4
digest-bump-checklist-2026-07-25,refs,4,9,1,1,1,1,1,1,1,1,1,0.672237693,0.1121064587,0.731798214,0.0,175,795
docker-bake-consolidation-2026-07-17,refs,4,8,1,1,1,1,0,1,1,1,1,0.6484564351,-0.3633061647,0.6689640368,0.480136277,167,107
docker-build-policies-reference-2026-07-23,refs,4,7,1,1,1,1,1,0,1,0,1,0.8947436569,0.3892494852,0.2189032359,0.6240019389,168,6
edgeless-reproducible-mkosi-research-2026-07-30,refs,4,8,1,1,1,1,0,1,1,1,1,0.6484564351,-0.3633061647,0.6689640368,0.480136277,167,107
endlessh-openwrt-fit-2026-07-17,refs,4,7,1,1,1,1,0,1,1,0,1,0.5447508267,-0.5936601918,0.5922956301,0.7306301643,165,35
entity-governance-legal-2026-07-25,refs,4,7,1,1,1,1,0,1,1,0,1,0.5447508267,-0.5936601918,0.5922956301,0.7306301643,165,35
external-benchmarks-sources-2026-07-25,refs,4,9,1,1,1,1,1,1,1,1,1,0.672237693,0.1121064587,0.731798214,0.0,175,795
external-benchmarks-sources-2026-07-26,refs,4,9,1,1,1,1,1,1,1,1,1,0.672237693,0.1121064587,0.731798214,0.0,175,795
fedora-bootc-base-images-status-2026-07-23,refs,4,8,1,1,1,1,0,1,1,1,1,0.6484564351,-0.3633061647,0.6689640368,0.480136277,167,107
fido2-ci-emulator-status-2026-07-23,refs,4,8,1,1,1,1,0,1,1,1,1,0.6484564351,-0.3633061647,0.6689640368,0.480136277,167,107
firmware-rk-workflow-2026-07-17,refs,4,8,1,1,1,1,1,1,1,0,1,0.8276549961,0.026085738,0.5606306642,0.2466828584,173,42
first-90-days-2026-07-25,refs,4,8,1,1,1,1,0,1,1,1,1,0.6484564351,-0.3633061647,0.6689640368,0.480136277,167,107
first-90-days-2026-07-28,refs,4,8,1,1,1,1,0,1,1,1,1,0.6484564351,-0.3633061647,0.6689640368,0.480136277,167,107
fork-upstream-drift-detection-schedule-2026-08-04,refs,4,8,1,1,1,1,0,1,1,1,1,0.6484564351,-0.3633061647,0.6689640368,0.480136277,167,107
frost-panfrost-lockout-2026-07-17,refs,4,7,1,1,1,1,0,1,1,0,1,0.5447508267,-0.5936601918,0.5922956301,0.7306301643,165,35
gap-map-hyperspherical-harmonic-curve-2026-08-05,refs,4,7,1,1,1,1,0,1,1,0,1,0.5447508267,-0.5936601918,0.5922956301,0.7306301643,165,35
hyperspherical-harmonic-curve-2026-08-05,refs,4,7,1,1,1,1,0,1,1,0,1,0.5447508267,-0.5936601918,0.5922956301,0.7306301643,165,35
hyperspherical-harmonic-curve-v1-fit-2026-08-05,refs,4,9,1,1,1,1,1,1,1,1,1,0.672237693,0.1121064587,0.731798214,0.0,175,795
image-builder-cli-fork-status-2026-07-23,refs,4,8,1,1,1,1,0,1,1,1,1,0.6484564351,-0.3633061647,0.6689640368,0.480136277,167,107
kernel-rootfs-split-2026-07-29,refs,4,8,1,1,1,1,0,1,1,1,1,0.6484564351,-0.3633061647,0.6689640368,0.480136277,167,107
learned-latent-curve-rsi-v10-2026-08-03,refs,4,7,1,1,1,1,0,1,1,0,1,0.5447508267,-0.5936601918,0.5922956301,0.7306301643,165,35
learned-latent-curve-rsi-v11-v12-2026-08-03,refs,4,7,1,1,1,1,0,1,1,0,1,0.5447508267,-0.5936601918,0.5922956301,0.7306301643,165,35
learned-latent-curve-skill-quality-map-2026-08-03,refs,4,8,1,1,1,1,1,1,1,1,0,0.8472372838,0.0669859701,0.5269742543,0.2731548457,174,17
learned-latent-curve-yubios-artifact-primitives-coverage-flow-2026-08-04,refs,4,9,1,1,1,1,1,1,1,1,1,0.672237693,0.1121064587,0.731798214,0.0,175,795
libvfio-user-bundle-decision-2026-07-30,refs,4,7,1,1,1,1,0,1,1,0,1,0.5447508267,-0.5936601918,0.5922956301,0.7306301643,165,35
luks-fido2-e2e-test-2026-07-23,refs,4,8,1,1,1,1,0,1,1,1,1,0.6484564351,-0.3633061647,0.6689640368,0.480136277,167,107
metrics-and-reporting-2026-07-25,refs,4,8,1,1,1,1,0,1,1,1,1,0.6484564351,-0.3633061647,0.6689640368,0.480136277,167,107
mkosi-bcvk-fork-status-2026-07-23,refs,4,9,1,1,1,1,1,1,1,1,1,0.672237693,0.1121064587,0.731798214,0.0,175,795
naming-licensing-provenance-2026-07-25,refs,4,9,1,1,1,1,1,1,1,1,1,0.672237693,0.1121064587,0.731798214,0.0,175,795
negative-skill-space-2026-07-28,refs,4,7,1,1,1,1,0,1,1,0,1,0.5447508267,-0.5936601918,0.5922956301,0.7306301643,165,35
offer-pricing-architecture-2026-07-25,refs,4,9,1,1,1,1,1,1,1,1,1,0.672237693,0.1121064587,0.731798214,0.0,175,795
openwrt-deception-proof-plan-2026-07-17,refs,4,7,1,1,1,1,0,1,1,0,1,0.5447508267,-0.5936601918,0.5922956301,0.7306301643,165,35
openwrt-wireguard-deception-lan-prototype-2026-07-25,refs,4,7,1,1,1,1,0,1,1,0,1,0.5447508267,-0.5936601918,0.5922956301,0.7306301643,165,35
operating-covenant-2026-07-25,refs,4,9,1,1,1,1,1,1,1,1,1,0.672237693,0.1121064587,0.731798214,0.0,175,795
org-state-audit-2026-07-23,refs,4,8,1,1,1,1,0,1,1,1,1,0.6484564351,-0.3633061647,0.6689640368,0.480136277,167,107
osbuild-image-builder-2026-07-23,refs,4,8,1,1,1,1,1,1,1,1,0,0.8472372838,0.0669859701,0.5269742543,0.2731548457,174,17
package-floor-verification-checklist-2026-08-04,refs,4,8,1,1,1,1,1,1,1,1,0,0.8472372838,0.0669859701,0.5269742543,0.2731548457,174,17
pilot-collateral-roi-baseline-2026-07-25,refs,4,8,1,1,1,1,1,0,1,1,1,0.7275151259,0.3525856783,0.5885618753,0.2853112307,170,8
planning-cycle-2026-07-11,refs,4,8,1,1,1,1,0,1,1,1,1,0.6484564351,-0.3633061647,0.6689640368,0.480136277,167,107
post-quantum-tls-adoption-2026-07-23,refs,4,7,1,1,1,1,0,0,1,1,1,0.835023795,-0.4504850744,0.3159089419,0.7183122126,161,8
pr-campaign-research-2026-07-16,refs,4,9,1,1,1,1,1,1,1,1,1,0.672237693,0.1121064587,0.731798214,0.0,175,795
pr-friend-map-2026-07-17,refs,4,9,1,1,1,1,1,1,1,1,1,0.672237693,0.1121064587,0.731798214,0.0,175,795
prior-art-autonomous-ideation-skill-2026-07-28,refs,4,7,1,1,1,1,0,1,1,0,1,0.5447508267,-0.5936601918,0.5922956301,0.7306301643,165,35
prior-art-search-rsi-audit-2026-07-30,refs,4,7,1,1,1,1,0,1,1,0,1,0.5447508267,-0.5936601918,0.5922956301,0.7306301643,165,35
prior-art-state-of-art-2026-07-30,refs,4,9,1,1,1,1,1,1,1,1,1,0.672237693,0.1121064587,0.731798214,0.0,175,795
public-security-funding-targets-2026-07-25,refs,4,9,1,1,1,1,1,1,1,1,1,0.672237693,0.1121064587,0.731798214,0.0,175,795
readiness-gates-gtm-2026-07-25,refs,4,8,1,1,1,1,0,1,1,1,1,0.6484564351,-0.3633061647,0.6689640368,0.480136277,167,107
readiness-gates-gtm-2026-07-28,refs,4,8,1,1,1,1,0,1,1,1,1,0.6484564351,-0.3633061647,0.6689640368,0.480136277,167,107
recursive-self-improvement-audit-2026-07-28,refs,4,7,1,1,1,1,0,1,1,0,1,0.5447508267,-0.5936601918,0.5922956301,0.7306301643,165,35
release-gate-checklist-v2-2026-08-04,refs,4,9,1,1,1,1,1,1,1,1,1,0.672237693,0.1121064587,0.731798214,0.0,175,795
reproducible-builds-2026-07-22,refs,4,8,1,1,1,1,1,1,1,1,0,0.8472372838,0.0669859701,0.5269742543,0.2731548457,174,17
research-refresh-2026-07-11,refs,4,8,1,1,1,1,0,1,1,1,1,0.6484564351,-0.3633061647,0.6689640368,0.480136277,167,107
rk3588-ddr-tpl-source-2026-07-29,refs,4,7,1,1,1,1,0,1,1,0,1,0.5447508267,-0.5936601918,0.5922956301,0.7306301643,165,35
roadmap-promotion-gates-2026-07-17,refs,4,6,1,1,1,1,0,0,1,0,1,0.4999074017,-0.8504288389,0.1639005179,1.1307872133,159,4
rsi-five-skill-pass-2026-07-29,refs,4,7,1,1,1,1,0,1,1,0,1,0.5447508267,-0.5936601918,0.5922956301,0.7306301643,165,35
sbsign-pkcs11-validate-2026-07-23,refs,4,8,1,1,1,1,0,1,1,1,1,0.6484564351,-0.3633061647,0.6689640368,0.480136277,167,107
sealed-uki-vm-test-2026-07-30,refs,4,9,1,1,1,1,1,1,1,1,1,0.672237693,0.1121064587,0.731798214,0.0,175,795
sectime-rk-secure-time-2026-07-17,refs,4,7,1,1,1,1,0,1,1,0,1,0.5447508267,-0.5936601918,0.5922956301,0.7306301643,165,35
slsa-l3-sbom-cosign-integration-spec-2026-08-04,refs,4,9,1,1,1,1,1,1,1,1,1,0.672237693,0.1121064587,0.731798214,0.0,175,795
systemd-hardening-audit-2026-07-17,refs,4,7,1,1,1,1,1,1,1,0,0,0.9687242055,-0.1799281117,0.1708779923,0.6984410767,172,4
systemd-homed-reference-2026-07-23,refs,4,8,1,1,1,1,0,1,1,1,1,0.6484564351,-0.3633061647,0.6689640368,0.480136277,167,107
systemd-unit-directive-reference-2026-07-23,refs,4,9,1,1,1,1,1,1,1,1,1,0.672237693,0.1121064587,0.731798214,0.0,175,795
systemd-upstream-progress-2026-07-21,refs,4,9,1,1,1,1,1,1,1,1,1,0.672237693,0.1121064587,0.731798214,0.0,175,795
systemd-v262-audit-2026-07-14,refs,4,7,1,1,1,1,0,1,1,0,1,0.5447508267,-0.5936601918,0.5922956301,0.7306301643,165,35
team-budget-use-of-funds-2026-07-25,refs,4,9,1,1,1,1,1,1,1,1,1,0.672237693,0.1121064587,0.731798214,0.0,175,795
testing-production-gaps-2026-08-01,refs,4,9,1,1,1,1,1,1,1,1,1,0.672237693,0.1121064587,0.731798214,0.0,175,795
three-year-revenue-cost-model-2026-07-25,refs,4,8,1,1,1,1,0,1,1,1,1,0.6484564351,-0.3633061647,0.6689640368,0.480136277,167,107
v261-base-image-bump-2026-07-23,refs,4,7,1,1,1,1,0,1,1,0,1,0.5447508267,-0.5936601918,0.5922956301,0.7306301643,165,35
validate-input-shape-doctrine-2026-08-04,refs,4,9,1,1,1,1,1,1,1,1,1,0.672237693,0.1121064587,0.731798214,0.0,175,795
vgpu-vfio-user-trust-boundary-2026-07-25,refs,4,7,1,1,1,1,0,1,0,1,1,0.845136168,-0.3992010235,0.3555044308,0.6579713027,163,6
vm-e2e-run-29525332901,refs,4,8,1,1,1,1,0,1,1,1,1,0.6484564351,-0.3633061647,0.6689640368,0.480136277,167,107
who-pays-and-why-2026-07-25,refs,4,9,1,1,1,1,1,1,1,1,1,0.672237693,0.1121064587,0.731798214,0.0,175,795
workflow-dispatch-reachability-spec-2026-08-04,refs,4,8,1,1,1,1,1,1,1,1,0,0.8472372838,0.0669859701,0.5269742543,0.2731548457,174,17
workflow-patterns-deep-dive-2026-07-30,refs,4,9,1,1,1,1,1,1,1,1,1,0.672237693,0.1121064587,0.731798214,0.0,175,795
workflow-token-scope-audit-script-2026-08-04,refs,4,8,1,1,1,1,1,1,1,1,0,0.8472372838,0.0669859701,0.5269742543,0.2731548457,174,17
yubikey-hw-validation-scenarios-2026-07-25,refs,4,8,1,1,1,1,0,1,1,1,1,0.6484564351,-0.3633061647,0.6689640368,0.480136277,167,107
yubios-ci-strategy-history-2026-07-23,refs,4,8,1,1,1,1,1,1,1,1,0,0.8472372838,0.0669859701,0.5269742543,0.2731548457,174,17
yubios-reproducibility-equivalents-2026-07-30,refs,4,6,1,1,1,1,0,0,1,0,1,0.4999074017,-0.8504288389,0.1639005179,1.1307872133,159,4
yubios-versioning-scheme-2026-08-04,refs,4,8,1,1,1,1,0,1,1,1,1,0.6484564351,-0.3633061647,0.6689640368,0.480136277,167,107
zboot-workaround-runner-qemu-audit-2026-07-25,refs,4,7,1,1,1,1,0,1,1,0,1,0.5447508267,-0.5936601918,0.5922956301,0.7306301643,165,35
0pointer-poettering-systemd-vision-2026-07-23,refs,5,9,1,1,1,1,1,1,1,1,1,0.672237693,0.1121064587,0.731798214,0.0,175,795
actions-checkout-v6-includeif-investigation-2026-07-29,refs,5,9,1,1,1,1,1,1,1,1,1,0.672237693,0.1121064587,0.731798214,0.0,175,795
adr-033-misbehavior-cutoff-policy-2026-07-28,refs,5,7,1,1,1,1,1,0,1,0,1,0.8947436569,0.3892494852,0.2189032359,0.6240019389,168,6
adr-033-prior-art-search-2026-07-28,refs,5,8,1,1,1,1,1,1,1,0,1,0.8276549961,0.026085738,0.5606306642,0.2466828584,173,42
arm64-ftpm-phase-f0-2026-07-23,refs,5,8,1,1,1,1,1,0,1,1,1,0.7275151259,0.3525856783,0.5885618753,0.2853112307,170,8
arm64-path-a-b-board-status-2026-07-23,refs,5,9,1,1,1,1,1,1,1,1,1,0.672237693,0.1121064587,0.731798214,0.0,175,795
arm64-rk-board-status-2026-07-17,refs,5,9,1,1,1,1,1,1,1,1,1,0.672237693,0.1121064587,0.731798214,0.0,175,795
arm64-zstd-efi-zboot-bcvk-2026-07-23,refs,5,9,1,1,1,1,1,1,1,1,1,0.672237693,0.1121064587,0.731798214,0.0,175,795
arxiv-2607.09967-vs-learned-latent-curve-2026-08-04,refs,5,8,1,1,1,1,1,1,1,0,1,0.8276549961,0.026085738,0.5606306642,0.2466828584,173,42
assets-repo-repoint-verification-2026-07-28,refs,5,8,1,1,1,1,1,1,1,0,1,0.8276549961,0.026085738,0.5606306642,0.2466828584,173,42
attested-bootc-gpu-cutover-2026-07-30,refs,5,9,1,1,1,1,1,1,1,1,1,0.672237693,0.1121064587,0.731798214,0.0,175,795
bcvk-swtpm-ci-2026-07-23,refs,5,9,1,1,1,1,1,1,1,1,1,0.672237693,0.1121064587,0.731798214,0.0,175,795
bootc-composefs-sealed-flow-2026-07-22,refs,5,9,1,1,1,1,1,1,1,1,1,0.672237693,0.1121064587,0.731798214,0.0,175,795
bootc-dev-org-releases-2026-07-23,refs,5,9,1,1,1,1,1,1,1,1,1,0.672237693,0.1121064587,0.731798214,0.0,175,795
bootc-upgrade-rollback-sysext-portable-test-spec-2026-08-04,refs,5,9,1,1,1,1,1,1,1,1,1,0.672237693,0.1121064587,0.731798214,0.0,175,795
ci-evidence-2026-07-21,refs,5,9,1,1,1,1,1,1,1,1,1,0.672237693,0.1121064587,0.731798214,0.0,175,795
covenant-conflict-policy-2026-07-25,refs,5,9,1,1,1,1,1,1,1,1,1,0.672237693,0.1121064587,0.731798214,0.0,175,795
current-position-evidence-2026-07-25,refs,5,9,1,1,1,1,1,1,1,1,1,0.672237693,0.1121064587,0.731798214,0.0,175,795
curve-guided-rsi-and-self-differential-2026-08-04,refs,5,9,1,1,1,1,1,1,1,1,1,0.672237693,0.1121064587,0.731798214,0.0,175,795
curve-guided-rsi-v1-cycle4-all-skills-2026-08-04,refs,5,9,1,1,1,1,1,1,1,1,1,0.672237693,0.1121064587,0.731798214,0.0,175,795
curve-guided-rsi-v1-cycles-2-3-run-2026-08-04,refs,5,9,1,1,1,1,1,1,1,1,1,0.672237693,0.1121064587,0.731798214,0.0,175,795
curve-guided-rsi-v1-fitness-test-run-2026-08-04,refs,5,9,1,1,1,1,1,1,1,1,1,0.672237693,0.1121064587,0.731798214,0.0,175,795
curve-guided-rsi-v2-cycle5-deep-research-2026-08-04,refs,5,9,1,1,1,1,1,1,1,1,1,0.672237693,0.1121064587,0.731798214,0.0,175,795
customer-roi-model-2026-07-25,refs,5,9,1,1,1,1,1,1,1,1,1,0.672237693,0.1121064587,0.731798214,0.0,175,795
customer-roi-model-2026-07-26,refs,5,9,1,1,1,1,1,1,1,1,1,0.672237693,0.1121064587,0.731798214,0.0,175,795
cycle4-results-2026-08-06,refs,5,8,1,1,1,1,1,1,1,0,1,0.8276549961,0.026085738,0.5606306642,0.2466828584,173,42
cycle5-results-2026-08-06,refs,5,9,1,1,1,1,1,1,1,1,1,0.672237693,0.1121064587,0.731798214,0.0,175,795
days-0-30-safe-offer-2026-07-25,refs,5,9,1,1,1,1,1,1,1,1,1,0.672237693,0.1121064587,0.731798214,0.0,175,795
days-31-60-narrow-product-2026-07-25,refs,5,9,1,1,1,1,1,1,1,1,1,0.672237693,0.1121064587,0.731798214,0.0,175,795
days-61-90-willingness-to-pay-2026-07-25,refs,5,9,1,1,1,1,1,1,1,1,1,0.672237693,0.1121064587,0.731798214,0.0,175,795
debug-with-cli-2026-08-01,refs,5,9,1,1,1,1,1,1,1,1,1,0.672237693,0.1121064587,0.731798214,0.0,175,795
decisions-deferrals-rejected-models-2026-07-25,refs,5,9,1,1,1,1,1,1,1,1,1,0.672237693,0.1121064587,0.731798214,0.0,175,795
differential-curve-use-case-skill-land-grab-detection-2026-08-04,refs,5,8,1,1,1,1,1,1,1,1,0,0.8472372838,0.0669859701,0.5269742543,0.2731548457,174,17
digest-bump-checklist-2026-07-25,refs,5,9,1,1,1,1,1,1,1,1,1,0.672237693,0.1121064587,0.731798214,0.0,175,795
docker-bake-consolidation-2026-07-17,refs,5,9,1,1,1,1,1,1,1,1,1,0.672237693,0.1121064587,0.731798214,0.0,175,795
docker-build-policies-reference-2026-07-23,refs,5,8,1,1,1,1,1,1,1,0,1,0.8276549961,0.026085738,0.5606306642,0.2466828584,173,42
edgeless-reproducible-mkosi-research-2026-07-30,refs,5,9,1,1,1,1,1,1,1,1,1,0.672237693,0.1121064587,0.731798214,0.0,175,795
endlessh-openwrt-fit-2026-07-17,refs,5,8,1,1,1,1,1,1,1,0,1,0.8276549961,0.026085738,0.5606306642,0.2466828584,173,42
entity-governance-legal-2026-07-25,refs,5,8,1,1,1,1,1,1,1,0,1,0.8276549961,0.026085738,0.5606306642,0.2466828584,173,42
external-benchmarks-sources-2026-07-25,refs,5,9,1,1,1,1,1,1,1,1,1,0.672237693,0.1121064587,0.731798214,0.0,175,795
external-benchmarks-sources-2026-07-26,refs,5,9,1,1,1,1,1,1,1,1,1,0.672237693,0.1121064587,0.731798214,0.0,175,795
fedora-bootc-base-images-status-2026-07-23,refs,5,9,1,1,1,1,1,1,1,1,1,0.672237693,0.1121064587,0.731798214,0.0,175,795
fido2-ci-emulator-status-2026-07-23,refs,5,9,1,1,1,1,1,1,1,1,1,0.672237693,0.1121064587,0.731798214,0.0,175,795
firmware-rk-workflow-2026-07-17,refs,5,9,1,1,1,1,1,1,1,1,1,0.672237693,0.1121064587,0.731798214,0.0,175,795
first-90-days-2026-07-25,refs,5,9,1,1,1,1,1,1,1,1,1,0.672237693,0.1121064587,0.731798214,0.0,175,795
first-90-days-2026-07-28,refs,5,9,1,1,1,1,1,1,1,1,1,0.672237693,0.1121064587,0.731798214,0.0,175,795
fork-upstream-drift-detection-schedule-2026-08-04,refs,5,9,1,1,1,1,1,1,1,1,1,0.672237693,0.1121064587,0.731798214,0.0,175,795
frost-panfrost-lockout-2026-07-17,refs,5,8,1,1,1,1,1,1,1,0,1,0.8276549961,0.026085738,0.5606306642,0.2466828584,173,42
gap-map-hyperspherical-harmonic-curve-2026-08-05,refs,5,8,1,1,1,1,1,1,1,0,1,0.8276549961,0.026085738,0.5606306642,0.2466828584,173,42
hyperspherical-harmonic-curve-2026-08-05,refs,5,8,1,1,1,1,1,1,1,0,1,0.8276549961,0.026085738,0.5606306642,0.2466828584,173,42
hyperspherical-harmonic-curve-v1-fit-2026-08-05,refs,5,9,1,1,1,1,1,1,1,1,1,0.672237693,0.1121064587,0.731798214,0.0,175,795
image-builder-cli-fork-status-2026-07-23,refs,5,9,1,1,1,1,1,1,1,1,1,0.672237693,0.1121064587,0.731798214,0.0,175,795
kernel-rootfs-split-2026-07-29,refs,5,9,1,1,1,1,1,1,1,1,1,0.672237693,0.1121064587,0.731798214,0.0,175,795
learned-latent-curve-rsi-v10-2026-08-03,refs,5,8,1,1,1,1,1,1,1,0,1,0.8276549961,0.026085738,0.5606306642,0.2466828584,173,42
learned-latent-curve-rsi-v11-v12-2026-08-03,refs,5,8,1,1,1,1,1,1,1,0,1,0.8276549961,0.026085738,0.5606306642,0.2466828584,173,42
learned-latent-curve-skill-quality-map-2026-08-03,refs,5,9,1,1,1,1,1,1,1,1,1,0.672237693,0.1121064587,0.731798214,0.0,175,795
learned-latent-curve-yubios-artifact-primitives-coverage-flow-2026-08-04,refs,5,9,1,1,1,1,1,1,1,1,1,0.672237693,0.1121064587,0.731798214,0.0,175,795
libvfio-user-bundle-decision-2026-07-30,refs,5,8,1,1,1,1,1,1,1,0,1,0.8276549961,0.026085738,0.5606306642,0.2466828584,173,42
luks-fido2-e2e-test-2026-07-23,refs,5,9,1,1,1,1,1,1,1,1,1,0.672237693,0.1121064587,0.731798214,0.0,175,795
metrics-and-reporting-2026-07-25,refs,5,9,1,1,1,1,1,1,1,1,1,0.672237693,0.1121064587,0.731798214,0.0,175,795
mkosi-bcvk-fork-status-2026-07-23,refs,5,9,1,1,1,1,1,1,1,1,1,0.672237693,0.1121064587,0.731798214,0.0,175,795
naming-licensing-provenance-2026-07-25,refs,5,9,1,1,1,1,1,1,1,1,1,0.672237693,0.1121064587,0.731798214,0.0,175,795
negative-skill-space-2026-07-28,refs,5,8,1,1,1,1,1,1,1,0,1,0.8276549961,0.026085738,0.5606306642,0.2466828584,173,42
offer-pricing-architecture-2026-07-25,refs,5,9,1,1,1,1,1,1,1,1,1,0.672237693,0.1121064587,0.731798214,0.0,175,795
openwrt-deception-proof-plan-2026-07-17,refs,5,8,1,1,1,1,1,1,1,0,1,0.8276549961,0.026085738,0.5606306642,0.2466828584,173,42
openwrt-wireguard-deception-lan-prototype-2026-07-25,refs,5,8,1,1,1,1,1,1,1,0,1,0.8276549961,0.026085738,0.5606306642,0.2466828584,173,42
operating-covenant-2026-07-25,refs,5,9,1,1,1,1,1,1,1,1,1,0.672237693,0.1121064587,0.731798214,0.0,175,795
org-state-audit-2026-07-23,refs,5,9,1,1,1,1,1,1,1,1,1,0.672237693,0.1121064587,0.731798214,0.0,175,795
osbuild-image-builder-2026-07-23,refs,5,9,1,1,1,1,1,1,1,1,1,0.672237693,0.1121064587,0.731798214,0.0,175,795
package-floor-verification-checklist-2026-08-04,refs,5,9,1,1,1,1,1,1,1,1,1,0.672237693,0.1121064587,0.731798214,0.0,175,795
pilot-collateral-roi-baseline-2026-07-25,refs,5,9,1,1,1,1,1,1,1,1,1,0.672237693,0.1121064587,0.731798214,0.0,175,795
planning-cycle-2026-07-11,refs,5,9,1,1,1,1,1,1,1,1,1,0.672237693,0.1121064587,0.731798214,0.0,175,795
post-quantum-tls-adoption-2026-07-23,refs,5,8,1,1,1,1,1,0,1,1,1,0.7275151259,0.3525856783,0.5885618753,0.2853112307,170,8
pr-campaign-research-2026-07-16,refs,5,9,1,1,1,1,1,1,1,1,1,0.672237693,0.1121064587,0.731798214,0.0,175,795
pr-friend-map-2026-07-17,refs,5,9,1,1,1,1,1,1,1,1,1,0.672237693,0.1121064587,0.731798214,0.0,175,795
prior-art-autonomous-ideation-skill-2026-07-28,refs,5,8,1,1,1,1,1,1,1,0,1,0.8276549961,0.026085738,0.5606306642,0.2466828584,173,42
prior-art-search-rsi-audit-2026-07-30,refs,5,8,1,1,1,1,1,1,1,0,1,0.8276549961,0.026085738,0.5606306642,0.2466828584,173,42
prior-art-state-of-art-2026-07-30,refs,5,9,1,1,1,1,1,1,1,1,1,0.672237693,0.1121064587,0.731798214,0.0,175,795
public-security-funding-targets-2026-07-25,refs,5,9,1,1,1,1,1,1,1,1,1,0.672237693,0.1121064587,0.731798214,0.0,175,795
readiness-gates-gtm-2026-07-25,refs,5,9,1,1,1,1,1,1,1,1,1,0.672237693,0.1121064587,0.731798214,0.0,175,795
readiness-gates-gtm-2026-07-28,refs,5,9,1,1,1,1,1,1,1,1,1,0.672237693,0.1121064587,0.731798214,0.0,175,795
recursive-self-improvement-audit-2026-07-28,refs,5,8,1,1,1,1,1,1,1,0,1,0.8276549961,0.026085738,0.5606306642,0.2466828584,173,42
release-gate-checklist-v2-2026-08-04,refs,5,9,1,1,1,1,1,1,1,1,1,0.672237693,0.1121064587,0.731798214,0.0,175,795
reproducible-builds-2026-07-22,refs,5,9,1,1,1,1,1,1,1,1,1,0.672237693,0.1121064587,0.731798214,0.0,175,795
research-refresh-2026-07-11,refs,5,9,1,1,1,1,1,1,1,1,1,0.672237693,0.1121064587,0.731798214,0.0,175,795
rk3588-ddr-tpl-source-2026-07-29,refs,5,8,1,1,1,1,1,1,1,0,1,0.8276549961,0.026085738,0.5606306642,0.2466828584,173,42
roadmap-promotion-gates-2026-07-17,refs,5,7,1,1,1,1,1,0,1,0,1,0.8947436569,0.3892494852,0.2189032359,0.6240019389,168,6
rsi-five-skill-pass-2026-07-29,refs,5,8,1,1,1,1,1,1,1,0,1,0.8276549961,0.026085738,0.5606306642,0.2466828584,173,42
sbsign-pkcs11-validate-2026-07-23,refs,5,9,1,1,1,1,1,1,1,1,1,0.672237693,0.1121064587,0.731798214,0.0,175,795
sealed-uki-vm-test-2026-07-30,refs,5,9,1,1,1,1,1,1,1,1,1,0.672237693,0.1121064587,0.731798214,0.0,175,795
sectime-rk-secure-time-2026-07-17,refs,5,8,1,1,1,1,1,1,1,0,1,0.8276549961,0.026085738,0.5606306642,0.2466828584,173,42
slsa-l3-sbom-cosign-integration-spec-2026-08-04,refs,5,9,1,1,1,1,1,1,1,1,1,0.672237693,0.1121064587,0.731798214,0.0,175,795
systemd-hardening-audit-2026-07-17,refs,5,8,1,1,1,1,1,1,1,1,0,0.8472372838,0.0669859701,0.5269742543,0.2731548457,174,17
systemd-homed-reference-2026-07-23,refs,5,9,1,1,1,1,1,1,1,1,1,0.672237693,0.1121064587,0.731798214,0.0,175,795
systemd-unit-directive-reference-2026-07-23,refs,5,9,1,1,1,1,1,1,1,1,1,0.672237693,0.1121064587,0.731798214,0.0,175,795
systemd-upstream-progress-2026-07-21,refs,5,9,1,1,1,1,1,1,1,1,1,0.672237693,0.1121064587,0.731798214,0.0,175,795
systemd-v262-audit-2026-07-14,refs,5,8,1,1,1,1,1,1,1,0,1,0.8276549961,0.026085738,0.5606306642,0.2466828584,173,42
team-budget-use-of-funds-2026-07-25,refs,5,9,1,1,1,1,1,1,1,1,1,0.672237693,0.1121064587,0.731798214,0.0,175,795
testing-production-gaps-2026-08-01,refs,5,9,1,1,1,1,1,1,1,1,1,0.672237693,0.1121064587,0.731798214,0.0,175,795
three-year-revenue-cost-model-2026-07-25,refs,5,9,1,1,1,1,1,1,1,1,1,0.672237693,0.1121064587,0.731798214,0.0,175,795
v261-base-image-bump-2026-07-23,refs,5,8,1,1,1,1,1,1,1,0,1,0.8276549961,0.026085738,0.5606306642,0.2466828584,173,42
validate-input-shape-doctrine-2026-08-04,refs,5,9,1,1,1,1,1,1,1,1,1,0.672237693,0.1121064587,0.731798214,0.0,175,795
vgpu-vfio-user-trust-boundary-2026-07-25,refs,5,9,1,1,1,1,1,1,1,1,1,0.672237693,0.1121064587,0.731798214,0.0,175,795
vm-e2e-run-29525332901,refs,5,9,1,1,1,1,1,1,1,1,1,0.672237693,0.1121064587,0.731798214,0.0,175,795
who-pays-and-why-2026-07-25,refs,5,9,1,1,1,1,1,1,1,1,1,0.672237693,0.1121064587,0.731798214,0.0,175,795
workflow-dispatch-reachability-spec-2026-08-04,refs,5,9,1,1,1,1,1,1,1,1,1,0.672237693,0.1121064587,0.731798214,0.0,175,795
workflow-patterns-deep-dive-2026-07-30,refs,5,9,1,1,1,1,1,1,1,1,1,0.672237693,0.1121064587,0.731798214,0.0,175,795
workflow-token-scope-audit-script-2026-08-04,refs,5,9,1,1,1,1,1,1,1,1,1,0.672237693,0.1121064587,0.731798214,0.0,175,795
yubikey-hw-validation-scenarios-2026-07-25,refs,5,9,1,1,1,1,1,1,1,1,1,0.672237693,0.1121064587,0.731798214,0.0,175,795
yubios-ci-strategy-history-2026-07-23,refs,5,9,1,1,1,1,1,1,1,1,1,0.672237693,0.1121064587,0.731798214,0.0,175,795
yubios-reproducibility-equivalents-2026-07-30,refs,5,7,1,1,1,1,1,0,1,0,1,0.8947436569,0.3892494852,0.2189032359,0.6240019389,168,6
yubios-versioning-scheme-2026-08-04,refs,5,9,1,1,1,1,1,1,1,1,1,0.672237693,0.1121064587,0.731798214,0.0,175,795
zboot-workaround-runner-qemu-audit-2026-07-25,refs,5,8,1,1,1,1,1,1,1,0,1,0.8276549961,0.026085738,0.5606306642,0.2466828584,173,42
0pointer-poettering-systemd-vision-2026-07-23,refs,6,9,1,1,1,1,1,1,1,1,1,0.672237693,0.1121064587,0.731798214,0.0,175,795
actions-checkout-v6-includeif-investigation-2026-07-29,refs,6,9,1,1,1,1,1,1,1,1,1,0.672237693,0.1121064587,0.731798214,0.0,175,795
adr-033-misbehavior-cutoff-policy-2026-07-28,refs,6,8,1,1,1,1,1,1,1,0,1,0.8276549961,0.026085738,0.5606306642,0.2466828584,173,42
adr-033-prior-art-search-2026-07-28,refs,6,9,1,1,1,1,1,1,1,1,1,0.672237693,0.1121064587,0.731798214,0.0,175,795
arm64-ftpm-phase-f0-2026-07-23,refs,6,9,1,1,1,1,1,1,1,1,1,0.672237693,0.1121064587,0.731798214,0.0,175,795
arm64-path-a-b-board-status-2026-07-23,refs,6,9,1,1,1,1,1,1,1,1,1,0.672237693,0.1121064587,0.731798214,0.0,175,795
arm64-rk-board-status-2026-07-17,refs,6,9,1,1,1,1,1,1,1,1,1,0.672237693,0.1121064587,0.731798214,0.0,175,795
arm64-zstd-efi-zboot-bcvk-2026-07-23,refs,6,9,1,1,1,1,1,1,1,1,1,0.672237693,0.1121064587,0.731798214,0.0,175,795
arxiv-2607.09967-vs-learned-latent-curve-2026-08-04,refs,6,9,1,1,1,1,1,1,1,1,1,0.672237693,0.1121064587,0.731798214,0.0,175,795
assets-repo-repoint-verification-2026-07-28,refs,6,9,1,1,1,1,1,1,1,1,1,0.672237693,0.1121064587,0.731798214,0.0,175,795
attested-bootc-gpu-cutover-2026-07-30,refs,6,9,1,1,1,1,1,1,1,1,1,0.672237693,0.1121064587,0.731798214,0.0,175,795
bcvk-swtpm-ci-2026-07-23,refs,6,9,1,1,1,1,1,1,1,1,1,0.672237693,0.1121064587,0.731798214,0.0,175,795
bootc-composefs-sealed-flow-2026-07-22,refs,6,9,1,1,1,1,1,1,1,1,1,0.672237693,0.1121064587,0.731798214,0.0,175,795
bootc-dev-org-releases-2026-07-23,refs,6,9,1,1,1,1,1,1,1,1,1,0.672237693,0.1121064587,0.731798214,0.0,175,795
bootc-upgrade-rollback-sysext-portable-test-spec-2026-08-04,refs,6,9,1,1,1,1,1,1,1,1,1,0.672237693,0.1121064587,0.731798214,0.0,175,795
ci-evidence-2026-07-21,refs,6,9,1,1,1,1,1,1,1,1,1,0.672237693,0.1121064587,0.731798214,0.0,175,795
covenant-conflict-policy-2026-07-25,refs,6,9,1,1,1,1,1,1,1,1,1,0.672237693,0.1121064587,0.731798214,0.0,175,795
current-position-evidence-2026-07-25,refs,6,9,1,1,1,1,1,1,1,1,1,0.672237693,0.1121064587,0.731798214,0.0,175,795
curve-guided-rsi-and-self-differential-2026-08-04,refs,6,9,1,1,1,1,1,1,1,1,1,0.672237693,0.1121064587,0.731798214,0.0,175,795
curve-guided-rsi-v1-cycle4-all-skills-2026-08-04,refs,6,9,1,1,1,1,1,1,1,1,1,0.672237693,0.1121064587,0.731798214,0.0,175,795
curve-guided-rsi-v1-cycles-2-3-run-2026-08-04,refs,6,9,1,1,1,1,1,1,1,1,1,0.672237693,0.1121064587,0.731798214,0.0,175,795
curve-guided-rsi-v1-fitness-test-run-2026-08-04,refs,6,9,1,1,1,1,1,1,1,1,1,0.672237693,0.1121064587,0.731798214,0.0,175,795
curve-guided-rsi-v2-cycle5-deep-research-2026-08-04,refs,6,9,1,1,1,1,1,1,1,1,1,0.672237693,0.1121064587,0.731798214,0.0,175,795
customer-roi-model-2026-07-25,refs,6,9,1,1,1,1,1,1,1,1,1,0.672237693,0.1121064587,0.731798214,0.0,175,795
customer-roi-model-2026-07-26,refs,6,9,1,1,1,1,1,1,1,1,1,0.672237693,0.1121064587,0.731798214,0.0,175,795
cycle4-results-2026-08-06,refs,6,9,1,1,1,1,1,1,1,1,1,0.672237693,0.1121064587,0.731798214,0.0,175,795
cycle5-results-2026-08-06,refs,6,9,1,1,1,1,1,1,1,1,1,0.672237693,0.1121064587,0.731798214,0.0,175,795
days-0-30-safe-offer-2026-07-25,refs,6,9,1,1,1,1,1,1,1,1,1,0.672237693,0.1121064587,0.731798214,0.0,175,795
days-31-60-narrow-product-2026-07-25,refs,6,9,1,1,1,1,1,1,1,1,1,0.672237693,0.1121064587,0.731798214,0.0,175,795
days-61-90-willingness-to-pay-2026-07-25,refs,6,9,1,1,1,1,1,1,1,1,1,0.672237693,0.1121064587,0.731798214,0.0,175,795
debug-with-cli-2026-08-01,refs,6,9,1,1,1,1,1,1,1,1,1,0.672237693,0.1121064587,0.731798214,0.0,175,795
decisions-deferrals-rejected-models-2026-07-25,refs,6,9,1,1,1,1,1,1,1,1,1,0.672237693,0.1121064587,0.731798214,0.0,175,795
differential-curve-use-case-skill-land-grab-detection-2026-08-04,refs,6,9,1,1,1,1,1,1,1,1,1,0.672237693,0.1121064587,0.731798214,0.0,175,795
digest-bump-checklist-2026-07-25,refs,6,9,1,1,1,1,1,1,1,1,1,0.672237693,0.1121064587,0.731798214,0.0,175,795
docker-bake-consolidation-2026-07-17,refs,6,9,1,1,1,1,1,1,1,1,1,0.672237693,0.1121064587,0.731798214,0.0,175,795
docker-build-policies-reference-2026-07-23,refs,6,9,1,1,1,1,1,1,1,1,1,0.672237693,0.1121064587,0.731798214,0.0,175,795
edgeless-reproducible-mkosi-research-2026-07-30,refs,6,9,1,1,1,1,1,1,1,1,1,0.672237693,0.1121064587,0.731798214,0.0,175,795
endlessh-openwrt-fit-2026-07-17,refs,6,9,1,1,1,1,1,1,1,1,1,0.672237693,0.1121064587,0.731798214,0.0,175,795
entity-governance-legal-2026-07-25,refs,6,9,1,1,1,1,1,1,1,1,1,0.672237693,0.1121064587,0.731798214,0.0,175,795
external-benchmarks-sources-2026-07-25,refs,6,9,1,1,1,1,1,1,1,1,1,0.672237693,0.1121064587,0.731798214,0.0,175,795
external-benchmarks-sources-2026-07-26,refs,6,9,1,1,1,1,1,1,1,1,1,0.672237693,0.1121064587,0.731798214,0.0,175,795
fedora-bootc-base-images-status-2026-07-23,refs,6,9,1,1,1,1,1,1,1,1,1,0.672237693,0.1121064587,0.731798214,0.0,175,795
fido2-ci-emulator-status-2026-07-23,refs,6,9,1,1,1,1,1,1,1,1,1,0.672237693,0.1121064587,0.731798214,0.0,175,795
firmware-rk-workflow-2026-07-17,refs,6,9,1,1,1,1,1,1,1,1,1,0.672237693,0.1121064587,0.731798214,0.0,175,795
first-90-days-2026-07-25,refs,6,9,1,1,1,1,1,1,1,1,1,0.672237693,0.1121064587,0.731798214,0.0,175,795
first-90-days-2026-07-28,refs,6,9,1,1,1,1,1,1,1,1,1,0.672237693,0.1121064587,0.731798214,0.0,175,795
fork-upstream-drift-detection-schedule-2026-08-04,refs,6,9,1,1,1,1,1,1,1,1,1,0.672237693,0.1121064587,0.731798214,0.0,175,795
frost-panfrost-lockout-2026-07-17,refs,6,9,1,1,1,1,1,1,1,1,1,0.672237693,0.1121064587,0.731798214,0.0,175,795
gap-map-hyperspherical-harmonic-curve-2026-08-05,refs,6,9,1,1,1,1,1,1,1,1,1,0.672237693,0.1121064587,0.731798214,0.0,175,795
hyperspherical-harmonic-curve-2026-08-05,refs,6,9,1,1,1,1,1,1,1,1,1,0.672237693,0.1121064587,0.731798214,0.0,175,795
hyperspherical-harmonic-curve-v1-fit-2026-08-05,refs,6,9,1,1,1,1,1,1,1,1,1,0.672237693,0.1121064587,0.731798214,0.0,175,795
image-builder-cli-fork-status-2026-07-23,refs,6,9,1,1,1,1,1,1,1,1,1,0.672237693,0.1121064587,0.731798214,0.0,175,795
kernel-rootfs-split-2026-07-29,refs,6,9,1,1,1,1,1,1,1,1,1,0.672237693,0.1121064587,0.731798214,0.0,175,795
learned-latent-curve-rsi-v10-2026-08-03,refs,6,9,1,1,1,1,1,1,1,1,1,0.672237693,0.1121064587,0.731798214,0.0,175,795
learned-latent-curve-rsi-v11-v12-2026-08-03,refs,6,9,1,1,1,1,1,1,1,1,1,0.672237693,0.1121064587,0.731798214,0.0,175,795
learned-latent-curve-skill-quality-map-2026-08-03,refs,6,9,1,1,1,1,1,1,1,1,1,0.672237693,0.1121064587,0.731798214,0.0,175,795
learned-latent-curve-yubios-artifact-primitives-coverage-flow-2026-08-04,refs,6,9,1,1,1,1,1,1,1,1,1,0.672237693,0.1121064587,0.731798214,0.0,175,795
libvfio-user-bundle-decision-2026-07-30,refs,6,9,1,1,1,1,1,1,1,1,1,0.672237693,0.1121064587,0.731798214,0.0,175,795
luks-fido2-e2e-test-2026-07-23,refs,6,9,1,1,1,1,1,1,1,1,1,0.672237693,0.1121064587,0.731798214,0.0,175,795
metrics-and-reporting-2026-07-25,refs,6,9,1,1,1,1,1,1,1,1,1,0.672237693,0.1121064587,0.731798214,0.0,175,795
mkosi-bcvk-fork-status-2026-07-23,refs,6,9,1,1,1,1,1,1,1,1,1,0.672237693,0.1121064587,0.731798214,0.0,175,795
naming-licensing-provenance-2026-07-25,refs,6,9,1,1,1,1,1,1,1,1,1,0.672237693,0.1121064587,0.731798214,0.0,175,795
negative-skill-space-2026-07-28,refs,6,9,1,1,1,1,1,1,1,1,1,0.672237693,0.1121064587,0.731798214,0.0,175,795
offer-pricing-architecture-2026-07-25,refs,6,9,1,1,1,1,1,1,1,1,1,0.672237693,0.1121064587,0.731798214,0.0,175,795
openwrt-deception-proof-plan-2026-07-17,refs,6,9,1,1,1,1,1,1,1,1,1,0.672237693,0.1121064587,0.731798214,0.0,175,795
openwrt-wireguard-deception-lan-prototype-2026-07-25,refs,6,9,1,1,1,1,1,1,1,1,1,0.672237693,0.1121064587,0.731798214,0.0,175,795
operating-covenant-2026-07-25,refs,6,9,1,1,1,1,1,1,1,1,1,0.672237693,0.1121064587,0.731798214,0.0,175,795
org-state-audit-2026-07-23,refs,6,9,1,1,1,1,1,1,1,1,1,0.672237693,0.1121064587,0.731798214,0.0,175,795
osbuild-image-builder-2026-07-23,refs,6,9,1,1,1,1,1,1,1,1,1,0.672237693,0.1121064587,0.731798214,0.0,175,795
package-floor-verification-checklist-2026-08-04,refs,6,9,1,1,1,1,1,1,1,1,1,0.672237693,0.1121064587,0.731798214,0.0,175,795
pilot-collateral-roi-baseline-2026-07-25,refs,6,9,1,1,1,1,1,1,1,1,1,0.672237693,0.1121064587,0.731798214,0.0,175,795
planning-cycle-2026-07-11,refs,6,9,1,1,1,1,1,1,1,1,1,0.672237693,0.1121064587,0.731798214,0.0,175,795
post-quantum-tls-adoption-2026-07-23,refs,6,9,1,1,1,1,1,1,1,1,1,0.672237693,0.1121064587,0.731798214,0.0,175,795
pr-campaign-research-2026-07-16,refs,6,9,1,1,1,1,1,1,1,1,1,0.672237693,0.1121064587,0.731798214,0.0,175,795
pr-friend-map-2026-07-17,refs,6,9,1,1,1,1,1,1,1,1,1,0.672237693,0.1121064587,0.731798214,0.0,175,795
prior-art-autonomous-ideation-skill-2026-07-28,refs,6,9,1,1,1,1,1,1,1,1,1,0.672237693,0.1121064587,0.731798214,0.0,175,795
prior-art-search-rsi-audit-2026-07-30,refs,6,9,1,1,1,1,1,1,1,1,1,0.672237693,0.1121064587,0.731798214,0.0,175,795
prior-art-state-of-art-2026-07-30,refs,6,9,1,1,1,1,1,1,1,1,1,0.672237693,0.1121064587,0.731798214,0.0,175,795
public-security-funding-targets-2026-07-25,refs,6,9,1,1,1,1,1,1,1,1,1,0.672237693,0.1121064587,0.731798214,0.0,175,795
readiness-gates-gtm-2026-07-25,refs,6,9,1,1,1,1,1,1,1,1,1,0.672237693,0.1121064587,0.731798214,0.0,175,795
readiness-gates-gtm-2026-07-28,refs,6,9,1,1,1,1,1,1,1,1,1,0.672237693,0.1121064587,0.731798214,0.0,175,795
recursive-self-improvement-audit-2026-07-28,refs,6,9,1,1,1,1,1,1,1,1,1,0.672237693,0.1121064587,0.731798214,0.0,175,795
release-gate-checklist-v2-2026-08-04,refs,6,9,1,1,1,1,1,1,1,1,1,0.672237693,0.1121064587,0.731798214,0.0,175,795
reproducible-builds-2026-07-22,refs,6,9,1,1,1,1,1,1,1,1,1,0.672237693,0.1121064587,0.731798214,0.0,175,795
research-refresh-2026-07-11,refs,6,9,1,1,1,1,1,1,1,1,1,0.672237693,0.1121064587,0.731798214,0.0,175,795
rk3588-ddr-tpl-source-2026-07-29,refs,6,9,1,1,1,1,1,1,1,1,1,0.672237693,0.1121064587,0.731798214,0.0,175,795
roadmap-promotion-gates-2026-07-17,refs,6,8,1,1,1,1,1,1,1,0,1,0.8276549961,0.026085738,0.5606306642,0.2466828584,173,42
rsi-five-skill-pass-2026-07-29,refs,6,9,1,1,1,1,1,1,1,1,1,0.672237693,0.1121064587,0.731798214,0.0,175,795
sbsign-pkcs11-validate-2026-07-23,refs,6,9,1,1,1,1,1,1,1,1,1,0.672237693,0.1121064587,0.731798214,0.0,175,795
sealed-uki-vm-test-2026-07-30,refs,6,9,1,1,1,1,1,1,1,1,1,0.672237693,0.1121064587,0.731798214,0.0,175,795
sectime-rk-secure-time-2026-07-17,refs,6,9,1,1,1,1,1,1,1,1,1,0.672237693,0.1121064587,0.731798214,0.0,175,795
slsa-l3-sbom-cosign-integration-spec-2026-08-04,refs,6,9,1,1,1,1,1,1,1,1,1,0.672237693,0.1121064587,0.731798214,0.0,175,795
systemd-hardening-audit-2026-07-17,refs,6,9,1,1,1,1,1,1,1,1,1,0.672237693,0.1121064587,0.731798214,0.0,175,795
systemd-homed-reference-2026-07-23,refs,6,9,1,1,1,1,1,1,1,1,1,0.672237693,0.1121064587,0.731798214,0.0,175,795
systemd-unit-directive-reference-2026-07-23,refs,6,9,1,1,1,1,1,1,1,1,1,0.672237693,0.1121064587,0.731798214,0.0,175,795
systemd-upstream-progress-2026-07-21,refs,6,9,1,1,1,1,1,1,1,1,1,0.672237693,0.1121064587,0.731798214,0.0,175,795
systemd-v262-audit-2026-07-14,refs,6,9,1,1,1,1,1,1,1,1,1,0.672237693,0.1121064587,0.731798214,0.0,175,795
team-budget-use-of-funds-2026-07-25,refs,6,9,1,1,1,1,1,1,1,1,1,0.672237693,0.1121064587,0.731798214,0.0,175,795
testing-production-gaps-2026-08-01,refs,6,9,1,1,1,1,1,1,1,1,1,0.672237693,0.1121064587,0.731798214,0.0,175,795
three-year-revenue-cost-model-2026-07-25,refs,6,9,1,1,1,1,1,1,1,1,1,0.672237693,0.1121064587,0.731798214,0.0,175,795
v261-base-image-bump-2026-07-23,refs,6,9,1,1,1,1,1,1,1,1,1,0.672237693,0.1121064587,0.731798214,0.0,175,795
validate-input-shape-doctrine-2026-08-04,refs,6,9,1,1,1,1,1,1,1,1,1,0.672237693,0.1121064587,0.731798214,0.0,175,795
vgpu-vfio-user-trust-boundary-2026-07-25,refs,6,9,1,1,1,1,1,1,1,1,1,0.672237693,0.1121064587,0.731798214,0.0,175,795
vm-e2e-run-29525332901,refs,6,9,1,1,1,1,1,1,1,1,1,0.672237693,0.1121064587,0.731798214,0.0,175,795
who-pays-and-why-2026-07-25,refs,6,9,1,1,1,1,1,1,1,1,1,0.672237693,0.1121064587,0.731798214,0.0,175,795
workflow-dispatch-reachability-spec-2026-08-04,refs,6,9,1,1,1,1,1,1,1,1,1,0.672237693,0.1121064587,0.731798214,0.0,175,795
workflow-patterns-deep-dive-2026-07-30,refs,6,9,1,1,1,1,1,1,1,1,1,0.672237693,0.1121064587,0.731798214,0.0,175,795
workflow-token-scope-audit-script-2026-08-04,refs,6,9,1,1,1,1,1,1,1,1,1,0.672237693,0.1121064587,0.731798214,0.0,175,795
yubikey-hw-validation-scenarios-2026-07-25,refs,6,9,1,1,1,1,1,1,1,1,1,0.672237693,0.1121064587,0.731798214,0.0,175,795
yubios-ci-strategy-history-2026-07-23,refs,6,9,1,1,1,1,1,1,1,1,1,0.672237693,0.1121064587,0.731798214,0.0,175,795
yubios-reproducibility-equivalents-2026-07-30,refs,6,8,1,1,1,1,1,1,1,0,1,0.8276549961,0.026085738,0.5606306642,0.2466828584,173,42
yubios-versioning-scheme-2026-08-04,refs,6,9,1,1,1,1,1,1,1,1,1,0.672237693,0.1121064587,0.731798214,0.0,175,795
zboot-workaround-runner-qemu-audit-2026-07-25,refs,6,9,1,1,1,1,1,1,1,1,1,0.672237693,0.1121064587,0.731798214,0.0,175,795
0pointer-poettering-systemd-vision-2026-07-23,refs,7,9,1,1,1,1,1,1,1,1,1,0.672237693,0.1121064587,0.731798214,0.0,175,795
actions-checkout-v6-includeif-investigation-2026-07-29,refs,7,9,1,1,1,1,1,1,1,1,1,0.672237693,0.1121064587,0.731798214,0.0,175,795
adr-033-misbehavior-cutoff-policy-2026-07-28,refs,7,9,1,1,1,1,1,1,1,1,1,0.672237693,0.1121064587,0.731798214,0.0,175,795
adr-033-prior-art-search-2026-07-28,refs,7,9,1,1,1,1,1,1,1,1,1,0.672237693,0.1121064587,0.731798214,0.0,175,795
arm64-ftpm-phase-f0-2026-07-23,refs,7,9,1,1,1,1,1,1,1,1,1,0.672237693,0.1121064587,0.731798214,0.0,175,795
arm64-path-a-b-board-status-2026-07-23,refs,7,9,1,1,1,1,1,1,1,1,1,0.672237693,0.1121064587,0.731798214,0.0,175,795
arm64-rk-board-status-2026-07-17,refs,7,9,1,1,1,1,1,1,1,1,1,0.672237693,0.1121064587,0.731798214,0.0,175,795
arm64-zstd-efi-zboot-bcvk-2026-07-23,refs,7,9,1,1,1,1,1,1,1,1,1,0.672237693,0.1121064587,0.731798214,0.0,175,795
arxiv-2607.09967-vs-learned-latent-curve-2026-08-04,refs,7,9,1,1,1,1,1,1,1,1,1,0.672237693,0.1121064587,0.731798214,0.0,175,795
assets-repo-repoint-verification-2026-07-28,refs,7,9,1,1,1,1,1,1,1,1,1,0.672237693,0.1121064587,0.731798214,0.0,175,795
attested-bootc-gpu-cutover-2026-07-30,refs,7,9,1,1,1,1,1,1,1,1,1,0.672237693,0.1121064587,0.731798214,0.0,175,795
bcvk-swtpm-ci-2026-07-23,refs,7,9,1,1,1,1,1,1,1,1,1,0.672237693,0.1121064587,0.731798214,0.0,175,795
bootc-composefs-sealed-flow-2026-07-22,refs,7,9,1,1,1,1,1,1,1,1,1,0.672237693,0.1121064587,0.731798214,0.0,175,795
bootc-dev-org-releases-2026-07-23,refs,7,9,1,1,1,1,1,1,1,1,1,0.672237693,0.1121064587,0.731798214,0.0,175,795
bootc-upgrade-rollback-sysext-portable-test-spec-2026-08-04,refs,7,9,1,1,1,1,1,1,1,1,1,0.672237693,0.1121064587,0.731798214,0.0,175,795
ci-evidence-2026-07-21,refs,7,9,1,1,1,1,1,1,1,1,1,0.672237693,0.1121064587,0.731798214,0.0,175,795
covenant-conflict-policy-2026-07-25,refs,7,9,1,1,1,1,1,1,1,1,1,0.672237693,0.1121064587,0.731798214,0.0,175,795
current-position-evidence-2026-07-25,refs,7,9,1,1,1,1,1,1,1,1,1,0.672237693,0.1121064587,0.731798214,0.0,175,795
curve-guided-rsi-and-self-differential-2026-08-04,refs,7,9,1,1,1,1,1,1,1,1,1,0.672237693,0.1121064587,0.731798214,0.0,175,795
curve-guided-rsi-v1-cycle4-all-skills-2026-08-04,refs,7,9,1,1,1,1,1,1,1,1,1,0.672237693,0.1121064587,0.731798214,0.0,175,795
curve-guided-rsi-v1-cycles-2-3-run-2026-08-04,refs,7,9,1,1,1,1,1,1,1,1,1,0.672237693,0.1121064587,0.731798214,0.0,175,795
curve-guided-rsi-v1-fitness-test-run-2026-08-04,refs,7,9,1,1,1,1,1,1,1,1,1,0.672237693,0.1121064587,0.731798214,0.0,175,795
curve-guided-rsi-v2-cycle5-deep-research-2026-08-04,refs,7,9,1,1,1,1,1,1,1,1,1,0.672237693,0.1121064587,0.731798214,0.0,175,795
customer-roi-model-2026-07-25,refs,7,9,1,1,1,1,1,1,1,1,1,0.672237693,0.1121064587,0.731798214,0.0,175,795
customer-roi-model-2026-07-26,refs,7,9,1,1,1,1,1,1,1,1,1,0.672237693,0.1121064587,0.731798214,0.0,175,795
cycle4-results-2026-08-06,refs,7,9,1,1,1,1,1,1,1,1,1,0.672237693,0.1121064587,0.731798214,0.0,175,795
cycle5-results-2026-08-06,refs,7,9,1,1,1,1,1,1,1,1,1,0.672237693,0.1121064587,0.731798214,0.0,175,795
days-0-30-safe-offer-2026-07-25,refs,7,9,1,1,1,1,1,1,1,1,1,0.672237693,0.1121064587,0.731798214,0.0,175,795
days-31-60-narrow-product-2026-07-25,refs,7,9,1,1,1,1,1,1,1,1,1,0.672237693,0.1121064587,0.731798214,0.0,175,795
days-61-90-willingness-to-pay-2026-07-25,refs,7,9,1,1,1,1,1,1,1,1,1,0.672237693,0.1121064587,0.731798214,0.0,175,795
debug-with-cli-2026-08-01,refs,7,9,1,1,1,1,1,1,1,1,1,0.672237693,0.1121064587,0.731798214,0.0,175,795
decisions-deferrals-rejected-models-2026-07-25,refs,7,9,1,1,1,1,1,1,1,1,1,0.672237693,0.1121064587,0.731798214,0.0,175,795
differential-curve-use-case-skill-land-grab-detection-2026-08-04,refs,7,9,1,1,1,1,1,1,1,1,1,0.672237693,0.1121064587,0.731798214,0.0,175,795
digest-bump-checklist-2026-07-25,refs,7,9,1,1,1,1,1,1,1,1,1,0.672237693,0.1121064587,0.731798214,0.0,175,795
docker-bake-consolidation-2026-07-17,refs,7,9,1,1,1,1,1,1,1,1,1,0.672237693,0.1121064587,0.731798214,0.0,175,795
docker-build-policies-reference-2026-07-23,refs,7,9,1,1,1,1,1,1,1,1,1,0.672237693,0.1121064587,0.731798214,0.0,175,795
edgeless-reproducible-mkosi-research-2026-07-30,refs,7,9,1,1,1,1,1,1,1,1,1,0.672237693,0.1121064587,0.731798214,0.0,175,795
endlessh-openwrt-fit-2026-07-17,refs,7,9,1,1,1,1,1,1,1,1,1,0.672237693,0.1121064587,0.731798214,0.0,175,795
entity-governance-legal-2026-07-25,refs,7,9,1,1,1,1,1,1,1,1,1,0.672237693,0.1121064587,0.731798214,0.0,175,795
external-benchmarks-sources-2026-07-25,refs,7,9,1,1,1,1,1,1,1,1,1,0.672237693,0.1121064587,0.731798214,0.0,175,795
external-benchmarks-sources-2026-07-26,refs,7,9,1,1,1,1,1,1,1,1,1,0.672237693,0.1121064587,0.731798214,0.0,175,795
fedora-bootc-base-images-status-2026-07-23,refs,7,9,1,1,1,1,1,1,1,1,1,0.672237693,0.1121064587,0.731798214,0.0,175,795
fido2-ci-emulator-status-2026-07-23,refs,7,9,1,1,1,1,1,1,1,1,1,0.672237693,0.1121064587,0.731798214,0.0,175,795
firmware-rk-workflow-2026-07-17,refs,7,9,1,1,1,1,1,1,1,1,1,0.672237693,0.1121064587,0.731798214,0.0,175,795
first-90-days-2026-07-25,refs,7,9,1,1,1,1,1,1,1,1,1,0.672237693,0.1121064587,0.731798214,0.0,175,795
first-90-days-2026-07-28,refs,7,9,1,1,1,1,1,1,1,1,1,0.672237693,0.1121064587,0.731798214,0.0,175,795
fork-upstream-drift-detection-schedule-2026-08-04,refs,7,9,1,1,1,1,1,1,1,1,1,0.672237693,0.1121064587,0.731798214,0.0,175,795
frost-panfrost-lockout-2026-07-17,refs,7,9,1,1,1,1,1,1,1,1,1,0.672237693,0.1121064587,0.731798214,0.0,175,795
gap-map-hyperspherical-harmonic-curve-2026-08-05,refs,7,9,1,1,1,1,1,1,1,1,1,0.672237693,0.1121064587,0.731798214,0.0,175,795
hyperspherical-harmonic-curve-2026-08-05,refs,7,9,1,1,1,1,1,1,1,1,1,0.672237693,0.1121064587,0.731798214,0.0,175,795
hyperspherical-harmonic-curve-v1-fit-2026-08-05,refs,7,9,1,1,1,1,1,1,1,1,1,0.672237693,0.1121064587,0.731798214,0.0,175,795
image-builder-cli-fork-status-2026-07-23,refs,7,9,1,1,1,1,1,1,1,1,1,0.672237693,0.1121064587,0.731798214,0.0,175,795
kernel-rootfs-split-2026-07-29,refs,7,9,1,1,1,1,1,1,1,1,1,0.672237693,0.1121064587,0.731798214,0.0,175,795
learned-latent-curve-rsi-v10-2026-08-03,refs,7,9,1,1,1,1,1,1,1,1,1,0.672237693,0.1121064587,0.731798214,0.0,175,795
learned-latent-curve-rsi-v11-v12-2026-08-03,refs,7,9,1,1,1,1,1,1,1,1,1,0.672237693,0.1121064587,0.731798214,0.0,175,795
learned-latent-curve-skill-quality-map-2026-08-03,refs,7,9,1,1,1,1,1,1,1,1,1,0.672237693,0.1121064587,0.731798214,0.0,175,795
learned-latent-curve-yubios-artifact-primitives-coverage-flow-2026-08-04,refs,7,9,1,1,1,1,1,1,1,1,1,0.672237693,0.1121064587,0.731798214,0.0,175,795
libvfio-user-bundle-decision-2026-07-30,refs,7,9,1,1,1,1,1,1,1,1,1,0.672237693,0.1121064587,0.731798214,0.0,175,795
luks-fido2-e2e-test-2026-07-23,refs,7,9,1,1,1,1,1,1,1,1,1,0.672237693,0.1121064587,0.731798214,0.0,175,795
metrics-and-reporting-2026-07-25,refs,7,9,1,1,1,1,1,1,1,1,1,0.672237693,0.1121064587,0.731798214,0.0,175,795
mkosi-bcvk-fork-status-2026-07-23,refs,7,9,1,1,1,1,1,1,1,1,1,0.672237693,0.1121064587,0.731798214,0.0,175,795
naming-licensing-provenance-2026-07-25,refs,7,9,1,1,1,1,1,1,1,1,1,0.672237693,0.1121064587,0.731798214,0.0,175,795
negative-skill-space-2026-07-28,refs,7,9,1,1,1,1,1,1,1,1,1,0.672237693,0.1121064587,0.731798214,0.0,175,795
offer-pricing-architecture-2026-07-25,refs,7,9,1,1,1,1,1,1,1,1,1,0.672237693,0.1121064587,0.731798214,0.0,175,795
openwrt-deception-proof-plan-2026-07-17,refs,7,9,1,1,1,1,1,1,1,1,1,0.672237693,0.1121064587,0.731798214,0.0,175,795
openwrt-wireguard-deception-lan-prototype-2026-07-25,refs,7,9,1,1,1,1,1,1,1,1,1,0.672237693,0.1121064587,0.731798214,0.0,175,795
operating-covenant-2026-07-25,refs,7,9,1,1,1,1,1,1,1,1,1,0.672237693,0.1121064587,0.731798214,0.0,175,795
org-state-audit-2026-07-23,refs,7,9,1,1,1,1,1,1,1,1,1,0.672237693,0.1121064587,0.731798214,0.0,175,795
osbuild-image-builder-2026-07-23,refs,7,9,1,1,1,1,1,1,1,1,1,0.672237693,0.1121064587,0.731798214,0.0,175,795
package-floor-verification-checklist-2026-08-04,refs,7,9,1,1,1,1,1,1,1,1,1,0.672237693,0.1121064587,0.731798214,0.0,175,795
pilot-collateral-roi-baseline-2026-07-25,refs,7,9,1,1,1,1,1,1,1,1,1,0.672237693,0.1121064587,0.731798214,0.0,175,795
planning-cycle-2026-07-11,refs,7,9,1,1,1,1,1,1,1,1,1,0.672237693,0.1121064587,0.731798214,0.0,175,795
post-quantum-tls-adoption-2026-07-23,refs,7,9,1,1,1,1,1,1,1,1,1,0.672237693,0.1121064587,0.731798214,0.0,175,795
pr-campaign-research-2026-07-16,refs,7,9,1,1,1,1,1,1,1,1,1,0.672237693,0.1121064587,0.731798214,0.0,175,795
pr-friend-map-2026-07-17,refs,7,9,1,1,1,1,1,1,1,1,1,0.672237693,0.1121064587,0.731798214,0.0,175,795
prior-art-autonomous-ideation-skill-2026-07-28,refs,7,9,1,1,1,1,1,1,1,1,1,0.672237693,0.1121064587,0.731798214,0.0,175,795
prior-art-search-rsi-audit-2026-07-30,refs,7,9,1,1,1,1,1,1,1,1,1,0.672237693,0.1121064587,0.731798214,0.0,175,795
prior-art-state-of-art-2026-07-30,refs,7,9,1,1,1,1,1,1,1,1,1,0.672237693,0.1121064587,0.731798214,0.0,175,795
public-security-funding-targets-2026-07-25,refs,7,9,1,1,1,1,1,1,1,1,1,0.672237693,0.1121064587,0.731798214,0.0,175,795
readiness-gates-gtm-2026-07-25,refs,7,9,1,1,1,1,1,1,1,1,1,0.672237693,0.1121064587,0.731798214,0.0,175,795
readiness-gates-gtm-2026-07-28,refs,7,9,1,1,1,1,1,1,1,1,1,0.672237693,0.1121064587,0.731798214,0.0,175,795
recursive-self-improvement-audit-2026-07-28,refs,7,9,1,1,1,1,1,1,1,1,1,0.672237693,0.1121064587,0.731798214,0.0,175,795
release-gate-checklist-v2-2026-08-04,refs,7,9,1,1,1,1,1,1,1,1,1,0.672237693,0.1121064587,0.731798214,0.0,175,795
reproducible-builds-2026-07-22,refs,7,9,1,1,1,1,1,1,1,1,1,0.672237693,0.1121064587,0.731798214,0.0,175,795
research-refresh-2026-07-11,refs,7,9,1,1,1,1,1,1,1,1,1,0.672237693,0.1121064587,0.731798214,0.0,175,795
rk3588-ddr-tpl-source-2026-07-29,refs,7,9,1,1,1,1,1,1,1,1,1,0.672237693,0.1121064587,0.731798214,0.0,175,795
roadmap-promotion-gates-2026-07-17,refs,7,9,1,1,1,1,1,1,1,1,1,0.672237693,0.1121064587,0.731798214,0.0,175,795
rsi-five-skill-pass-2026-07-29,refs,7,9,1,1,1,1,1,1,1,1,1,0.672237693,0.1121064587,0.731798214,0.0,175,795
sbsign-pkcs11-validate-2026-07-23,refs,7,9,1,1,1,1,1,1,1,1,1,0.672237693,0.1121064587,0.731798214,0.0,175,795
sealed-uki-vm-test-2026-07-30,refs,7,9,1,1,1,1,1,1,1,1,1,0.672237693,0.1121064587,0.731798214,0.0,175,795
sectime-rk-secure-time-2026-07-17,refs,7,9,1,1,1,1,1,1,1,1,1,0.672237693,0.1121064587,0.731798214,0.0,175,795
slsa-l3-sbom-cosign-integration-spec-2026-08-04,refs,7,9,1,1,1,1,1,1,1,1,1,0.672237693,0.1121064587,0.731798214,0.0,175,795
systemd-hardening-audit-2026-07-17,refs,7,9,1,1,1,1,1,1,1,1,1,0.672237693,0.1121064587,0.731798214,0.0,175,795
systemd-homed-reference-2026-07-23,refs,7,9,1,1,1,1,1,1,1,1,1,0.672237693,0.1121064587,0.731798214,0.0,175,795
systemd-unit-directive-reference-2026-07-23,refs,7,9,1,1,1,1,1,1,1,1,1,0.672237693,0.1121064587,0.731798214,0.0,175,795
systemd-upstream-progress-2026-07-21,refs,7,9,1,1,1,1,1,1,1,1,1,0.672237693,0.1121064587,0.731798214,0.0,175,795
systemd-v262-audit-2026-07-14,refs,7,9,1,1,1,1,1,1,1,1,1,0.672237693,0.1121064587,0.731798214,0.0,175,795
team-budget-use-of-funds-2026-07-25,refs,7,9,1,1,1,1,1,1,1,1,1,0.672237693,0.1121064587,0.731798214,0.0,175,795
testing-production-gaps-2026-08-01,refs,7,9,1,1,1,1,1,1,1,1,1,0.672237693,0.1121064587,0.731798214,0.0,175,795
three-year-revenue-cost-model-2026-07-25,refs,7,9,1,1,1,1,1,1,1,1,1,0.672237693,0.1121064587,0.731798214,0.0,175,795
v261-base-image-bump-2026-07-23,refs,7,9,1,1,1,1,1,1,1,1,1,0.672237693,0.1121064587,0.731798214,0.0,175,795
validate-input-shape-doctrine-2026-08-04,refs,7,9,1,1,1,1,1,1,1,1,1,0.672237693,0.1121064587,0.731798214,0.0,175,795
vgpu-vfio-user-trust-boundary-2026-07-25,refs,7,9,1,1,1,1,1,1,1,1,1,0.672237693,0.1121064587,0.731798214,0.0,175,795
vm-e2e-run-29525332901,refs,7,9,1,1,1,1,1,1,1,1,1,0.672237693,0.1121064587,0.731798214,0.0,175,795
who-pays-and-why-2026-07-25,refs,7,9,1,1,1,1,1,1,1,1,1,0.672237693,0.1121064587,0.731798214,0.0,175,795
workflow-dispatch-reachability-spec-2026-08-04,refs,7,9,1,1,1,1,1,1,1,1,1,0.672237693,0.1121064587,0.731798214,0.0,175,795
workflow-patterns-deep-dive-2026-07-30,refs,7,9,1,1,1,1,1,1,1,1,1,0.672237693,0.1121064587,0.731798214,0.0,175,795
workflow-token-scope-audit-script-2026-08-04,refs,7,9,1,1,1,1,1,1,1,1,1,0.672237693,0.1121064587,0.731798214,0.0,175,795
yubikey-hw-validation-scenarios-2026-07-25,refs,7,9,1,1,1,1,1,1,1,1,1,0.672237693,0.1121064587,0.731798214,0.0,175,795
yubios-ci-strategy-history-2026-07-23,refs,7,9,1,1,1,1,1,1,1,1,1,0.672237693,0.1121064587,0.731798214,0.0,175,795
yubios-reproducibility-equivalents-2026-07-30,refs,7,9,1,1,1,1,1,1,1,1,1,0.672237693,0.1121064587,0.731798214,0.0,175,795
yubios-versioning-scheme-2026-08-04,refs,7,9,1,1,1,1,1,1,1,1,1,0.672237693,0.1121064587,0.731798214,0.0,175,795
zboot-workaround-runner-qemu-audit-2026-07-25,refs,7,9,1,1,1,1,1,1,1,1,1,0.672237693,0.1121064587,0.731798214,0.0,175,795
SELF-CHANGELOG/## 2026-07-31 — v0.1 — Initial self-portrait,self,,5,1,0,0,1,1,0,1,1,0,-0.6254928224,0.6154441662,-0.4795698149,1.8452278558,92,3
SELF-CHANGELOG/## 2026-07-31 — v0.2 — Soul section rebuilt from corpus read,self,,3,1,0,0,0,1,0,1,0,0,-0.8298181344,0.1677074222,0.5322368686,1.5162743507,73,14
SELF-CHANGELOG/## 2026-07-31 — v0.3 — SELF.md and SOUL.md published to yubi,self,,4,0,0,0,1,1,0,1,1,0,-0.4993329588,0.6648344591,0.5555733419,1.3073412868,28,2
SELF-CHANGELOG/## 2026-07-31 — v0.4 — SOUL.md designated canonical,self,,4,1,0,0,0,1,0,1,1,0,-0.8108311266,0.5050788046,0.2957165623,1.5950196223,75,8
SELF-CHANGELOG/## 2026-07-31 — v0.5 — External verification of SOUL.md 12-p,self,,4,1,0,0,0,1,0,1,1,0,-0.8108311266,0.5050788046,0.2957165623,1.5950196223,75,8
SELF-CHANGELOG/## 2026-07-31 — v0.6 — OMN-53 Negative 2 GITHUB_TOKEN fix sh,self,,6,1,1,0,1,1,0,1,1,0,0.5483378475,0.4448483446,-0.7081211445,1.4830495923,140,1
SELF-CHANGELOG/## 2026-07-31 — v0.7 — `internal-nonlex-tokens` skill shippe,self,,3,1,0,0,0,1,0,1,0,0,-0.8298181344,0.1677074222,0.5322368686,1.5162743507,73,14
SELF-CHANGELOG/## 2026-07-31 — v0.8 — ci_test-vgpu-vm: extract-script + sym,self,,4,1,1,1,0,0,0,1,0,0,-0.6265624545,-0.7349459138,0.2593723086,1.6209767984,145,2
SELF-CHANGELOG/## 2026-08-01 — v0.9 — ci_test-vgpu-vm.yml: step 21 mkdir fi,self,,6,1,1,0,0,1,0,1,1,1,0.3426190177,0.9326594646,-0.1129536713,1.2229315002,128,1
SELF-CHANGELOG/## 2026-08-01 — v0.11 — bootupd regression fix shipped (--co,self,,6,1,1,0,1,0,0,1,1,1,0.4450201849,-0.8910328508,0.0895404598,1.2126051679,133,2
SELF-CHANGELOG/## 2026-08-01 — v0.12 — ci_test-vgpu-vm: merge yubiOS pulls;,self,,3,1,0,0,0,0,1,1,0,0,-0.5230828202,-0.5272264092,0.6696392138,1.3569824563,68,3
SELF-CHANGELOG/## 2026-08-01 — v0.13 — ci_test-vgpu-vm step 25: mount ESP a,self,,4,1,0,0,0,0,0,1,1,1,-0.8782466275,-0.466075579,0.1070346487,1.7687921329,64,1
SELF-CHANGELOG/## 2026-08-01 — v0.14 — ci_test-vgpu-vm step 25: systemd-cry,self,,3,1,0,0,0,0,0,1,1,0,-0.7511334269,-0.3529664822,0.5578648916,1.5074916206,63,21
SELF-CHANGELOG/## 2026-08-01 — v0.15 — `playbooks/` seeded from whole-self ,self,,9,1,1,1,1,1,1,1,1,1,0.672237693,0.1121064587,0.731798214,0.0,175,795
SELF-CHANGELOG/## 2026-08-02 — v0.16 — First weekly Sunday cadence fire (12,self,,7,1,0,1,1,1,0,1,1,1,0.6663893224,0.6586068031,0.3495173099,0.6669599084,112,4
SELF-CHANGELOG/## 2026-08-03 — v0.17 — v0.16 sweep edits applied per Jenny ,self,,5,1,0,0,0,1,0,1,1,1,-0.4004562297,0.91269642,0.0813637078,1.4881806291,76,2
SELF-CHANGELOG/## 2026-08-03 — v0.18 — restful-self mode skill shipped to b,self,,4,1,0,0,0,1,0,1,1,0,-0.8108311266,0.5050788046,0.2957165623,1.5950196223,75,8
SELF-CHANGELOG/## 2026-08-04 — v0.19 — `curve-guided-rsi-self` skill shippe,self,,5,1,0,0,0,1,0,1,1,1,-0.4004562297,0.91269642,0.0813637078,1.4881806291,76,2
SELF-CHANGELOG/## 2026-08-04 — v0.20 — curve-guided-rsi-self applied: RSI C,self,,5,1,0,1,0,1,0,1,0,1,-0.3237410824,0.946099208,0.0093808393,1.4864065696,103,3
SELF-CHANGELOG/## 2026-08-04 — v0.21 — curve-guided-rsi-self applied across,self,,7,1,0,1,1,1,0,1,1,1,0.6663893224,0.6586068031,0.3495173099,0.6669599084,112,4
SELF-CHANGELOG/## 2026-08-04 — v0.22 — Differential curve baseline + RSI Cy,self,,4,1,0,1,0,1,0,1,0,0,-0.8184403438,0.5329823202,0.2146747538,1.6329954603,102,3
SELF-CHANGELOG/## 2026-08-04 — v0.23 — Differential use case V3 applied + R,self,,5,1,0,1,1,1,0,1,0,0,-0.5055116503,0.6084250324,-0.6117817841,1.8543551045,110,1
SELF-CHANGELOG/## 2026-08-04 — v0.24 — Follow-ups complete: agent-skills pu,self,,3,1,0,0,1,0,0,1,0,0,-0.5625216293,-0.5148744542,0.6468954421,1.3874235582,81,10
SELF-CHANGELOG/## 2026-08-04 — v0.25 — 9 milestone-achieving PRs shipped in,self,,8,1,1,1,1,1,0,1,1,1,0.7275151259,0.3525856783,0.5885618753,0.2853112307,170,8
SELF-CHANGELOG/## 2026-08-04 — v0.26 — All 9 PRs merged + scripts added (Pr,self,,6,1,0,1,1,1,0,1,1,0,0.3775427249,0.8991217252,-0.221453413,1.2707977094,111,1
SELF-CHANGELOG/## 2026-08-05 — v0.27 — rock1 shell bridge recovered; stale ,self,,5,1,0,0,0,1,1,1,1,0,-0.6619374715,0.4458131212,-0.6025690374,1.9162253176,78,1
SELF-CHANGELOG/## 2026-08-06 — v0.28 — Cycle 7 RSI + paper restructure ship,self,,9,1,1,1,1,1,1,1,1,1,0.672237693,0.1121064587,0.731798214,0.0,175,795
SELF-CHANGELOG/## 2026-08-06 — v0.X — cycle 5 RSI on recursive-self-improve,self,,3,1,0,0,0,0,0,1,1,0,-0.7511334269,-0.3529664822,0.5578648916,1.5074916206,63,21
SELF-CHANGELOG/## 2026-08-07 — v0.27 — `repo-history-skill` shipped (hyper-,self,,5,1,0,0,1,1,0,1,0,1,-0.5410269021,0.5469265735,-0.6388749599,1.8814421223,91,2
SELF-CHANGELOG/## 2026-08-07 — v0.28 — Single-action atom primitive insight,self,,5,1,1,0,0,1,0,1,1,0,-0.5501415854,0.7581873745,-0.3499944873,1.7555361285,127,3
SELF-CHANGELOG/## 2026-08-09 — v0.29 — Single-action-atom-skill re-run + Se,self,,3,0,0,0,0,0,1,1,1,0,-0.8778794923,-0.0831222617,0.4716124327,1.5838794721,11,2
SELF-CHANGELOG/## 2026-08-09 — v0.30 — Advisor pass: ideate-solo's paramete,self,,6,1,1,0,0,0,1,1,1,1,0.3996042456,-0.8949661517,0.1983734715,1.1717790727,125,8
SELF-CHANGELOG/## 2026-08-09 — v0.31 — Empirical audit: Candidates 13 + 09 ,self,,2,0,0,0,0,0,0,1,1,0,-0.7018896232,0.0823819753,0.707505595,1.3746634343,6,13
SELF-CHANGELOG/## 2026-08-09 — v0.32 — Ladder edit applied: 5/10 Set C rows,self,,1,0,0,0,0,0,0,1,0,0,-0.5960860637,-0.0151800402,0.802777037,1.2766694944,4,142
SELF-CHANGELOG/## 2026-08-09 — v0.33 — Precision fix applied: Set C fully e,self,,1,0,0,0,0,0,0,1,0,0,-0.5960860637,-0.0151800402,0.802777037,1.2766694944,4,142
SELF-CHANGELOG/## Dream-run slot,self,,6,1,0,1,0,1,1,1,1,0,0.4368194727,0.8198393281,-0.3702056513,1.3306840617,104,1
COMPANY/## Current Priorities,self,,7,1,1,1,1,1,0,1,1,0,0.8610295337,0.4747950067,0.1822027542,0.6850113221,169,3
COMPANY/## Tooling,self,,7,1,1,1,1,0,0,1,1,1,0.835023795,-0.4504850744,0.3159089419,0.7183122126,161,8
COMPANY/## Business Processes,self,,3,0,0,0,1,0,0,0,1,1,-0.7800606372,0.3575592151,0.5134752282,1.4889870455,24,2
RECENT_ACTIVITY/## 2026-08-06,self,,5,1,1,1,0,0,0,1,1,0,-0.3076418403,-0.8732172546,-0.3779525425,1.7783625787,147,4
RECENT_ACTIVITY/## 2026-08-05,self,,8,1,1,1,1,1,1,1,1,0,0.8472372838,0.0669859701,0.5269742543,0.2731548457,174,17
RECENT_ACTIVITY/## 2026-08-04,self,,3,0,1,0,0,0,0,1,1,0,-0.881287982,0.0671241357,0.4677882461,1.5764411487,50,6
RECENT_ACTIVITY/## 2026-08-02,self,,6,1,1,1,0,1,0,1,1,0,0.3445379888,0.9367029093,-0.0622995508,1.1907718767,156,4
RECENT_ACTIVITY/## 2026-08-01,self,,5,1,1,0,0,1,0,1,1,0,-0.5501415854,0.7581873745,-0.3499944873,1.7555361285,127,3
RECENT_ACTIVITY/## 2026-07-31,self,,7,1,1,1,1,1,0,1,1,0,0.8610295337,0.4747950067,0.1822027542,0.6850113221,169,3
RECENT_ACTIVITY/## 2026-07-30,self,,8,1,1,1,1,1,0,1,1,1,0.7275151259,0.3525856783,0.5885618753,0.2853112307,170,8
RECENT_ACTIVITY/## WeHo Auto (#weho-auto space),self,,8,1,1,1,1,1,0,1,1,1,0.7275151259,0.3525856783,0.5885618753,0.2853112307,170,8
RECENT_ACTIVITY/## 2026-08-04,self,,2,1,0,0,0,0,0,1,0,0,-0.6008005183,-0.2994018135,0.7412133912,1.3379289933,61,54
RULES/## Constraints,self,,6,1,1,0,1,1,0,1,0,1,0.6877789389,0.2962785134,-0.6627059482,1.4066992338,139,1
RULES/## Autonomy,self,,4,1,0,1,1,0,0,0,1,0,-0.9446888089,-0.3212228046,-0.0661737425,1.854450001,105,2
RULES/## Standards,self,,3,1,1,0,0,0,0,0,1,0,-0.8446435172,-0.2507434142,0.4729747024,1.5810054542,116,2
SAUNA_TOOLS/## Software & Apps,self,,7,1,1,1,1,0,0,1,1,1,0.835023795,-0.4504850744,0.3159089419,0.7183122126,161,8
SAUNA_TOOLS/## Services & Accounts,self,,4,1,0,1,0,0,0,1,1,0,-0.8938260779,-0.4419777012,0.075701084,1.7860650702,97,4
SAUNA_TOOLS/## Workflows,self,,2,0,0,0,1,1,0,0,0,0,-0.5126013716,0.3459123327,0.7858654414,1.2088970431,26,1
SAUNA_TOOLS/## Sauna Capabilities,self,,6,1,1,1,0,1,0,1,0,1,0.4599452546,0.8819437862,-0.1030801667,1.1553092663,155,2
SELF/## Soul,self,,7,1,1,0,1,1,0,1,1,1,0.8774509848,0.4544929411,0.1533490649,0.7028117931,141,1
SELF/## Strengths,self,,5,1,1,0,1,1,0,1,0,0,-0.5482298288,-0.1784198277,-0.817074305,1.9932266743,138,2
SELF/## Biases,self,,7,1,0,1,1,1,0,1,1,1,0.6663893224,0.6586068031,0.3495173099,0.6669599084,112,4
SELF/## Growth edges,self,,3,0,0,1,0,1,0,1,0,0,-0.4888559729,0.49325794,0.7195251506,1.2221152077,39,2
USER_PREFERENCES/## Task Handling,self,,8,1,1,1,1,1,0,1,1,1,0.7275151259,0.3525856783,0.5885618753,0.2853112307,170,8
USER_PREFERENCES/## Debug Observability,self,,5,1,0,1,0,1,0,1,0,1,-0.3237410824,0.946099208,0.0093808393,1.4864065696,103,3
USER_PREFERENCES/## API Hygiene (2026-08-04),self,,4,1,0,0,1,1,0,0,0,1,-0.747780852,0.6209110712,0.2351451447,1.5880803106,89,1
USER_PROFILE/## Current Focus,self,,7,1,1,1,1,0,0,1,1,1,0.835023795,-0.4504850744,0.3159089419,0.7183122126,161,8
USER_RELATIONSHIPS/## Work,self,,5,0,1,1,0,1,0,1,1,0,-0.1508802891,0.7862446189,0.5992115967,1.0721775424,57,1
SELF-CHANGELOG/## 2026-07-31 — v0.1 — Initial self-portrait/p1,self,,3,0,0,0,1,1,0,1,0,0,-0.6536730777,0.4257253228,0.625675201,1.3666229391,27,7
SELF-CHANGELOG/## 2026-07-31 — v0.1 — Initial self-portrait/p2,self,,2,0,0,0,0,1,0,1,0,0,-0.5383545213,0.3129243032,0.7824658394,1.2281809819,16,52
SELF-CHANGELOG/## 2026-07-31 — v0.1 — Initial self-portrait/p3,self,,2,0,0,0,0,0,0,1,1,0,-0.7018896232,0.0823819753,0.707505595,1.3746634343,6,13
SELF-CHANGELOG/## 2026-07-31 — v0.1 — Initial self-portrait/p4,self,,2,1,0,0,0,0,0,1,0,0,-0.6008005183,-0.2994018135,0.7412133912,1.3379289933,61,54
SELF-CHANGELOG/## 2026-07-31 — v0.1 — Initial self-portrait/p5,self,,0,0,0,0,0,0,0,0,0,0,-0.5017214028,0.0548363685,0.8632894107,1.1826875144,0,204
SELF-CHANGELOG/## 2026-07-31 — v0.2 — Soul section rebuilt from corpus read/p1,self,,2,1,0,0,0,0,0,1,0,0,-0.6008005183,-0.2994018135,0.7412133912,1.3379289933,61,54
SELF-CHANGELOG/## 2026-07-31 — v0.2 — Soul section rebuilt from corpus read/p2,self,,0,0,0,0,0,0,0,0,0,0,-0.5017214028,0.0548363685,0.8632894107,1.1826875144,0,204
SELF-CHANGELOG/## 2026-07-31 — v0.2 — Soul section rebuilt from corpus read/p3,self,,2,0,0,0,0,1,0,1,0,0,-0.5383545213,0.3129243032,0.7824658394,1.2281809819,16,52
SELF-CHANGELOG/## 2026-07-31 — v0.2 — Soul section rebuilt from corpus read/p4,self,,1,0,0,0,0,0,0,1,0,0,-0.5960860637,-0.0151800402,0.802777037,1.2766694944,4,142
SELF-CHANGELOG/## 2026-07-31 — v0.3 — SELF.md and SOUL.md published to yubi/p1,self,,1,0,0,0,0,0,0,1,0,0,-0.5960860637,-0.0151800402,0.802777037,1.2766694944,4,142
SELF-CHANGELOG/## 2026-07-31 — v0.3 — SELF.md and SOUL.md published to yubi/p2,self,,2,0,0,0,0,1,0,0,1,0,-0.4023636005,0.3662386258,0.8390308707,1.1094367675,15,21
SELF-CHANGELOG/## 2026-07-31 — v0.3 — SELF.md and SOUL.md published to yubi/p3,self,,3,0,0,0,1,1,0,1,0,0,-0.6536730777,0.4257253228,0.625675201,1.3666229391,27,7
SELF-CHANGELOG/## 2026-07-31 — v0.3 — SELF.md and SOUL.md published to yubi/p4,self,,1,0,0,0,0,1,0,0,0,0,-0.4329862816,0.265778548,0.8613272568,1.1233489743,13,14
SELF-CHANGELOG/## 2026-07-31 — v0.4 — SOUL.md designated canonical/p1,self,,1,0,0,0,0,0,0,0,1,0,-0.5610398353,0.1398786189,0.8158849644,1.236452723,2,33
SELF-CHANGELOG/## 2026-07-31 — v0.4 — SOUL.md designated canonical/p2,self,,3,1,0,0,0,0,0,1,1,0,-0.7511334269,-0.3529664822,0.5578648916,1.5074916206,63,21
SELF-CHANGELOG/## 2026-07-31 — v0.4 — SOUL.md designated canonical/p3,self,,2,0,0,0,0,0,0,1,1,0,-0.7018896232,0.0823819753,0.707505595,1.3746634343,6,13
SELF-CHANGELOG/## 2026-07-31 — v0.4 — SOUL.md designated canonical/p4,self,,3,0,0,0,0,1,0,1,1,0,-0.4835798101,0.4692329101,0.7388985338,1.2097536184,18,18
SELF-CHANGELOG/## 2026-07-31 — v0.5 — External verification of SOUL.md 12-p/p1,self,,1,1,0,0,0,0,0,0,0,0,-0.5778391145,-0.132115944,0.8053864508,1.2758337804,58,94
SELF-CHANGELOG/## 2026-07-31 — v0.5 — External verification of SOUL.md 12-p/p2,self,,2,1,0,0,0,0,0,1,0,0,-0.6008005183,-0.2994018135,0.7412133912,1.3379289933,61,54
SELF-CHANGELOG/## 2026-07-31 — v0.5 — External verification of SOUL.md 12-p/p3,self,,1,1,0,0,0,0,0,0,0,0,-0.5778391145,-0.132115944,0.8053864508,1.2758337804,58,94
SELF-CHANGELOG/## 2026-07-31 — v0.5 — External verification of SOUL.md 12-p/p4,self,,1,1,0,0,0,0,0,0,0,0,-0.5778391145,-0.132115944,0.8053864508,1.2758337804,58,94
SELF-CHANGELOG/## 2026-07-31 — v0.5 — External verification of SOUL.md 12-p/p5,self,,1,1,0,0,0,0,0,0,0,0,-0.5778391145,-0.132115944,0.8053864508,1.2758337804,58,94
SELF-CHANGELOG/## 2026-07-31 — v0.5 — External verification of SOUL.md 12-p/p6,self,,2,1,0,0,0,0,0,0,1,0,-0.7101469187,-0.0969207592,0.6973505003,1.3985228771,60,9
SELF-CHANGELOG/## 2026-07-31 — v0.5 — External verification of SOUL.md 12-p/p7,self,,2,1,0,0,0,0,0,1,0,0,-0.6008005183,-0.2994018135,0.7412133912,1.3379289933,61,54
SELF-CHANGELOG/## 2026-07-31 — v0.5 — External verification of SOUL.md 12-p/p8,self,,3,1,0,0,0,1,0,1,0,0,-0.8298181344,0.1677074222,0.5322368686,1.5162743507,73,14
SELF-CHANGELOG/## 2026-07-31 — v0.6 — OMN-53 Negative 2 GITHUB_TOKEN fix sh/p1,self,,1,1,0,0,0,0,0,0,0,0,-0.5778391145,-0.132115944,0.8053864508,1.2758337804,58,94
SELF-CHANGELOG/## 2026-07-31 — v0.6 — OMN-53 Negative 2 GITHUB_TOKEN fix sh/p2,self,,0,0,0,0,0,0,0,0,0,0,-0.5017214028,0.0548363685,0.8632894107,1.1826875144,0,204
SELF-CHANGELOG/## 2026-07-31 — v0.6 — OMN-53 Negative 2 GITHUB_TOKEN fix sh/p3,self,,2,0,1,0,0,0,0,1,0,0,-0.7296049124,-0.0744450928,0.6798048249,1.4151563463,49,5
SELF-CHANGELOG/## 2026-07-31 — v0.6 — OMN-53 Negative 2 GITHUB_TOKEN fix sh/p4,self,,0,0,0,0,0,0,0,0,0,0,-0.5017214028,0.0548363685,0.8632894107,1.1826875144,0,204
SELF-CHANGELOG/## 2026-07-31 — v0.6 — OMN-53 Negative 2 GITHUB_TOKEN fix sh/p5,self,,2,1,0,0,0,0,0,0,1,0,-0.7101469187,-0.0969207592,0.6973505003,1.3985228771,60,9
SELF-CHANGELOG/## 2026-07-31 — v0.6 — OMN-53 Negative 2 GITHUB_TOKEN fix sh/p6,self,,2,0,0,0,1,0,0,1,0,0,-0.7162932059,-0.118086091,0.6877352094,1.4081719411,25,2
SELF-CHANGELOG/## 2026-07-31 — v0.6 — OMN-53 Negative 2 GITHUB_TOKEN fix sh/p7,self,,1,0,0,0,0,0,0,0,1,0,-0.5610398353,0.1398786189,0.8158849644,1.236452723,2,33
SELF-CHANGELOG/## 2026-07-31 — v0.6 — OMN-53 Negative 2 GITHUB_TOKEN fix sh/p8,self,,1,1,0,0,0,0,0,0,0,0,-0.5778391145,-0.132115944,0.8053864508,1.2758337804,58,94
SELF-CHANGELOG/## 2026-07-31 — v0.6 — OMN-53 Negative 2 GITHUB_TOKEN fix sh/p9,self,,1,1,0,0,0,0,0,0,0,0,-0.5778391145,-0.132115944,0.8053864508,1.2758337804,58,94
SELF-CHANGELOG/## 2026-07-31 — v0.6 — OMN-53 Negative 2 GITHUB_TOKEN fix sh/p10,self,,2,1,0,0,0,0,0,1,0,0,-0.6008005183,-0.2994018135,0.7412133912,1.3379289933,61,54
SELF-CHANGELOG/## 2026-07-31 — v0.6 — OMN-53 Negative 2 GITHUB_TOKEN fix sh/p11,self,,1,1,0,0,0,0,0,0,0,0,-0.5778391145,-0.132115944,0.8053864508,1.2758337804,58,94
SELF-CHANGELOG/## 2026-07-31 — v0.6 — OMN-53 Negative 2 GITHUB_TOKEN fix sh/p12,self,,1,0,0,0,0,0,0,1,0,0,-0.5960860637,-0.0151800402,0.802777037,1.2766694944,4,142
SELF-CHANGELOG/## 2026-07-31 — v0.6 — OMN-53 Negative 2 GITHUB_TOKEN fix sh/p13,self,,2,1,0,0,0,0,0,1,0,0,-0.6008005183,-0.2994018135,0.7412133912,1.3379289933,61,54
SELF-CHANGELOG/## 2026-07-31 — v0.6 — OMN-53 Negative 2 GITHUB_TOKEN fix sh/p14,self,,3,0,1,0,0,0,0,1,1,0,-0.881287982,0.0671241357,0.4677882461,1.5764411487,50,6
SELF-CHANGELOG/## 2026-07-31 — v0.6 — OMN-53 Negative 2 GITHUB_TOKEN fix sh/p15,self,,1,0,0,0,1,0,0,0,0,0,-0.6088675156,0.0206835518,0.7930022315,1.2858206077,21,6
SELF-CHANGELOG/## 2026-07-31 — v0.6 — OMN-53 Negative 2 GITHUB_TOKEN fix sh/p16,self,,2,1,0,0,0,0,0,1,0,0,-0.6008005183,-0.2994018135,0.7412133912,1.3379289933,61,54
SELF-CHANGELOG/## 2026-07-31 — v0.6 — OMN-53 Negative 2 GITHUB_TOKEN fix sh/p17,self,,2,0,0,0,0,1,0,1,0,0,-0.5383545213,0.3129243032,0.7824658394,1.2281809819,16,52
SELF-CHANGELOG/## 2026-07-31 — v0.6 — OMN-53 Negative 2 GITHUB_TOKEN fix sh/p18,self,,2,0,0,0,0,1,0,1,0,0,-0.5383545213,0.3129243032,0.7824658394,1.2281809819,16,52
SELF-CHANGELOG/## 2026-07-31 — v0.6 — OMN-53 Negative 2 GITHUB_TOKEN fix sh/p19,self,,1,1,0,0,0,0,0,0,0,0,-0.5778391145,-0.132115944,0.8053864508,1.2758337804,58,94
SELF-CHANGELOG/## 2026-07-31 — v0.7 — `internal-nonlex-tokens` skill shippe/p1,self,,0,0,0,0,0,0,0,0,0,0,-0.5017214028,0.0548363685,0.8632894107,1.1826875144,0,204
SELF-CHANGELOG/## 2026-07-31 — v0.7 — `internal-nonlex-tokens` skill shippe/p2,self,,0,0,0,0,0,0,0,0,0,0,-0.5017214028,0.0548363685,0.8632894107,1.1826875144,0,204
SELF-CHANGELOG/## 2026-07-31 — v0.7 — `internal-nonlex-tokens` skill shippe/p3,self,,1,0,0,0,0,0,0,1,0,0,-0.5960860637,-0.0151800402,0.802777037,1.2766694944,4,142
SELF-CHANGELOG/## 2026-07-31 — v0.7 — `internal-nonlex-tokens` skill shippe/p4,self,,2,1,0,0,0,0,0,1,0,0,-0.6008005183,-0.2994018135,0.7412133912,1.3379289933,61,54
SELF-CHANGELOG/## 2026-07-31 — v0.7 — `internal-nonlex-tokens` skill shippe/p5,self,,3,1,0,0,0,1,0,1,0,0,-0.8298181344,0.1677074222,0.5322368686,1.5162743507,73,14
SELF-CHANGELOG/## 2026-07-31 — v0.7 — `internal-nonlex-tokens` skill shippe/p6,self,,1,0,0,0,0,0,0,1,0,0,-0.5960860637,-0.0151800402,0.802777037,1.2766694944,4,142
SELF-CHANGELOG/## 2026-07-31 — v0.7 — `internal-nonlex-tokens` skill shippe/p7,self,,2,1,0,0,0,0,0,1,0,0,-0.6008005183,-0.2994018135,0.7412133912,1.3379289933,61,54
SELF-CHANGELOG/## 2026-07-31 — v0.7 — `internal-nonlex-tokens` skill shippe/p8,self,,1,0,0,0,0,0,0,1,0,0,-0.5960860637,-0.0151800402,0.802777037,1.2766694944,4,142
SELF-CHANGELOG/## 2026-07-31 — v0.7 — `internal-nonlex-tokens` skill shippe/p9,self,,0,0,0,0,0,0,0,0,0,0,-0.5017214028,0.0548363685,0.8632894107,1.1826875144,0,204
SELF-CHANGELOG/## 2026-07-31 — v0.8 — ci_test-vgpu-vm: extract-script + sym/p1,self,,0,0,0,0,0,0,0,0,0,0,-0.5017214028,0.0548363685,0.8632894107,1.1826875144,0,204
SELF-CHANGELOG/## 2026-07-31 — v0.8 — ci_test-vgpu-vm: extract-script + sym/p2,self,,1,1,0,0,0,0,0,0,0,0,-0.5778391145,-0.132115944,0.8053864508,1.2758337804,58,94
SELF-CHANGELOG/## 2026-07-31 — v0.8 — ci_test-vgpu-vm: extract-script + sym/p3,self,,0,0,0,0,0,0,0,0,0,0,-0.5017214028,0.0548363685,0.8632894107,1.1826875144,0,204
SELF-CHANGELOG/## 2026-07-31 — v0.8 — ci_test-vgpu-vm: extract-script + sym/p4,self,,4,1,1,1,0,0,0,1,0,0,-0.6265624545,-0.7349459138,0.2593723086,1.6209767984,145,2
SELF-CHANGELOG/## 2026-07-31 — v0.8 — ci_test-vgpu-vm: extract-script + sym/p5,self,,3,1,0,1,0,0,0,1,0,0,-0.7520919793,-0.3958769652,0.5269146829,1.5260207849,96,3
SELF-CHANGELOG/## 2026-07-31 — v0.8 — ci_test-vgpu-vm: extract-script + sym/p6,self,,1,0,0,1,0,0,0,0,0,0,-0.5787841358,0.1420824769,0.8030077795,1.2534053535,29,4
SELF-CHANGELOG/## 2026-07-31 — v0.8 — ci_test-vgpu-vm: extract-script + sym/p7,self,,1,1,0,0,0,0,0,0,0,0,-0.5778391145,-0.132115944,0.8053864508,1.2758337804,58,94
SELF-CHANGELOG/## 2026-07-31 — v0.8 — ci_test-vgpu-vm: extract-script + sym/p8,self,,0,0,0,0,0,0,0,0,0,0,-0.5017214028,0.0548363685,0.8632894107,1.1826875144,0,204
SELF-CHANGELOG/## 2026-07-31 — v0.8 — ci_test-vgpu-vm: extract-script + sym/p9,self,,1,0,0,0,0,0,0,1,0,0,-0.5960860637,-0.0151800402,0.802777037,1.2766694944,4,142
SELF-CHANGELOG/## 2026-07-31 — v0.8 — ci_test-vgpu-vm: extract-script + sym/p10,self,,1,1,0,0,0,0,0,0,0,0,-0.5778391145,-0.132115944,0.8053864508,1.2758337804,58,94
SELF-CHANGELOG/## 2026-07-31 — v0.8 — ci_test-vgpu-vm: extract-script + sym/p11,self,,2,1,0,0,0,0,0,1,0,0,-0.6008005183,-0.2994018135,0.7412133912,1.3379289933,61,54
SELF-CHANGELOG/## 2026-07-31 — v0.8 — ci_test-vgpu-vm: extract-script + sym/p12,self,,2,1,0,0,0,0,0,1,0,0,-0.6008005183,-0.2994018135,0.7412133912,1.3379289933,61,54
SELF-CHANGELOG/## 2026-07-31 — v0.8 — ci_test-vgpu-vm: extract-script + sym/p13,self,,1,0,0,0,0,0,0,1,0,0,-0.5960860637,-0.0151800402,0.802777037,1.2766694944,4,142
SELF-CHANGELOG/## 2026-08-01 — v0.9 — ci_test-vgpu-vm.yml: step 21 mkdir fi/p1,self,,1,1,0,0,0,0,0,0,0,0,-0.5778391145,-0.132115944,0.8053864508,1.2758337804,58,94
SELF-CHANGELOG/## 2026-08-01 — v0.9 — ci_test-vgpu-vm.yml: step 21 mkdir fi/p2,self,,1,0,0,0,0,0,0,1,0,0,-0.5960860637,-0.0151800402,0.802777037,1.2766694944,4,142
SELF-CHANGELOG/## 2026-08-01 — v0.9 — ci_test-vgpu-vm.yml: step 21 mkdir fi/p3,self,,2,1,0,0,0,0,0,0,0,1,-0.7221856774,-0.1289672536,0.6795699338,1.4160723371,59,7
SELF-CHANGELOG/## 2026-08-01 — v0.9 — ci_test-vgpu-vm.yml: step 21 mkdir fi/p4,self,,1,1,0,0,0,0,0,0,0,0,-0.5778391145,-0.132115944,0.8053864508,1.2758337804,58,94
SELF-CHANGELOG/## 2026-08-01 — v0.9 — ci_test-vgpu-vm.yml: step 21 mkdir fi/p5,self,,2,0,0,0,0,0,0,1,1,0,-0.7018896232,0.0823819753,0.707505595,1.3746634343,6,13
SELF-CHANGELOG/## 2026-08-01 — v0.9 — ci_test-vgpu-vm.yml: step 21 mkdir fi/p6,self,,4,0,1,0,0,1,0,1,1,0,-0.4502389737,0.6668846999,0.5937589272,1.2596775813,54,2
SELF-CHANGELOG/## 2026-08-01 — v0.9 — ci_test-vgpu-vm.yml: step 21 mkdir fi/p7,self,,3,1,0,0,0,0,0,1,0,1,-0.7375852435,-0.4043533192,0.5408016289,1.5135425697,62,4
SELF-CHANGELOG/## 2026-08-01 — v0.9 — ci_test-vgpu-vm.yml: step 21 mkdir fi/p8,self,,1,1,0,0,0,0,0,0,0,0,-0.5778391145,-0.132115944,0.8053864508,1.2758337804,58,94
SELF-CHANGELOG/## 2026-08-01 — v0.9 — ci_test-vgpu-vm.yml: step 21 mkdir fi/p9,self,,1,0,0,0,0,1,0,0,0,0,-0.4329862816,0.265778548,0.8613272568,1.1233489743,13,14
SELF-CHANGELOG/## 2026-08-01 — v0.9 — ci_test-vgpu-vm.yml: step 21 mkdir fi/p10,self,,0,0,0,0,0,0,0,0,0,0,-0.5017214028,0.0548363685,0.8632894107,1.1826875144,0,204
SELF-CHANGELOG/## 2026-08-01 — v0.9 — ci_test-vgpu-vm.yml: step 21 mkdir fi/p11,self,,2,0,0,0,0,1,0,1,0,0,-0.5383545213,0.3129243032,0.7824658394,1.2281809819,16,52
SELF-CHANGELOG/## 2026-08-01 — v0.11 — bootupd regression fix shipped (--co/p1,self,,1,0,0,0,0,0,0,0,1,0,-0.5610398353,0.1398786189,0.8158849644,1.236452723,2,33
SELF-CHANGELOG/## 2026-08-01 — v0.11 — bootupd regression fix shipped (--co/p2,self,,1,0,1,0,0,0,0,0,0,0,-0.6081736362,0.0510415649,0.7921613389,1.2832871075,45,8
SELF-CHANGELOG/## 2026-08-01 — v0.11 — bootupd regression fix shipped (--co/p3,self,,3,1,0,0,1,0,0,1,0,0,-0.5625216293,-0.5148744542,0.6468954421,1.3874235582,81,10
SELF-CHANGELOG/## 2026-08-01 — v0.11 — bootupd regression fix shipped (--co/p4,self,,1,1,0,0,0,0,0,0,0,0,-0.5778391145,-0.132115944,0.8053864508,1.2758337804,58,94
SELF-CHANGELOG/## 2026-08-01 — v0.11 — bootupd regression fix shipped (--co/p5,self,,2,1,0,0,0,0,0,0,0,1,-0.7221856774,-0.1289672536,0.6795699338,1.4160723371,59,7
SELF-CHANGELOG/## 2026-08-01 — v0.11 — bootupd regression fix shipped (--co/p6,self,,1,1,0,0,0,0,0,0,0,0,-0.5778391145,-0.132115944,0.8053864508,1.2758337804,58,94
SELF-CHANGELOG/## 2026-08-01 — v0.11 — bootupd regression fix shipped (--co/p7,self,,0,0,0,0,0,0,0,0,0,0,-0.5017214028,0.0548363685,0.8632894107,1.1826875144,0,204
SELF-CHANGELOG/## 2026-08-01 — v0.11 — bootupd regression fix shipped (--co/p8,self,,2,1,0,0,0,0,0,1,0,0,-0.6008005183,-0.2994018135,0.7412133912,1.3379289933,61,54
SELF-CHANGELOG/## 2026-08-01 — v0.11 — bootupd regression fix shipped (--co/p9,self,,1,1,0,0,0,0,0,0,0,0,-0.5778391145,-0.132115944,0.8053864508,1.2758337804,58,94
SELF-CHANGELOG/## 2026-08-01 — v0.12 — ci_test-vgpu-vm: merge yubiOS pulls;/p1,self,,0,0,0,0,0,0,0,0,0,0,-0.5017214028,0.0548363685,0.8632894107,1.1826875144,0,204
SELF-CHANGELOG/## 2026-08-01 — v0.12 — ci_test-vgpu-vm: merge yubiOS pulls;/p2,self,,2,0,0,0,0,0,1,1,0,0,-0.7045989484,-0.1591514912,0.6915281084,1.4038809401,10,6
SELF-CHANGELOG/## 2026-08-01 — v0.12 — ci_test-vgpu-vm: merge yubiOS pulls;/p3,self,,1,0,0,0,0,0,1,0,0,0,-0.6110039576,-0.0078890963,0.79158823,1.2902259156,7,6
SELF-CHANGELOG/## 2026-08-01 — v0.12 — ci_test-vgpu-vm: merge yubiOS pulls;/p4,self,,1,0,0,0,0,0,0,1,0,0,-0.5960860637,-0.0151800402,0.802777037,1.2766694944,4,142
SELF-CHANGELOG/## 2026-08-01 — v0.12 — ci_test-vgpu-vm: merge yubiOS pulls;/p5,self,,0,0,0,0,0,0,0,0,0,0,-0.5017214028,0.0548363685,0.8632894107,1.1826875144,0,204
SELF-CHANGELOG/## 2026-08-01 — v0.12 — ci_test-vgpu-vm: merge yubiOS pulls;/p6,self,,0,0,0,0,0,0,0,0,0,0,-0.5017214028,0.0548363685,0.8632894107,1.1826875144,0,204
SELF-CHANGELOG/## 2026-08-01 — v0.12 — ci_test-vgpu-vm: merge yubiOS pulls;/p7,self,,0,0,0,0,0,0,0,0,0,0,-0.5017214028,0.0548363685,0.8632894107,1.1826875144,0,204
SELF-CHANGELOG/## 2026-08-01 — v0.12 — ci_test-vgpu-vm: merge yubiOS pulls;/p8,self,,2,1,0,0,0,0,0,1,0,0,-0.6008005183,-0.2994018135,0.7412133912,1.3379289933,61,54
SELF-CHANGELOG/## 2026-08-01 — v0.12 — ci_test-vgpu-vm: merge yubiOS pulls;/p9,self,,0,0,0,0,0,0,0,0,0,0,-0.5017214028,0.0548363685,0.8632894107,1.1826875144,0,204
SELF-CHANGELOG/## 2026-08-01 — v0.12 — ci_test-vgpu-vm: merge yubiOS pulls;/p10,self,,1,1,0,0,0,0,0,0,0,0,-0.5778391145,-0.132115944,0.8053864508,1.2758337804,58,94
SELF-CHANGELOG/## 2026-08-01 — v0.12 — ci_test-vgpu-vm: merge yubiOS pulls;/p11,self,,0,0,0,0,0,0,0,0,0,0,-0.5017214028,0.0548363685,0.8632894107,1.1826875144,0,204
SELF-CHANGELOG/## 2026-08-01 — v0.12 — ci_test-vgpu-vm: merge yubiOS pulls;/p12,self,,1,0,0,0,0,0,0,1,0,0,-0.5960860637,-0.0151800402,0.802777037,1.2766694944,4,142
SELF-CHANGELOG/## 2026-08-01 — v0.12 — ci_test-vgpu-vm: merge yubiOS pulls;/p13,self,,1,1,0,0,0,0,0,0,0,0,-0.5778391145,-0.132115944,0.8053864508,1.2758337804,58,94
SELF-CHANGELOG/## 2026-08-01 — v0.13 — ci_test-vgpu-vm step 25: mount ESP a/p1,self,,1,0,0,0,0,0,0,0,1,0,-0.5610398353,0.1398786189,0.8158849644,1.236452723,2,33
SELF-CHANGELOG/## 2026-08-01 — v0.13 — ci_test-vgpu-vm step 25: mount ESP a/p2,self,,0,0,0,0,0,0,0,0,0,0,-0.5017214028,0.0548363685,0.8632894107,1.1826875144,0,204
SELF-CHANGELOG/## 2026-08-01 — v0.13 — ci_test-vgpu-vm step 25: mount ESP a/p3,self,,1,0,0,0,0,0,0,1,0,0,-0.5960860637,-0.0151800402,0.802777037,1.2766694944,4,142
SELF-CHANGELOG/## 2026-08-01 — v0.13 — ci_test-vgpu-vm step 25: mount ESP a/p4,self,,1,0,0,0,0,0,0,0,0,1,-0.5799792611,0.1329904426,0.8037024318,1.2544535295,1,10
SELF-CHANGELOG/## 2026-08-01 — v0.13 — ci_test-vgpu-vm step 25: mount ESP a/p5,self,,1,0,0,0,0,0,0,1,0,0,-0.5960860637,-0.0151800402,0.802777037,1.2766694944,4,142
SELF-CHANGELOG/## 2026-08-01 — v0.13 — ci_test-vgpu-vm step 25: mount ESP a/p6,self,,1,1,0,0,0,0,0,0,0,0,-0.5778391145,-0.132115944,0.8053864508,1.2758337804,58,94
SELF-CHANGELOG/## 2026-08-01 — v0.13 — ci_test-vgpu-vm step 25: mount ESP a/p7,self,,0,0,0,0,0,0,0,0,0,0,-0.5017214028,0.0548363685,0.8632894107,1.1826875144,0,204
SELF-CHANGELOG/## 2026-08-01 — v0.13 — ci_test-vgpu-vm step 25: mount ESP a/p8,self,,1,0,0,0,0,0,0,1,0,0,-0.5960860637,-0.0151800402,0.802777037,1.2766694944,4,142
SELF-CHANGELOG/## 2026-08-01 — v0.14 — ci_test-vgpu-vm step 25: systemd-cry/p1,self,,1,0,0,0,0,0,0,0,1,0,-0.5610398353,0.1398786189,0.8158849644,1.236452723,2,33
SELF-CHANGELOG/## 2026-08-01 — v0.14 — ci_test-vgpu-vm step 25: systemd-cry/p2,self,,1,0,0,0,0,0,0,0,1,0,-0.5610398353,0.1398786189,0.8158849644,1.236452723,2,33
SELF-CHANGELOG/## 2026-08-01 — v0.14 — ci_test-vgpu-vm step 25: systemd-cry/p3,self,,1,0,0,0,0,0,0,0,1,0,-0.5610398353,0.1398786189,0.8158849644,1.236452723,2,33
SELF-CHANGELOG/## 2026-08-01 — v0.14 — ci_test-vgpu-vm step 25: systemd-cry/p4,self,,3,1,0,0,0,0,0,1,1,0,-0.7511334269,-0.3529664822,0.5578648916,1.5074916206,63,21
SELF-CHANGELOG/## 2026-08-01 — v0.14 — ci_test-vgpu-vm step 25: systemd-cry/p5,self,,2,1,0,0,0,0,0,0,1,0,-0.7101469187,-0.0969207592,0.6973505003,1.3985228771,60,9
SELF-CHANGELOG/## 2026-08-01 — v0.14 — ci_test-vgpu-vm step 25: systemd-cry/p6,self,,2,1,0,0,0,0,0,0,1,0,-0.7101469187,-0.0969207592,0.6973505003,1.3985228771,60,9
SELF-CHANGELOG/## 2026-08-01 — v0.14 — ci_test-vgpu-vm step 25: systemd-cry/p7,self,,1,0,0,0,0,0,0,1,0,0,-0.5960860637,-0.0151800402,0.802777037,1.2766694944,4,142
SELF-CHANGELOG/## 2026-08-01 — v0.15 — `playbooks/` seeded from whole-self /p1,self,,0,0,0,0,0,0,0,0,0,0,-0.5017214028,0.0548363685,0.8632894107,1.1826875144,0,204
SELF-CHANGELOG/## 2026-08-01 — v0.15 — `playbooks/` seeded from whole-self /p2,self,,2,0,0,1,0,0,0,1,0,0,-0.7264949823,0.0771287456,0.6828295521,1.4000265952,31,11
SELF-CHANGELOG/## 2026-08-01 — v0.15 — `playbooks/` seeded from whole-self /p3,self,,0,0,0,0,0,0,0,0,0,0,-0.5017214028,0.0548363685,0.8632894107,1.1826875144,0,204
SELF-CHANGELOG/## 2026-08-01 — v0.15 — `playbooks/` seeded from whole-self /p4,self,,3,1,0,0,1,0,0,1,0,0,-0.5625216293,-0.5148744542,0.6468954421,1.3874235582,81,10
SELF-CHANGELOG/## 2026-08-01 — v0.15 — `playbooks/` seeded from whole-self /p5,self,,3,1,1,0,0,0,0,1,0,0,-0.6054445241,-0.5036210802,0.6162813771,1.4230025965,117,6
SELF-CHANGELOG/## 2026-08-01 — v0.15 — `playbooks/` seeded from whole-self /p6,self,,5,1,0,0,1,0,1,1,0,1,-0.0765049248,-0.8889942797,0.4514821892,1.281169493,85,8
SELF-CHANGELOG/## 2026-08-01 — v0.15 — `playbooks/` seeded from whole-self /p7,self,,1,0,0,0,0,0,0,1,0,0,-0.5960860637,-0.0151800402,0.802777037,1.2766694944,4,142
SELF-CHANGELOG/## 2026-08-01 — v0.15 — `playbooks/` seeded from whole-self /p8,self,,2,1,0,0,0,0,0,0,1,0,-0.7101469187,-0.0969207592,0.6973505003,1.3985228771,60,9
SELF-CHANGELOG/## 2026-08-01 — v0.15 — `playbooks/` seeded from whole-self /p9,self,,0,0,0,0,0,0,0,0,0,0,-0.5017214028,0.0548363685,0.8632894107,1.1826875144,0,204
SELF-CHANGELOG/## 2026-08-01 — v0.15 — `playbooks/` seeded from whole-self /p10,self,,2,0,0,0,0,0,0,1,0,1,-0.7252343251,0.0626867829,0.6856424293,1.3991071089,5,6
SELF-CHANGELOG/## 2026-08-01 — v0.15 — `playbooks/` seeded from whole-self /p11,self,,1,1,0,0,0,0,0,0,0,0,-0.5778391145,-0.132115944,0.8053864508,1.2758337804,58,94
SELF-CHANGELOG/## 2026-08-01 — v0.15 — `playbooks/` seeded from whole-self /p12,self,,1,0,0,0,0,0,0,1,0,0,-0.5960860637,-0.0151800402,0.802777037,1.2766694944,4,142
SELF-CHANGELOG/## 2026-08-01 — v0.15 — `playbooks/` seeded from whole-self /p13,self,,0,0,0,0,0,0,0,0,0,0,-0.5017214028,0.0548363685,0.8632894107,1.1826875144,0,204
SELF-CHANGELOG/## 2026-08-01 — v0.15 — `playbooks/` seeded from whole-self /p14,self,,4,1,0,0,0,1,0,1,1,0,-0.8108311266,0.5050788046,0.2957165623,1.5950196223,75,8
SELF-CHANGELOG/## 2026-08-01 — v0.15 — `playbooks/` seeded from whole-self /p15,self,,0,0,0,0,0,0,0,0,0,0,-0.5017214028,0.0548363685,0.8632894107,1.1826875144,0,204
SELF-CHANGELOG/## 2026-08-01 — v0.15 — `playbooks/` seeded from whole-self /p16,self,,4,1,0,0,1,1,0,1,0,0,-0.997444865,0.054704894,0.0459468806,1.8059697771,90,3
SELF-CHANGELOG/## 2026-08-01 — v0.15 — `playbooks/` seeded from whole-self /p17,self,,3,1,0,0,0,0,0,1,1,0,-0.7511334269,-0.3529664822,0.5578648916,1.5074916206,63,21
SELF-CHANGELOG/## 2026-08-01 — v0.15 — `playbooks/` seeded from whole-self /p18,self,,3,1,0,0,0,0,0,1,1,0,-0.7511334269,-0.3529664822,0.5578648916,1.5074916206,63,21
SELF-CHANGELOG/## 2026-08-01 — v0.15 — `playbooks/` seeded from whole-self /p19,self,,1,0,0,0,0,0,0,1,0,0,-0.5960860637,-0.0151800402,0.802777037,1.2766694944,4,142
SELF-CHANGELOG/## 2026-08-01 — v0.15 — `playbooks/` seeded from whole-self /p20,self,,2,1,0,0,0,0,0,0,0,1,-0.7221856774,-0.1289672536,0.6795699338,1.4160723371,59,7
SELF-CHANGELOG/## 2026-08-02 — v0.16 — First weekly Sunday cadence fire (12/p1,self,,3,0,0,0,1,1,0,1,0,0,-0.6536730777,0.4257253228,0.625675201,1.3666229391,27,7
SELF-CHANGELOG/## 2026-08-02 — v0.16 — First weekly Sunday cadence fire (12/p2,self,,2,0,0,1,0,1,0,0,0,0,-0.4080232024,0.381775466,0.8293157178,1.1176737624,37,1
SELF-CHANGELOG/## 2026-08-02 — v0.16 — First weekly Sunday cadence fire (12/p3,self,,1,0,0,0,0,1,0,0,0,0,-0.4329862816,0.265778548,0.8613272568,1.1233489743,13,14
SELF-CHANGELOG/## 2026-08-02 — v0.16 — First weekly Sunday cadence fire (12/p4,self,,4,1,0,0,0,1,0,1,1,0,-0.8108311266,0.5050788046,0.2957165623,1.5950196223,75,8
SELF-CHANGELOG/## 2026-08-02 — v0.16 — First weekly Sunday cadence fire (12/p5,self,,2,0,0,0,0,1,0,0,1,0,-0.4023636005,0.3662386258,0.8390308707,1.1094367675,15,21
SELF-CHANGELOG/## 2026-08-02 — v0.16 — First weekly Sunday cadence fire (12/p6,self,,2,0,0,0,0,1,0,1,0,0,-0.5383545213,0.3129243032,0.7824658394,1.2281809819,16,52
SELF-CHANGELOG/## 2026-08-02 — v0.16 — First weekly Sunday cadence fire (12/p7,self,,1,0,0,0,0,1,0,0,0,0,-0.4329862816,0.265778548,0.8613272568,1.1233489743,13,14
SELF-CHANGELOG/## 2026-08-02 — v0.16 — First weekly Sunday cadence fire (12/p8,self,,1,0,0,0,0,1,0,0,0,0,-0.4329862816,0.265778548,0.8613272568,1.1233489743,13,14
SELF-CHANGELOG/## 2026-08-02 — v0.16 — First weekly Sunday cadence fire (12/p9,self,,4,0,0,0,0,1,0,1,1,1,-0.3449000428,0.6291403259,0.6965819483,1.1415486756,19,2
SELF-CHANGELOG/## 2026-08-02 — v0.16 — First weekly Sunday cadence fire (12/p10,self,,1,0,0,0,0,1,0,0,0,0,-0.4329862816,0.265778548,0.8613272568,1.1233489743,13,14
SELF-CHANGELOG/## 2026-08-02 — v0.16 — First weekly Sunday cadence fire (12/p11,self,,3,0,0,0,0,1,0,1,1,0,-0.4835798101,0.4692329101,0.7388985338,1.2097536184,18,18
SELF-CHANGELOG/## 2026-08-02 — v0.16 — First weekly Sunday cadence fire (12/p12,self,,1,0,0,0,0,1,0,0,0,0,-0.4329862816,0.265778548,0.8613272568,1.1233489743,13,14
SELF-CHANGELOG/## 2026-08-02 — v0.16 — First weekly Sunday cadence fire (12/p13,self,,1,0,0,0,0,1,0,0,0,0,-0.4329862816,0.265778548,0.8613272568,1.1233489743,13,14
SELF-CHANGELOG/## 2026-08-02 — v0.16 — First weekly Sunday cadence fire (12/p14,self,,2,0,0,0,0,1,0,1,0,0,-0.5383545213,0.3129243032,0.7824658394,1.2281809819,16,52
SELF-CHANGELOG/## 2026-08-02 — v0.16 — First weekly Sunday cadence fire (12/p15,self,,2,0,0,0,0,1,0,1,0,0,-0.5383545213,0.3129243032,0.7824658394,1.2281809819,16,52
SELF-CHANGELOG/## 2026-08-02 — v0.16 — First weekly Sunday cadence fire (12/p16,self,,2,0,0,0,0,1,0,1,0,0,-0.5383545213,0.3129243032,0.7824658394,1.2281809819,16,52
SELF-CHANGELOG/## 2026-08-02 — v0.16 — First weekly Sunday cadence fire (12/p17,self,,1,0,0,0,0,1,0,0,0,0,-0.4329862816,0.265778548,0.8613272568,1.1233489743,13,14
SELF-CHANGELOG/## 2026-08-02 — v0.16 — First weekly Sunday cadence fire (12/p18,self,,2,0,0,0,0,1,0,1,0,0,-0.5383545213,0.3129243032,0.7824658394,1.2281809819,16,52
SELF-CHANGELOG/## 2026-08-02 — v0.16 — First weekly Sunday cadence fire (12/p19,self,,2,0,0,0,0,1,0,1,0,0,-0.5383545213,0.3129243032,0.7824658394,1.2281809819,16,52
SELF-CHANGELOG/## 2026-08-02 — v0.16 — First weekly Sunday cadence fire (12/p20,self,,2,0,0,0,0,1,0,1,0,0,-0.5383545213,0.3129243032,0.7824658394,1.2281809819,16,52
SELF-CHANGELOG/## 2026-08-02 — v0.16 — First weekly Sunday cadence fire (12/p21,self,,2,0,0,0,0,1,0,1,0,0,-0.5383545213,0.3129243032,0.7824658394,1.2281809819,16,52
SELF-CHANGELOG/## 2026-08-03 — v0.17 — v0.16 sweep edits applied per Jenny /p1,self,,1,0,0,0,0,0,0,1,0,0,-0.5960860637,-0.0151800402,0.802777037,1.2766694944,4,142
SELF-CHANGELOG/## 2026-08-03 — v0.17 — v0.16 sweep edits applied per Jenny /p2,self,,1,0,0,0,0,0,0,1,0,0,-0.5960860637,-0.0151800402,0.802777037,1.2766694944,4,142
SELF-CHANGELOG/## 2026-08-03 — v0.17 — v0.16 sweep edits applied per Jenny /p3,self,,1,1,0,0,0,0,0,0,0,0,-0.5778391145,-0.132115944,0.8053864508,1.2758337804,58,94
SELF-CHANGELOG/## 2026-08-03 — v0.17 — v0.16 sweep edits applied per Jenny /p4,self,,3,0,0,0,0,1,0,1,0,1,-0.5000918564,0.4874275277,0.7157670993,1.23104812,17,6
SELF-CHANGELOG/## 2026-08-03 — v0.17 — v0.16 sweep edits applied per Jenny /p5,self,,1,0,0,0,0,0,0,1,0,0,-0.5960860637,-0.0151800402,0.802777037,1.2766694944,4,142
SELF-CHANGELOG/## 2026-08-03 — v0.17 — v0.16 sweep edits applied per Jenny /p6,self,,3,0,0,0,0,1,0,1,0,1,-0.5000918564,0.4874275277,0.7157670993,1.23104812,17,6
SELF-CHANGELOG/## 2026-08-03 — v0.17 — v0.16 sweep edits applied per Jenny /p7,self,,2,0,0,0,0,1,0,1,0,0,-0.5383545213,0.3129243032,0.7824658394,1.2281809819,16,52
SELF-CHANGELOG/## 2026-08-03 — v0.17 — v0.16 sweep edits applied per Jenny /p8,self,,1,0,0,0,0,0,0,1,0,0,-0.5960860637,-0.0151800402,0.802777037,1.2766694944,4,142
SELF-CHANGELOG/## 2026-08-03 — v0.17 — v0.16 sweep edits applied per Jenny /p9,self,,0,0,0,0,0,0,0,0,0,0,-0.5017214028,0.0548363685,0.8632894107,1.1826875144,0,204
SELF-CHANGELOG/## 2026-08-03 — v0.17 — v0.16 sweep edits applied per Jenny /p10,self,,2,0,0,0,0,1,0,1,0,0,-0.5383545213,0.3129243032,0.7824658394,1.2281809819,16,52
SELF-CHANGELOG/## 2026-08-03 — v0.17 — v0.16 sweep edits applied per Jenny /p11,self,,2,0,0,0,0,1,0,0,1,0,-0.4023636005,0.3662386258,0.8390308707,1.1094367675,15,21
SELF-CHANGELOG/## 2026-08-03 — v0.17 — v0.16 sweep edits applied per Jenny /p12,self,,2,0,0,0,0,1,0,1,0,0,-0.5383545213,0.3129243032,0.7824658394,1.2281809819,16,52
SELF-CHANGELOG/## 2026-08-03 — v0.17 — v0.16 sweep edits applied per Jenny /p13,self,,0,0,0,0,0,0,0,0,0,0,-0.5017214028,0.0548363685,0.8632894107,1.1826875144,0,204
SELF-CHANGELOG/## 2026-08-03 — v0.18 — restful-self mode skill shipped to b/p1,self,,3,0,0,0,0,1,0,1,1,0,-0.4835798101,0.4692329101,0.7388985338,1.2097536184,18,18
SELF-CHANGELOG/## 2026-08-03 — v0.18 — restful-self mode skill shipped to b/p2,self,,0,0,0,0,0,0,0,0,0,0,-0.5017214028,0.0548363685,0.8632894107,1.1826875144,0,204
SELF-CHANGELOG/## 2026-08-03 — v0.18 — restful-self mode skill shipped to b/p3,self,,1,0,0,0,0,0,0,1,0,0,-0.5960860637,-0.0151800402,0.802777037,1.2766694944,4,142
SELF-CHANGELOG/## 2026-08-03 — v0.18 — restful-self mode skill shipped to b/p4,self,,1,1,0,0,0,0,0,0,0,0,-0.5778391145,-0.132115944,0.8053864508,1.2758337804,58,94
SELF-CHANGELOG/## 2026-08-03 — v0.18 — restful-self mode skill shipped to b/p5,self,,0,0,0,0,0,0,0,0,0,0,-0.5017214028,0.0548363685,0.8632894107,1.1826875144,0,204
SELF-CHANGELOG/## 2026-08-03 — v0.18 — restful-self mode skill shipped to b/p6,self,,3,0,0,0,0,1,0,1,1,0,-0.4835798101,0.4692329101,0.7388985338,1.2097536184,18,18
SELF-CHANGELOG/## 2026-08-03 — v0.18 — restful-self mode skill shipped to b/p7,self,,0,0,0,0,0,0,0,0,0,0,-0.5017214028,0.0548363685,0.8632894107,1.1826875144,0,204
SELF-CHANGELOG/## 2026-08-03 — v0.18 — restful-self mode skill shipped to b/p8,self,,0,0,0,0,0,0,0,0,0,0,-0.5017214028,0.0548363685,0.8632894107,1.1826875144,0,204
SELF-CHANGELOG/## 2026-08-03 — v0.18 — restful-self mode skill shipped to b/p9,self,,3,0,0,0,0,1,0,1,1,0,-0.4835798101,0.4692329101,0.7388985338,1.2097536184,18,18
SELF-CHANGELOG/## 2026-08-03 — v0.18 — restful-self mode skill shipped to b/p10,self,,0,0,0,0,0,0,0,0,0,0,-0.5017214028,0.0548363685,0.8632894107,1.1826875144,0,204
SELF-CHANGELOG/## 2026-08-03 — v0.18 — restful-self mode skill shipped to b/p11,self,,0,0,0,0,0,0,0,0,0,0,-0.5017214028,0.0548363685,0.8632894107,1.1826875144,0,204
SELF-CHANGELOG/## 2026-08-03 — v0.18 — restful-self mode skill shipped to b/p12,self,,2,0,0,0,0,1,0,1,0,0,-0.5383545213,0.3129243032,0.7824658394,1.2281809819,16,52
SELF-CHANGELOG/## 2026-08-03 — v0.18 — restful-self mode skill shipped to b/p13,self,,3,1,0,0,0,1,0,0,1,0,-0.6351374903,0.4220151634,0.6469185191,1.3462829709,72,2
SELF-CHANGELOG/## 2026-08-03 — v0.18 — restful-self mode skill shipped to b/p14,self,,2,0,0,0,0,1,0,1,0,0,-0.5383545213,0.3129243032,0.7824658394,1.2281809819,16,52
SELF-CHANGELOG/## 2026-08-03 — v0.18 — restful-self mode skill shipped to b/p15,self,,1,0,0,0,0,0,0,1,0,0,-0.5960860637,-0.0151800402,0.802777037,1.2766694944,4,142
SELF-CHANGELOG/## 2026-08-04 — v0.19 — `curve-guided-rsi-self` skill shippe/p1,self,,1,0,0,0,0,0,0,1,0,0,-0.5960860637,-0.0151800402,0.802777037,1.2766694944,4,142
SELF-CHANGELOG/## 2026-08-04 — v0.19 — `curve-guided-rsi-self` skill shippe/p2,self,,2,1,0,0,0,0,0,1,0,0,-0.6008005183,-0.2994018135,0.7412133912,1.3379289933,61,54
SELF-CHANGELOG/## 2026-08-04 — v0.19 — `curve-guided-rsi-self` skill shippe/p3,self,,3,0,0,0,0,1,0,1,1,0,-0.4835798101,0.4692329101,0.7388985338,1.2097536184,18,18
SELF-CHANGELOG/## 2026-08-04 — v0.19 — `curve-guided-rsi-self` skill shippe/p4,self,,2,0,0,0,0,1,0,1,0,0,-0.5383545213,0.3129243032,0.7824658394,1.2281809819,16,52
SELF-CHANGELOG/## 2026-08-04 — v0.19 — `curve-guided-rsi-self` skill shippe/p5,self,,1,1,0,0,0,0,0,0,0,0,-0.5778391145,-0.132115944,0.8053864508,1.2758337804,58,94
SELF-CHANGELOG/## 2026-08-04 — v0.19 — `curve-guided-rsi-self` skill shippe/p6,self,,2,0,0,0,0,1,0,1,0,0,-0.5383545213,0.3129243032,0.7824658394,1.2281809819,16,52
SELF-CHANGELOG/## 2026-08-04 — v0.19 — `curve-guided-rsi-self` skill shippe/p7,self,,2,0,0,0,0,1,0,1,0,0,-0.5383545213,0.3129243032,0.7824658394,1.2281809819,16,52
SELF-CHANGELOG/## 2026-08-04 — v0.19 — `curve-guided-rsi-self` skill shippe/p8,self,,0,0,0,0,0,0,0,0,0,0,-0.5017214028,0.0548363685,0.8632894107,1.1826875144,0,204
SELF-CHANGELOG/## 2026-08-04 — v0.19 — `curve-guided-rsi-self` skill shippe/p9,self,,2,0,0,0,0,0,0,1,0,1,-0.7252343251,0.0626867829,0.6856424293,1.3991071089,5,6
SELF-CHANGELOG/## 2026-08-04 — v0.19 — `curve-guided-rsi-self` skill shippe/p10,self,,1,0,0,0,0,0,0,1,0,0,-0.5960860637,-0.0151800402,0.802777037,1.2766694944,4,142
SELF-CHANGELOG/## 2026-08-04 — v0.19 — `curve-guided-rsi-self` skill shippe/p11,self,,0,0,0,0,0,0,0,0,0,0,-0.5017214028,0.0548363685,0.8632894107,1.1826875144,0,204
SELF-CHANGELOG/## 2026-08-04 — v0.19 — `curve-guided-rsi-self` skill shippe/p12,self,,1,0,0,0,0,0,0,1,0,0,-0.5960860637,-0.0151800402,0.802777037,1.2766694944,4,142
SELF-CHANGELOG/## 2026-08-04 — v0.19 — `curve-guided-rsi-self` skill shippe/p13,self,,1,0,0,0,0,0,0,1,0,0,-0.5960860637,-0.0151800402,0.802777037,1.2766694944,4,142
SELF-CHANGELOG/## 2026-08-04 — v0.19 — `curve-guided-rsi-self` skill shippe/p14,self,,0,0,0,0,0,0,0,0,0,0,-0.5017214028,0.0548363685,0.8632894107,1.1826875144,0,204
SELF-CHANGELOG/## 2026-08-04 — v0.19 — `curve-guided-rsi-self` skill shippe/p15,self,,2,0,0,0,0,1,0,1,0,0,-0.5383545213,0.3129243032,0.7824658394,1.2281809819,16,52
SELF-CHANGELOG/## 2026-08-04 — v0.20 — curve-guided-rsi-self applied: RSI C/p1,self,,0,0,0,0,0,0,0,0,0,0,-0.5017214028,0.0548363685,0.8632894107,1.1826875144,0,204
SELF-CHANGELOG/## 2026-08-04 — v0.20 — curve-guided-rsi-self applied: RSI C/p2,self,,3,0,0,0,0,1,0,1,0,1,-0.5000918564,0.4874275277,0.7157670993,1.23104812,17,6
SELF-CHANGELOG/## 2026-08-04 — v0.20 — curve-guided-rsi-self applied: RSI C/p3,self,,1,0,0,0,0,0,0,1,0,0,-0.5960860637,-0.0151800402,0.802777037,1.2766694944,4,142
SELF-CHANGELOG/## 2026-08-04 — v0.20 — curve-guided-rsi-self applied: RSI C/p4,self,,4,1,0,0,0,1,0,1,0,1,-0.8389160052,0.5031278345,0.2075628058,1.6466043785,74,1
SELF-CHANGELOG/## 2026-08-04 — v0.20 — curve-guided-rsi-self applied: RSI C/p5,self,,3,0,0,0,0,1,0,1,0,1,-0.5000918564,0.4874275277,0.7157670993,1.23104812,17,6
SELF-CHANGELOG/## 2026-08-04 — v0.20 — curve-guided-rsi-self applied: RSI C/p6,self,,1,0,0,0,0,0,0,1,0,0,-0.5960860637,-0.0151800402,0.802777037,1.2766694944,4,142
SELF-CHANGELOG/## 2026-08-04 — v0.20 — curve-guided-rsi-self applied: RSI C/p7,self,,2,1,0,0,0,0,0,1,0,0,-0.6008005183,-0.2994018135,0.7412133912,1.3379289933,61,54
SELF-CHANGELOG/## 2026-08-04 — v0.20 — curve-guided-rsi-self applied: RSI C/p8,self,,1,0,0,0,0,0,0,1,0,0,-0.5960860637,-0.0151800402,0.802777037,1.2766694944,4,142
SELF-CHANGELOG/## 2026-08-04 — v0.20 — curve-guided-rsi-self applied: RSI C/p9,self,,1,1,0,0,0,0,0,0,0,0,-0.5778391145,-0.132115944,0.8053864508,1.2758337804,58,94
SELF-CHANGELOG/## 2026-08-04 — v0.20 — curve-guided-rsi-self applied: RSI C/p10,self,,2,0,0,0,0,1,0,1,0,0,-0.5383545213,0.3129243032,0.7824658394,1.2281809819,16,52
SELF-CHANGELOG/## 2026-08-04 — v0.20 — curve-guided-rsi-self applied: RSI C/p11,self,,1,0,0,0,0,0,0,0,0,1,-0.5799792611,0.1329904426,0.8037024318,1.2544535295,1,10
SELF-CHANGELOG/## 2026-08-04 — v0.20 — curve-guided-rsi-self applied: RSI C/p12,self,,4,1,0,1,0,1,0,1,0,0,-0.8184403438,0.5329823202,0.2146747538,1.6329954603,102,3
SELF-CHANGELOG/## 2026-08-04 — v0.20 — curve-guided-rsi-self applied: RSI C/p13,self,,3,1,0,0,0,1,0,1,0,0,-0.8298181344,0.1677074222,0.5322368686,1.5162743507,73,14
SELF-CHANGELOG/## 2026-08-04 — v0.20 — curve-guided-rsi-self applied: RSI C/p14,self,,2,1,0,0,0,0,0,1,0,0,-0.6008005183,-0.2994018135,0.7412133912,1.3379289933,61,54
SELF-CHANGELOG/## 2026-08-04 — v0.20 — curve-guided-rsi-self applied: RSI C/p15,self,,0,0,0,0,0,0,0,0,0,0,-0.5017214028,0.0548363685,0.8632894107,1.1826875144,0,204
SELF-CHANGELOG/## 2026-08-04 — v0.20 — curve-guided-rsi-self applied: RSI C/p16,self,,1,1,0,0,0,0,0,0,0,0,-0.5778391145,-0.132115944,0.8053864508,1.2758337804,58,94
SELF-CHANGELOG/## 2026-08-04 — v0.20 — curve-guided-rsi-self applied: RSI C/p17,self,,2,1,0,0,0,0,0,1,0,0,-0.6008005183,-0.2994018135,0.7412133912,1.3379289933,61,54
SELF-CHANGELOG/## 2026-08-04 — v0.20 — curve-guided-rsi-self applied: RSI C/p18,self,,2,0,0,0,0,0,0,1,0,1,-0.7252343251,0.0626867829,0.6856424293,1.3991071089,5,6
SELF-CHANGELOG/## 2026-08-04 — v0.20 — curve-guided-rsi-self applied: RSI C/p19,self,,2,0,0,0,0,1,0,1,0,0,-0.5383545213,0.3129243032,0.7824658394,1.2281809819,16,52
SELF-CHANGELOG/## 2026-08-04 — v0.20 — curve-guided-rsi-self applied: RSI C/p20,self,,1,0,0,0,0,0,0,0,0,1,-0.5799792611,0.1329904426,0.8037024318,1.2544535295,1,10
SELF-CHANGELOG/## 2026-08-04 — v0.20 — curve-guided-rsi-self applied: RSI C/p21,self,,2,0,0,1,0,0,0,1,0,0,-0.7264949823,0.0771287456,0.6828295521,1.4000265952,31,11
SELF-CHANGELOG/## 2026-08-04 — v0.20 — curve-guided-rsi-self applied: RSI C/p22,self,,2,0,0,0,0,1,0,1,0,0,-0.5383545213,0.3129243032,0.7824658394,1.2281809819,16,52
SELF-CHANGELOG/## 2026-08-04 — v0.20 — curve-guided-rsi-self applied: RSI C/p23,self,,2,1,0,0,0,0,0,1,0,0,-0.6008005183,-0.2994018135,0.7412133912,1.3379289933,61,54
SELF-CHANGELOG/## 2026-08-04 — v0.21 — curve-guided-rsi-self applied across/p1,self,,1,0,0,0,0,0,0,1,0,0,-0.5960860637,-0.0151800402,0.802777037,1.2766694944,4,142
SELF-CHANGELOG/## 2026-08-04 — v0.21 — curve-guided-rsi-self applied across/p2,self,,7,1,0,1,1,1,0,1,1,1,0.6663893224,0.6586068031,0.3495173099,0.6669599084,112,4
SELF-CHANGELOG/## 2026-08-04 — v0.21 — curve-guided-rsi-self applied across/p3,self,,0,0,0,0,0,0,0,0,0,0,-0.5017214028,0.0548363685,0.8632894107,1.1826875144,0,204
SELF-CHANGELOG/## 2026-08-04 — v0.21 — curve-guided-rsi-self applied across/p4,self,,0,0,0,0,0,0,0,0,0,0,-0.5017214028,0.0548363685,0.8632894107,1.1826875144,0,204
SELF-CHANGELOG/## 2026-08-04 — v0.21 — curve-guided-rsi-self applied across/p5,self,,5,1,0,0,1,1,0,1,0,1,-0.5410269021,0.5469265735,-0.6388749599,1.8814421223,91,2
SELF-CHANGELOG/## 2026-08-04 — v0.21 — curve-guided-rsi-self applied across/p6,self,,1,0,0,0,0,0,0,1,0,0,-0.5960860637,-0.0151800402,0.802777037,1.2766694944,4,142
SELF-CHANGELOG/## 2026-08-04 — v0.21 — curve-guided-rsi-self applied across/p7,self,,3,1,0,0,0,0,0,1,0,1,-0.7375852435,-0.4043533192,0.5408016289,1.5135425697,62,4
SELF-CHANGELOG/## 2026-08-04 — v0.21 — curve-guided-rsi-self applied across/p8,self,,1,0,0,0,0,0,0,1,0,0,-0.5960860637,-0.0151800402,0.802777037,1.2766694944,4,142
SELF-CHANGELOG/## 2026-08-04 — v0.21 — curve-guided-rsi-self applied across/p9,self,,2,0,0,0,0,0,0,1,0,1,-0.7252343251,0.0626867829,0.6856424293,1.3991071089,5,6
SELF-CHANGELOG/## 2026-08-04 — v0.21 — curve-guided-rsi-self applied across/p10,self,,3,0,0,0,0,1,0,1,0,1,-0.5000918564,0.4874275277,0.7157670993,1.23104812,17,6
SELF-CHANGELOG/## 2026-08-04 — v0.21 — curve-guided-rsi-self applied across/p11,self,,2,1,0,0,0,0,0,1,0,0,-0.6008005183,-0.2994018135,0.7412133912,1.3379289933,61,54
SELF-CHANGELOG/## 2026-08-04 — v0.21 — curve-guided-rsi-self applied across/p12,self,,3,1,0,1,0,0,0,1,0,0,-0.7520919793,-0.3958769652,0.5269146829,1.5260207849,96,3
SELF-CHANGELOG/## 2026-08-04 — v0.21 — curve-guided-rsi-self applied across/p13,self,,0,0,0,0,0,0,0,0,0,0,-0.5017214028,0.0548363685,0.8632894107,1.1826875144,0,204
SELF-CHANGELOG/## 2026-08-04 — v0.21 — curve-guided-rsi-self applied across/p14,self,,1,0,0,1,0,0,0,0,0,0,-0.5787841358,0.1420824769,0.8030077795,1.2534053535,29,4
SELF-CHANGELOG/## 2026-08-04 — v0.21 — curve-guided-rsi-self applied across/p15,self,,2,1,0,0,0,0,0,1,0,0,-0.6008005183,-0.2994018135,0.7412133912,1.3379289933,61,54
SELF-CHANGELOG/## 2026-08-04 — v0.21 — curve-guided-rsi-self applied across/p16,self,,0,0,0,0,0,0,0,0,0,0,-0.5017214028,0.0548363685,0.8632894107,1.1826875144,0,204
SELF-CHANGELOG/## 2026-08-04 — v0.21 — curve-guided-rsi-self applied across/p17,self,,2,0,0,0,0,0,0,1,1,0,-0.7018896232,0.0823819753,0.707505595,1.3746634343,6,13
SELF-CHANGELOG/## 2026-08-04 — v0.21 — curve-guided-rsi-self applied across/p18,self,,0,0,0,0,0,0,0,0,0,0,-0.5017214028,0.0548363685,0.8632894107,1.1826875144,0,204
SELF-CHANGELOG/## 2026-08-04 — v0.21 — curve-guided-rsi-self applied across/p19,self,,2,0,0,1,0,0,0,1,0,0,-0.7264949823,0.0771287456,0.6828295521,1.4000265952,31,11
SELF-CHANGELOG/## 2026-08-04 — v0.21 — curve-guided-rsi-self applied across/p20,self,,2,0,0,0,0,1,0,1,0,0,-0.5383545213,0.3129243032,0.7824658394,1.2281809819,16,52
SELF-CHANGELOG/## 2026-08-04 — v0.22 — Differential curve baseline + RSI Cy/p1,self,,2,1,0,0,0,0,0,1,0,0,-0.6008005183,-0.2994018135,0.7412133912,1.3379289933,61,54
SELF-CHANGELOG/## 2026-08-04 — v0.22 — Differential curve baseline + RSI Cy/p2,self,,1,0,0,0,0,0,0,1,0,0,-0.5960860637,-0.0151800402,0.802777037,1.2766694944,4,142
SELF-CHANGELOG/## 2026-08-04 — v0.22 — Differential curve baseline + RSI Cy/p3,self,,1,0,0,0,0,0,0,1,0,0,-0.5960860637,-0.0151800402,0.802777037,1.2766694944,4,142
SELF-CHANGELOG/## 2026-08-04 — v0.22 — Differential curve baseline + RSI Cy/p4,self,,0,0,0,0,0,0,0,0,0,0,-0.5017214028,0.0548363685,0.8632894107,1.1826875144,0,204
SELF-CHANGELOG/## 2026-08-04 — v0.22 — Differential curve baseline + RSI Cy/p5,self,,1,0,0,0,0,0,0,1,0,0,-0.5960860637,-0.0151800402,0.802777037,1.2766694944,4,142
SELF-CHANGELOG/## 2026-08-04 — v0.22 — Differential curve baseline + RSI Cy/p6,self,,0,0,0,0,0,0,0,0,0,0,-0.5017214028,0.0548363685,0.8632894107,1.1826875144,0,204
SELF-CHANGELOG/## 2026-08-04 — v0.22 — Differential curve baseline + RSI Cy/p7,self,,0,0,0,0,0,0,0,0,0,0,-0.5017214028,0.0548363685,0.8632894107,1.1826875144,0,204
SELF-CHANGELOG/## 2026-08-04 — v0.22 — Differential curve baseline + RSI Cy/p8,self,,2,0,0,1,0,0,0,1,0,0,-0.7264949823,0.0771287456,0.6828295521,1.4000265952,31,11
SELF-CHANGELOG/## 2026-08-04 — v0.22 — Differential curve baseline + RSI Cy/p9,self,,2,0,0,0,0,1,0,1,0,0,-0.5383545213,0.3129243032,0.7824658394,1.2281809819,16,52
SELF-CHANGELOG/## 2026-08-04 — v0.23 — Differential use case V3 applied + R/p1,self,,1,0,0,0,0,0,0,1,0,0,-0.5960860637,-0.0151800402,0.802777037,1.2766694944,4,142
SELF-CHANGELOG/## 2026-08-04 — v0.23 — Differential use case V3 applied + R/p2,self,,1,0,0,0,0,0,0,1,0,0,-0.5960860637,-0.0151800402,0.802777037,1.2766694944,4,142
SELF-CHANGELOG/## 2026-08-04 — v0.23 — Differential use case V3 applied + R/p3,self,,1,0,0,0,0,0,0,1,0,0,-0.5960860637,-0.0151800402,0.802777037,1.2766694944,4,142
SELF-CHANGELOG/## 2026-08-04 — v0.23 — Differential use case V3 applied + R/p4,self,,0,0,0,0,0,0,0,0,0,0,-0.5017214028,0.0548363685,0.8632894107,1.1826875144,0,204
SELF-CHANGELOG/## 2026-08-04 — v0.23 — Differential use case V3 applied + R/p5,self,,1,0,0,0,0,0,0,1,0,0,-0.5960860637,-0.0151800402,0.802777037,1.2766694944,4,142
SELF-CHANGELOG/## 2026-08-04 — v0.23 — Differential use case V3 applied + R/p6,self,,0,0,0,0,0,0,0,0,0,0,-0.5017214028,0.0548363685,0.8632894107,1.1826875144,0,204
SELF-CHANGELOG/## 2026-08-04 — v0.23 — Differential use case V3 applied + R/p7,self,,0,0,0,0,0,0,0,0,0,0,-0.5017214028,0.0548363685,0.8632894107,1.1826875144,0,204
SELF-CHANGELOG/## 2026-08-04 — v0.23 — Differential use case V3 applied + R/p8,self,,1,0,0,0,0,0,0,1,0,0,-0.5960860637,-0.0151800402,0.802777037,1.2766694944,4,142
SELF-CHANGELOG/## 2026-08-04 — v0.23 — Differential use case V3 applied + R/p9,self,,2,0,0,0,0,1,0,1,0,0,-0.5383545213,0.3129243032,0.7824658394,1.2281809819,16,52
SELF-CHANGELOG/## 2026-08-04 — v0.23 — Differential use case V3 applied + R/p10,self,,0,0,0,0,0,0,0,0,0,0,-0.5017214028,0.0548363685,0.8632894107,1.1826875144,0,204
SELF-CHANGELOG/## 2026-08-04 — v0.23 — Differential use case V3 applied + R/p11,self,,2,0,0,1,0,0,0,1,0,0,-0.7264949823,0.0771287456,0.6828295521,1.4000265952,31,11
SELF-CHANGELOG/## 2026-08-04 — v0.23 — Differential use case V3 applied + R/p12,self,,2,0,0,1,0,0,0,1,0,0,-0.7264949823,0.0771287456,0.6828295521,1.4000265952,31,11
SELF-CHANGELOG/## 2026-08-04 — v0.23 — Differential use case V3 applied + R/p13,self,,1,0,0,0,0,0,0,1,0,0,-0.5960860637,-0.0151800402,0.802777037,1.2766694944,4,142
SELF-CHANGELOG/## 2026-08-04 — v0.23 — Differential use case V3 applied + R/p14,self,,2,1,0,0,0,0,0,1,0,0,-0.6008005183,-0.2994018135,0.7412133912,1.3379289933,61,54
SELF-CHANGELOG/## 2026-08-04 — v0.23 — Differential use case V3 applied + R/p15,self,,1,0,0,0,0,0,0,1,0,0,-0.5960860637,-0.0151800402,0.802777037,1.2766694944,4,142
SELF-CHANGELOG/## 2026-08-04 — v0.23 — Differential use case V3 applied + R/p16,self,,1,0,0,0,0,0,0,1,0,0,-0.5960860637,-0.0151800402,0.802777037,1.2766694944,4,142
SELF-CHANGELOG/## 2026-08-04 — v0.23 — Differential use case V3 applied + R/p17,self,,3,0,0,1,1,0,0,1,0,0,-0.9072885087,-0.0336968289,0.4191563976,1.6167580295,41,1
SELF-CHANGELOG/## 2026-08-04 — v0.23 — Differential use case V3 applied + R/p18,self,,1,0,0,0,0,0,0,1,0,0,-0.5960860637,-0.0151800402,0.802777037,1.2766694944,4,142
SELF-CHANGELOG/## 2026-08-04 — v0.24 — Follow-ups complete: agent-skills pu/p1,self,,2,1,0,0,1,0,0,0,0,0,-0.6419289177,-0.2807805066,0.7135051308,1.3717611619,79,2
SELF-CHANGELOG/## 2026-08-04 — v0.24 — Follow-ups complete: agent-skills pu/p2,self,,1,0,0,0,0,0,0,1,0,0,-0.5960860637,-0.0151800402,0.802777037,1.2766694944,4,142
SELF-CHANGELOG/## 2026-08-04 — v0.24 — Follow-ups complete: agent-skills pu/p3,self,,1,0,0,0,0,0,0,1,0,0,-0.5960860637,-0.0151800402,0.802777037,1.2766694944,4,142
SELF-CHANGELOG/## 2026-08-04 — v0.24 — Follow-ups complete: agent-skills pu/p4,self,,0,0,0,0,0,0,0,0,0,0,-0.5017214028,0.0548363685,0.8632894107,1.1826875144,0,204
SELF-CHANGELOG/## 2026-08-04 — v0.24 — Follow-ups complete: agent-skills pu/p5,self,,1,0,0,0,0,0,0,1,0,0,-0.5960860637,-0.0151800402,0.802777037,1.2766694944,4,142
SELF-CHANGELOG/## 2026-08-04 — v0.24 — Follow-ups complete: agent-skills pu/p6,self,,1,0,0,0,0,0,0,1,0,0,-0.5960860637,-0.0151800402,0.802777037,1.2766694944,4,142
SELF-CHANGELOG/## 2026-08-04 — v0.24 — Follow-ups complete: agent-skills pu/p7,self,,0,0,0,0,0,0,0,0,0,0,-0.5017214028,0.0548363685,0.8632894107,1.1826875144,0,204
SELF-CHANGELOG/## 2026-08-04 — v0.24 — Follow-ups complete: agent-skills pu/p8,self,,1,0,0,0,0,0,0,1,0,0,-0.5960860637,-0.0151800402,0.802777037,1.2766694944,4,142
SELF-CHANGELOG/## 2026-08-04 — v0.24 — Follow-ups complete: agent-skills pu/p9,self,,0,0,0,0,0,0,0,0,0,0,-0.5017214028,0.0548363685,0.8632894107,1.1826875144,0,204
SELF-CHANGELOG/## 2026-08-04 — v0.24 — Follow-ups complete: agent-skills pu/p10,self,,0,0,0,0,0,0,0,0,0,0,-0.5017214028,0.0548363685,0.8632894107,1.1826875144,0,204
SELF-CHANGELOG/## 2026-08-04 — v0.25 — 9 milestone-achieving PRs shipped in/p1,self,,1,0,0,0,0,0,0,1,0,0,-0.5960860637,-0.0151800402,0.802777037,1.2766694944,4,142
SELF-CHANGELOG/## 2026-08-04 — v0.25 — 9 milestone-achieving PRs shipped in/p2,self,,6,1,1,1,0,1,0,1,1,0,0.3445379888,0.9367029093,-0.0622995508,1.1907718767,156,4
SELF-CHANGELOG/## 2026-08-04 — v0.25 — 9 milestone-achieving PRs shipped in/p3,self,,3,1,0,0,1,0,0,1,0,0,-0.5625216293,-0.5148744542,0.6468954421,1.3874235582,81,10
SELF-CHANGELOG/## 2026-08-04 — v0.25 — 9 milestone-achieving PRs shipped in/p4,self,,7,1,1,1,1,1,0,1,0,1,0.8947436569,0.3892494852,0.2189032359,0.6240019389,168,6
SELF-CHANGELOG/## 2026-08-04 — v0.25 — 9 milestone-achieving PRs shipped in/p5,self,,3,1,0,0,1,0,0,1,0,0,-0.5625216293,-0.5148744542,0.6468954421,1.3874235582,81,10
SELF-CHANGELOG/## 2026-08-04 — v0.25 — 9 milestone-achieving PRs shipped in/p6,self,,6,1,1,0,1,0,0,1,1,1,0.4450201849,-0.8910328508,0.0895404598,1.2126051679,133,2
SELF-CHANGELOG/## 2026-08-04 — v0.25 — 9 milestone-achieving PRs shipped in/p7,self,,2,0,0,0,0,1,0,1,0,0,-0.5383545213,0.3129243032,0.7824658394,1.2281809819,16,52
SELF-CHANGELOG/## 2026-08-04 — v0.25 — 9 milestone-achieving PRs shipped in/p8,self,,1,0,0,0,0,0,0,1,0,0,-0.5960860637,-0.0151800402,0.802777037,1.2766694944,4,142
SELF-CHANGELOG/## 2026-08-04 — v0.25 — 9 milestone-achieving PRs shipped in/p9,self,,2,1,0,0,0,0,0,1,0,0,-0.6008005183,-0.2994018135,0.7412133912,1.3379289933,61,54
SELF-CHANGELOG/## 2026-08-04 — v0.25 — 9 milestone-achieving PRs shipped in/p10,self,,1,0,0,0,0,0,0,1,0,0,-0.5960860637,-0.0151800402,0.802777037,1.2766694944,4,142
SELF-CHANGELOG/## 2026-08-04 — v0.25 — 9 milestone-achieving PRs shipped in/p11,self,,1,0,0,0,0,0,0,1,0,0,-0.5960860637,-0.0151800402,0.802777037,1.2766694944,4,142
SELF-CHANGELOG/## 2026-08-04 — v0.25 — 9 milestone-achieving PRs shipped in/p12,self,,2,0,0,0,0,1,0,1,0,0,-0.5383545213,0.3129243032,0.7824658394,1.2281809819,16,52
SELF-CHANGELOG/## 2026-08-04 — v0.25 — 9 milestone-achieving PRs shipped in/p13,self,,2,0,0,0,0,1,0,1,0,0,-0.5383545213,0.3129243032,0.7824658394,1.2281809819,16,52
SELF-CHANGELOG/## 2026-08-04 — v0.26 — All 9 PRs merged + scripts added (Pr/p1,self,,0,0,0,0,0,0,0,0,0,0,-0.5017214028,0.0548363685,0.8632894107,1.1826875144,0,204
SELF-CHANGELOG/## 2026-08-04 — v0.26 — All 9 PRs merged + scripts added (Pr/p2,self,,4,1,0,1,0,1,0,1,0,0,-0.8184403438,0.5329823202,0.2146747538,1.6329954603,102,3
SELF-CHANGELOG/## 2026-08-04 — v0.26 — All 9 PRs merged + scripts added (Pr/p3,self,,1,1,0,0,0,0,0,0,0,0,-0.5778391145,-0.132115944,0.8053864508,1.2758337804,58,94
SELF-CHANGELOG/## 2026-08-04 — v0.26 — All 9 PRs merged + scripts added (Pr/p4,self,,3,1,0,0,0,1,0,1,0,0,-0.8298181344,0.1677074222,0.5322368686,1.5162743507,73,14
SELF-CHANGELOG/## 2026-08-04 — v0.26 — All 9 PRs merged + scripts added (Pr/p5,self,,1,1,0,0,0,0,0,0,0,0,-0.5778391145,-0.132115944,0.8053864508,1.2758337804,58,94
SELF-CHANGELOG/## 2026-08-04 — v0.26 — All 9 PRs merged + scripts added (Pr/p6,self,,0,0,0,0,0,0,0,0,0,0,-0.5017214028,0.0548363685,0.8632894107,1.1826875144,0,204
SELF-CHANGELOG/## 2026-08-04 — v0.26 — All 9 PRs merged + scripts added (Pr/p7,self,,0,0,0,0,0,0,0,0,0,0,-0.5017214028,0.0548363685,0.8632894107,1.1826875144,0,204
SELF-CHANGELOG/## 2026-08-04 — v0.26 — All 9 PRs merged + scripts added (Pr/p8,self,,3,1,0,0,0,0,0,1,1,0,-0.7511334269,-0.3529664822,0.5578648916,1.5074916206,63,21
SELF-CHANGELOG/## 2026-08-04 — v0.26 — All 9 PRs merged + scripts added (Pr/p9,self,,2,1,0,0,0,0,0,1,0,0,-0.6008005183,-0.2994018135,0.7412133912,1.3379289933,61,54
SELF-CHANGELOG/## 2026-08-04 — v0.26 — All 9 PRs merged + scripts added (Pr/p10,self,,5,1,0,0,1,1,0,1,1,0,-0.6254928224,0.6154441662,-0.4795698149,1.8452278558,92,3
SELF-CHANGELOG/## 2026-08-04 — v0.26 — All 9 PRs merged + scripts added (Pr/p11,self,,4,1,0,0,0,1,0,1,1,0,-0.8108311266,0.5050788046,0.2957165623,1.5950196223,75,8
SELF-CHANGELOG/## 2026-08-04 — v0.26 — All 9 PRs merged + scripts added (Pr/p12,self,,0,0,0,0,0,0,0,0,0,0,-0.5017214028,0.0548363685,0.8632894107,1.1826875144,0,204
SELF-CHANGELOG/## 2026-08-04 — v0.26 — All 9 PRs merged + scripts added (Pr/p13,self,,2,0,0,0,0,1,0,1,0,0,-0.5383545213,0.3129243032,0.7824658394,1.2281809819,16,52
SELF-CHANGELOG/## 2026-08-04 — v0.26 — All 9 PRs merged + scripts added (Pr/p14,self,,2,0,0,0,0,1,0,1,0,0,-0.5383545213,0.3129243032,0.7824658394,1.2281809819,16,52
SELF-CHANGELOG/## 2026-08-04 — v0.26 — All 9 PRs merged + scripts added (Pr/p15,self,,2,0,0,0,0,1,0,1,0,0,-0.5383545213,0.3129243032,0.7824658394,1.2281809819,16,52
SELF-CHANGELOG/## 2026-08-04 — v0.26 — All 9 PRs merged + scripts added (Pr/p16,self,,1,0,0,0,0,0,0,1,0,0,-0.5960860637,-0.0151800402,0.802777037,1.2766694944,4,142
SELF-CHANGELOG/## 2026-08-04 — v0.26 — All 9 PRs merged + scripts added (Pr/p17,self,,2,0,0,0,0,1,0,1,0,0,-0.5383545213,0.3129243032,0.7824658394,1.2281809819,16,52
SELF-CHANGELOG/## 2026-08-04 — v0.26 — All 9 PRs merged + scripts added (Pr/p18,self,,1,1,0,0,0,0,0,0,0,0,-0.5778391145,-0.132115944,0.8053864508,1.2758337804,58,94
SELF-CHANGELOG/## 2026-08-04 — v0.26 — All 9 PRs merged + scripts added (Pr/p19,self,,1,0,0,0,0,0,0,1,0,0,-0.5960860637,-0.0151800402,0.802777037,1.2766694944,4,142
SELF-CHANGELOG/## 2026-08-05 — v0.27 — rock1 shell bridge recovered; stale /p1,self,,0,0,0,0,0,0,0,0,0,0,-0.5017214028,0.0548363685,0.8632894107,1.1826875144,0,204
SELF-CHANGELOG/## 2026-08-05 — v0.27 — rock1 shell bridge recovered; stale /p2,self,,1,1,0,0,0,0,0,0,0,0,-0.5778391145,-0.132115944,0.8053864508,1.2758337804,58,94
SELF-CHANGELOG/## 2026-08-05 — v0.27 — rock1 shell bridge recovered; stale /p3,self,,3,1,0,0,0,0,1,1,0,0,-0.5230828202,-0.5272264092,0.6696392138,1.3569824563,68,3
SELF-CHANGELOG/## 2026-08-05 — v0.27 — rock1 shell bridge recovered; stale /p4,self,,3,1,0,0,0,0,0,1,1,0,-0.7511334269,-0.3529664822,0.5578648916,1.5074916206,63,21
SELF-CHANGELOG/## 2026-08-05 — v0.27 — rock1 shell bridge recovered; stale /p5,self,,3,1,0,0,0,0,0,1,1,0,-0.7511334269,-0.3529664822,0.5578648916,1.5074916206,63,21
SELF-CHANGELOG/## 2026-08-05 — v0.27 — rock1 shell bridge recovered; stale /p6,self,,2,1,0,0,0,0,0,1,0,0,-0.6008005183,-0.2994018135,0.7412133912,1.3379289933,61,54
SELF-CHANGELOG/## 2026-08-05 — v0.27 — rock1 shell bridge recovered; stale /p7,self,,0,0,0,0,0,0,0,0,0,0,-0.5017214028,0.0548363685,0.8632894107,1.1826875144,0,204
SELF-CHANGELOG/## 2026-08-05 — v0.27 — rock1 shell bridge recovered; stale /p8,self,,2,1,0,0,0,0,0,1,0,0,-0.6008005183,-0.2994018135,0.7412133912,1.3379289933,61,54
SELF-CHANGELOG/## 2026-08-05 — v0.27 — rock1 shell bridge recovered; stale /p9,self,,0,0,0,0,0,0,0,0,0,0,-0.5017214028,0.0548363685,0.8632894107,1.1826875144,0,204
SELF-CHANGELOG/## 2026-08-05 — v0.27 — rock1 shell bridge recovered; stale /p10,self,,1,1,0,0,0,0,0,0,0,0,-0.5778391145,-0.132115944,0.8053864508,1.2758337804,58,94
SELF-CHANGELOG/## 2026-08-05 — v0.27 — rock1 shell bridge recovered; stale /p11,self,,3,1,0,0,0,1,0,1,0,0,-0.8298181344,0.1677074222,0.5322368686,1.5162743507,73,14
SELF-CHANGELOG/## 2026-08-05 — v0.27 — rock1 shell bridge recovered; stale /p12,self,,0,0,0,0,0,0,0,0,0,0,-0.5017214028,0.0548363685,0.8632894107,1.1826875144,0,204
SELF-CHANGELOG/## 2026-08-05 — v0.27 — rock1 shell bridge recovered; stale /p13,self,,3,1,0,0,0,1,0,1,0,0,-0.8298181344,0.1677074222,0.5322368686,1.5162743507,73,14
SELF-CHANGELOG/## 2026-08-05 — v0.27 — rock1 shell bridge recovered; stale /p14,self,,2,1,0,0,0,0,0,1,0,0,-0.6008005183,-0.2994018135,0.7412133912,1.3379289933,61,54
SELF-CHANGELOG/## 2026-08-05 — v0.27 — rock1 shell bridge recovered; stale /p15,self,,1,0,0,0,0,0,0,1,0,0,-0.5960860637,-0.0151800402,0.802777037,1.2766694944,4,142
SELF-CHANGELOG/## 2026-08-05 — v0.27 — rock1 shell bridge recovered; stale /p16,self,,2,0,0,0,0,1,0,1,0,0,-0.5383545213,0.3129243032,0.7824658394,1.2281809819,16,52
SELF-CHANGELOG/## 2026-08-06 — v0.28 — Cycle 7 RSI + paper restructure ship/p1,self,,0,0,0,0,0,0,0,0,0,0,-0.5017214028,0.0548363685,0.8632894107,1.1826875144,0,204
SELF-CHANGELOG/## 2026-08-06 — v0.28 — Cycle 7 RSI + paper restructure ship/p2,self,,1,0,0,0,0,0,0,1,0,0,-0.5960860637,-0.0151800402,0.802777037,1.2766694944,4,142
SELF-CHANGELOG/## 2026-08-06 — v0.28 — Cycle 7 RSI + paper restructure ship/p3,self,,0,0,0,0,0,0,0,0,0,0,-0.5017214028,0.0548363685,0.8632894107,1.1826875144,0,204
SELF-CHANGELOG/## 2026-08-06 — v0.28 — Cycle 7 RSI + paper restructure ship/p4,self,,0,0,0,0,0,0,0,0,0,0,-0.5017214028,0.0548363685,0.8632894107,1.1826875144,0,204
SELF-CHANGELOG/## 2026-08-06 — v0.28 — Cycle 7 RSI + paper restructure ship/p5,self,,2,0,1,0,0,0,0,1,0,0,-0.7296049124,-0.0744450928,0.6798048249,1.4151563463,49,5
SELF-CHANGELOG/## 2026-08-06 — v0.28 — Cycle 7 RSI + paper restructure ship/p6,self,,7,1,1,1,1,1,1,1,0,0,0.9687242055,-0.1799281117,0.1708779923,0.6984410767,172,4
SELF-CHANGELOG/## 2026-08-06 — v0.28 — Cycle 7 RSI + paper restructure ship/p7,self,,1,1,0,0,0,0,0,0,0,0,-0.5778391145,-0.132115944,0.8053864508,1.2758337804,58,94
SELF-CHANGELOG/## 2026-08-06 — v0.28 — Cycle 7 RSI + paper restructure ship/p8,self,,0,0,0,0,0,0,0,0,0,0,-0.5017214028,0.0548363685,0.8632894107,1.1826875144,0,204
SELF-CHANGELOG/## 2026-08-06 — v0.28 — Cycle 7 RSI + paper restructure ship/p9,self,,0,0,0,0,0,0,0,0,0,0,-0.5017214028,0.0548363685,0.8632894107,1.1826875144,0,204
SELF-CHANGELOG/## 2026-08-06 — v0.28 — Cycle 7 RSI + paper restructure ship/p10,self,,2,0,1,0,0,0,0,1,0,0,-0.7296049124,-0.0744450928,0.6798048249,1.4151563463,49,5
SELF-CHANGELOG/## 2026-08-06 — v0.28 — Cycle 7 RSI + paper restructure ship/p11,self,,3,0,1,0,0,0,0,0,1,1,-0.7390826087,0.4098160334,0.534609873,1.4557950497,48,2
SELF-CHANGELOG/## 2026-08-06 — v0.28 — Cycle 7 RSI + paper restructure ship/p12,self,,4,1,0,1,1,0,1,0,0,0,-0.5501414474,-0.784555483,0.2860368542,1.5801634695,106,1
SELF-CHANGELOG/## 2026-08-06 — v0.X — cycle 5 RSI on recursive-self-improve/p1,self,,3,1,0,0,0,0,0,1,1,0,-0.7511334269,-0.3529664822,0.5578648916,1.5074916206,63,21
SELF-CHANGELOG/## 2026-08-07 — v0.27 — `repo-history-skill` shipped (hyper-/p1,self,,0,0,0,0,0,0,0,0,0,0,-0.5017214028,0.0548363685,0.8632894107,1.1826875144,0,204
SELF-CHANGELOG/## 2026-08-07 — v0.27 — `repo-history-skill` shipped (hyper-/p2,self,,0,0,0,0,0,0,0,0,0,0,-0.5017214028,0.0548363685,0.8632894107,1.1826875144,0,204
SELF-CHANGELOG/## 2026-08-07 — v0.27 — `repo-history-skill` shipped (hyper-/p3,self,,3,1,0,0,1,0,0,1,0,0,-0.5625216293,-0.5148744542,0.6468954421,1.3874235582,81,10
SELF-CHANGELOG/## 2026-08-07 — v0.27 — `repo-history-skill` shipped (hyper-/p4,self,,1,0,0,0,0,0,0,1,0,0,-0.5960860637,-0.0151800402,0.802777037,1.2766694944,4,142
SELF-CHANGELOG/## 2026-08-07 — v0.27 — `repo-history-skill` shipped (hyper-/p5,self,,1,1,0,0,0,0,0,0,0,0,-0.5778391145,-0.132115944,0.8053864508,1.2758337804,58,94
SELF-CHANGELOG/## 2026-08-07 — v0.27 — `repo-history-skill` shipped (hyper-/p6,self,,1,0,0,0,0,0,0,0,0,1,-0.5799792611,0.1329904426,0.8037024318,1.2544535295,1,10
SELF-CHANGELOG/## 2026-08-07 — v0.27 — `repo-history-skill` shipped (hyper-/p7,self,,1,1,0,0,0,0,0,0,0,0,-0.5778391145,-0.132115944,0.8053864508,1.2758337804,58,94
SELF-CHANGELOG/## 2026-08-07 — v0.27 — `repo-history-skill` shipped (hyper-/p8,self,,1,0,0,0,0,0,0,1,0,0,-0.5960860637,-0.0151800402,0.802777037,1.2766694944,4,142
SELF-CHANGELOG/## 2026-08-07 — v0.27 — `repo-history-skill` shipped (hyper-/p9,self,,2,0,0,0,0,1,0,1,0,0,-0.5383545213,0.3129243032,0.7824658394,1.2281809819,16,52
SELF-CHANGELOG/## 2026-08-07 — v0.28 — Single-action atom primitive insight/p1,self,,1,0,1,0,0,0,0,0,0,0,-0.6081736362,0.0510415649,0.7921613389,1.2832871075,45,8
SELF-CHANGELOG/## 2026-08-07 — v0.28 — Single-action atom primitive insight/p2,self,,4,1,0,0,0,1,0,1,1,0,-0.8108311266,0.5050788046,0.2957165623,1.5950196223,75,8
SELF-CHANGELOG/## 2026-08-07 — v0.28 — Single-action atom primitive insight/p3,self,,1,0,1,0,0,0,0,0,0,0,-0.6081736362,0.0510415649,0.7921613389,1.2832871075,45,8
SELF-CHANGELOG/## 2026-08-07 — v0.28 — Single-action atom primitive insight/p4,self,,2,0,1,0,0,0,0,1,0,0,-0.7296049124,-0.0744450928,0.6798048249,1.4151563463,49,5
SELF-CHANGELOG/## 2026-08-07 — v0.28 — Single-action atom primitive insight/p5,self,,2,1,0,0,0,0,0,1,0,0,-0.6008005183,-0.2994018135,0.7412133912,1.3379289933,61,54
SELF-CHANGELOG/## 2026-08-07 — v0.28 — Single-action atom primitive insight/p6,self,,2,0,1,0,0,0,0,1,0,0,-0.7296049124,-0.0744450928,0.6798048249,1.4151563463,49,5
SELF-CHANGELOG/## 2026-08-09 — v0.29 — Single-action-atom-skill re-run + Se/p1,self,,1,0,0,0,0,0,0,1,0,0,-0.5960860637,-0.0151800402,0.802777037,1.2766694944,4,142
SELF-CHANGELOG/## 2026-08-09 — v0.29 — Single-action-atom-skill re-run + Se/p2,self,,0,0,0,0,0,0,0,0,0,0,-0.5017214028,0.0548363685,0.8632894107,1.1826875144,0,204
SELF-CHANGELOG/## 2026-08-09 — v0.29 — Single-action-atom-skill re-run + Se/p3,self,,1,0,0,0,0,0,0,1,0,0,-0.5960860637,-0.0151800402,0.802777037,1.2766694944,4,142
SELF-CHANGELOG/## 2026-08-09 — v0.29 — Single-action-atom-skill re-run + Se/p4,self,,0,0,0,0,0,0,0,0,0,0,-0.5017214028,0.0548363685,0.8632894107,1.1826875144,0,204
SELF-CHANGELOG/## 2026-08-09 — v0.29 — Single-action-atom-skill re-run + Se/p5,self,,1,0,0,0,0,0,0,0,1,0,-0.5610398353,0.1398786189,0.8158849644,1.236452723,2,33
SELF-CHANGELOG/## 2026-08-09 — v0.29 — Single-action-atom-skill re-run + Se/p6,self,,0,0,0,0,0,0,0,0,0,0,-0.5017214028,0.0548363685,0.8632894107,1.1826875144,0,204
SELF-CHANGELOG/## 2026-08-09 — v0.29 — Single-action-atom-skill re-run + Se/p7,self,,1,0,0,0,0,0,0,1,0,0,-0.5960860637,-0.0151800402,0.802777037,1.2766694944,4,142
SELF-CHANGELOG/## 2026-08-09 — v0.29 — Single-action-atom-skill re-run + Se/p8,self,,1,0,0,0,0,0,1,0,0,0,-0.6110039576,-0.0078890963,0.79158823,1.2902259156,7,6
SELF-CHANGELOG/## 2026-08-09 — v0.29 — Single-action-atom-skill re-run + Se/p9,self,,1,0,0,0,0,0,0,1,0,0,-0.5960860637,-0.0151800402,0.802777037,1.2766694944,4,142
SELF-CHANGELOG/## 2026-08-09 — v0.30 — Advisor pass: ideate-solo's paramete/p1,self,,2,0,0,0,0,0,1,1,0,0,-0.7045989484,-0.1591514912,0.6915281084,1.4038809401,10,6
SELF-CHANGELOG/## 2026-08-09 — v0.30 — Advisor pass: ideate-solo's paramete/p2,self,,1,1,0,0,0,0,0,0,0,0,-0.5778391145,-0.132115944,0.8053864508,1.2758337804,58,94
SELF-CHANGELOG/## 2026-08-09 — v0.30 — Advisor pass: ideate-solo's paramete/p3,self,,0,0,0,0,0,0,0,0,0,0,-0.5017214028,0.0548363685,0.8632894107,1.1826875144,0,204
SELF-CHANGELOG/## 2026-08-09 — v0.30 — Advisor pass: ideate-solo's paramete/p4,self,,0,0,0,0,0,0,0,0,0,0,-0.5017214028,0.0548363685,0.8632894107,1.1826875144,0,204
SELF-CHANGELOG/## 2026-08-09 — v0.30 — Advisor pass: ideate-solo's paramete/p5,self,,0,0,0,0,0,0,0,0,0,0,-0.5017214028,0.0548363685,0.8632894107,1.1826875144,0,204
SELF-CHANGELOG/## 2026-08-09 — v0.30 — Advisor pass: ideate-solo's paramete/p6,self,,0,0,0,0,0,0,0,0,0,0,-0.5017214028,0.0548363685,0.8632894107,1.1826875144,0,204
SELF-CHANGELOG/## 2026-08-09 — v0.30 — Advisor pass: ideate-solo's paramete/p7,self,,2,0,1,0,0,0,0,0,1,0,-0.6905912297,0.1811447672,0.7001930639,1.3649424333,47,5
SELF-CHANGELOG/## 2026-08-09 — v0.30 — Advisor pass: ideate-solo's paramete/p8,self,,0,0,0,0,0,0,0,0,0,0,-0.5017214028,0.0548363685,0.8632894107,1.1826875144,0,204
SELF-CHANGELOG/## 2026-08-09 — v0.30 — Advisor pass: ideate-solo's paramete/p9,self,,2,0,0,0,0,0,0,1,1,0,-0.7018896232,0.0823819753,0.707505595,1.3746634343,6,13
SELF-CHANGELOG/## 2026-08-09 — v0.30 — Advisor pass: ideate-solo's paramete/p10,self,,1,0,0,0,0,0,1,0,0,0,-0.6110039576,-0.0078890963,0.79158823,1.2902259156,7,6
SELF-CHANGELOG/## 2026-08-09 — v0.30 — Advisor pass: ideate-solo's paramete/p11,self,,2,0,0,0,0,0,1,1,0,0,-0.7045989484,-0.1591514912,0.6915281084,1.4038809401,10,6
SELF-CHANGELOG/## 2026-08-09 — v0.30 — Advisor pass: ideate-solo's paramete/p12,self,,0,0,0,0,0,0,0,0,0,0,-0.5017214028,0.0548363685,0.8632894107,1.1826875144,0,204
SELF-CHANGELOG/## 2026-08-09 — v0.30 — Advisor pass: ideate-solo's paramete/p13,self,,0,0,0,0,0,0,0,0,0,0,-0.5017214028,0.0548363685,0.8632894107,1.1826875144,0,204
SELF-CHANGELOG/## 2026-08-09 — v0.30 — Advisor pass: ideate-solo's paramete/p14,self,,1,0,0,0,0,0,0,1,0,0,-0.5960860637,-0.0151800402,0.802777037,1.2766694944,4,142
SELF-CHANGELOG/## 2026-08-09 — v0.30 — Advisor pass: ideate-solo's paramete/p15,self,,0,0,0,0,0,0,0,0,0,0,-0.5017214028,0.0548363685,0.8632894107,1.1826875144,0,204
SELF-CHANGELOG/## 2026-08-09 — v0.30 — Advisor pass: ideate-solo's paramete/p16,self,,2,0,0,0,0,0,0,1,0,1,-0.7252343251,0.0626867829,0.6856424293,1.3991071089,5,6
SELF-CHANGELOG/## 2026-08-09 — v0.31 — Empirical audit: Candidates 13 + 09 /p1,self,,1,0,0,0,0,0,0,1,0,0,-0.5960860637,-0.0151800402,0.802777037,1.2766694944,4,142
SELF-CHANGELOG/## 2026-08-09 — v0.31 — Empirical audit: Candidates 13 + 09 /p2,self,,1,0,0,0,0,0,0,1,0,0,-0.5960860637,-0.0151800402,0.802777037,1.2766694944,4,142
SELF-CHANGELOG/## 2026-08-09 — v0.31 — Empirical audit: Candidates 13 + 09 /p3,self,,1,0,0,0,0,0,0,1,0,0,-0.5960860637,-0.0151800402,0.802777037,1.2766694944,4,142
SELF-CHANGELOG/## 2026-08-09 — v0.31 — Empirical audit: Candidates 13 + 09 /p4,self,,1,0,0,0,0,0,0,1,0,0,-0.5960860637,-0.0151800402,0.802777037,1.2766694944,4,142
SELF-CHANGELOG/## 2026-08-09 — v0.31 — Empirical audit: Candidates 13 + 09 /p5,self,,1,0,0,0,0,0,0,1,0,0,-0.5960860637,-0.0151800402,0.802777037,1.2766694944,4,142
SELF-CHANGELOG/## 2026-08-09 — v0.31 — Empirical audit: Candidates 13 + 09 /p6,self,,1,0,0,0,0,0,0,1,0,0,-0.5960860637,-0.0151800402,0.802777037,1.2766694944,4,142
SELF-CHANGELOG/## 2026-08-09 — v0.31 — Empirical audit: Candidates 13 + 09 /p7,self,,1,0,0,0,0,0,0,1,0,0,-0.5960860637,-0.0151800402,0.802777037,1.2766694944,4,142
SELF-CHANGELOG/## 2026-08-09 — v0.31 — Empirical audit: Candidates 13 + 09 /p8,self,,1,0,0,0,0,0,0,1,0,0,-0.5960860637,-0.0151800402,0.802777037,1.2766694944,4,142
SELF-CHANGELOG/## 2026-08-09 — v0.31 — Empirical audit: Candidates 13 + 09 /p9,self,,1,0,0,0,0,0,0,1,0,0,-0.5960860637,-0.0151800402,0.802777037,1.2766694944,4,142
SELF-CHANGELOG/## 2026-08-09 — v0.31 — Empirical audit: Candidates 13 + 09 /p10,self,,1,0,0,0,0,0,0,1,0,0,-0.5960860637,-0.0151800402,0.802777037,1.2766694944,4,142
SELF-CHANGELOG/## 2026-08-09 — v0.31 — Empirical audit: Candidates 13 + 09 /p11,self,,1,0,0,0,0,0,0,1,0,0,-0.5960860637,-0.0151800402,0.802777037,1.2766694944,4,142
SELF-CHANGELOG/## 2026-08-09 — v0.31 — Empirical audit: Candidates 13 + 09 /p12,self,,1,0,0,0,0,0,0,1,0,0,-0.5960860637,-0.0151800402,0.802777037,1.2766694944,4,142
SELF-CHANGELOG/## 2026-08-09 — v0.31 — Empirical audit: Candidates 13 + 09 /p13,self,,1,0,0,0,0,0,0,1,0,0,-0.5960860637,-0.0151800402,0.802777037,1.2766694944,4,142
SELF-CHANGELOG/## 2026-08-09 — v0.31 — Empirical audit: Candidates 13 + 09 /p14,self,,1,0,0,0,0,0,0,1,0,0,-0.5960860637,-0.0151800402,0.802777037,1.2766694944,4,142
SELF-CHANGELOG/## 2026-08-09 — v0.31 — Empirical audit: Candidates 13 + 09 /p15,self,,1,0,0,0,0,0,0,1,0,0,-0.5960860637,-0.0151800402,0.802777037,1.2766694944,4,142
SELF-CHANGELOG/## 2026-08-09 — v0.31 — Empirical audit: Candidates 13 + 09 /p16,self,,1,0,0,0,0,0,0,1,0,0,-0.5960860637,-0.0151800402,0.802777037,1.2766694944,4,142
SELF-CHANGELOG/## 2026-08-09 — v0.31 — Empirical audit: Candidates 13 + 09 /p17,self,,1,0,0,0,0,0,0,1,0,0,-0.5960860637,-0.0151800402,0.802777037,1.2766694944,4,142
SELF-CHANGELOG/## 2026-08-09 — v0.31 — Empirical audit: Candidates 13 + 09 /p18,self,,2,0,0,0,0,0,0,1,1,0,-0.7018896232,0.0823819753,0.707505595,1.3746634343,6,13
SELF-CHANGELOG/## 2026-08-09 — v0.32 — Ladder edit applied: 5/10 Set C rows/p1,self,,0,0,0,0,0,0,0,0,0,0,-0.5017214028,0.0548363685,0.8632894107,1.1826875144,0,204
SELF-CHANGELOG/## 2026-08-09 — v0.32 — Ladder edit applied: 5/10 Set C rows/p2,self,,0,0,0,0,0,0,0,0,0,0,-0.5017214028,0.0548363685,0.8632894107,1.1826875144,0,204
SELF-CHANGELOG/## 2026-08-09 — v0.32 — Ladder edit applied: 5/10 Set C rows/p3,self,,0,0,0,0,0,0,0,0,0,0,-0.5017214028,0.0548363685,0.8632894107,1.1826875144,0,204
SELF-CHANGELOG/## 2026-08-09 — v0.32 — Ladder edit applied: 5/10 Set C rows/p4,self,,0,0,0,0,0,0,0,0,0,0,-0.5017214028,0.0548363685,0.8632894107,1.1826875144,0,204
SELF-CHANGELOG/## 2026-08-09 — v0.32 — Ladder edit applied: 5/10 Set C rows/p5,self,,0,0,0,0,0,0,0,0,0,0,-0.5017214028,0.0548363685,0.8632894107,1.1826875144,0,204
SELF-CHANGELOG/## 2026-08-09 — v0.32 — Ladder edit applied: 5/10 Set C rows/p6,self,,0,0,0,0,0,0,0,0,0,0,-0.5017214028,0.0548363685,0.8632894107,1.1826875144,0,204
SELF-CHANGELOG/## 2026-08-09 — v0.32 — Ladder edit applied: 5/10 Set C rows/p7,self,,0,0,0,0,0,0,0,0,0,0,-0.5017214028,0.0548363685,0.8632894107,1.1826875144,0,204
SELF-CHANGELOG/## 2026-08-09 — v0.32 — Ladder edit applied: 5/10 Set C rows/p8,self,,0,0,0,0,0,0,0,0,0,0,-0.5017214028,0.0548363685,0.8632894107,1.1826875144,0,204
SELF-CHANGELOG/## 2026-08-09 — v0.32 — Ladder edit applied: 5/10 Set C rows/p9,self,,1,0,0,0,0,0,0,1,0,0,-0.5960860637,-0.0151800402,0.802777037,1.2766694944,4,142
SELF-CHANGELOG/## 2026-08-09 — v0.33 — Precision fix applied: Set C fully e/p1,self,,0,0,0,0,0,0,0,0,0,0,-0.5017214028,0.0548363685,0.8632894107,1.1826875144,0,204
SELF-CHANGELOG/## 2026-08-09 — v0.33 — Precision fix applied: Set C fully e/p2,self,,0,0,0,0,0,0,0,0,0,0,-0.5017214028,0.0548363685,0.8632894107,1.1826875144,0,204
SELF-CHANGELOG/## 2026-08-09 — v0.33 — Precision fix applied: Set C fully e/p3,self,,0,0,0,0,0,0,0,0,0,0,-0.5017214028,0.0548363685,0.8632894107,1.1826875144,0,204
SELF-CHANGELOG/## 2026-08-09 — v0.33 — Precision fix applied: Set C fully e/p4,self,,0,0,0,0,0,0,0,0,0,0,-0.5017214028,0.0548363685,0.8632894107,1.1826875144,0,204
SELF-CHANGELOG/## 2026-08-09 — v0.33 — Precision fix applied: Set C fully e/p5,self,,0,0,0,0,0,0,0,0,0,0,-0.5017214028,0.0548363685,0.8632894107,1.1826875144,0,204
SELF-CHANGELOG/## 2026-08-09 — v0.33 — Precision fix applied: Set C fully e/p6,self,,0,0,0,0,0,0,0,0,0,0,-0.5017214028,0.0548363685,0.8632894107,1.1826875144,0,204
SELF-CHANGELOG/## 2026-08-09 — v0.33 — Precision fix applied: Set C fully e/p7,self,,0,0,0,0,0,0,0,0,0,0,-0.5017214028,0.0548363685,0.8632894107,1.1826875144,0,204
SELF-CHANGELOG/## 2026-08-09 — v0.33 — Precision fix applied: Set C fully e/p8,self,,0,0,0,0,0,0,0,0,0,0,-0.5017214028,0.0548363685,0.8632894107,1.1826875144,0,204
SELF-CHANGELOG/## 2026-08-09 — v0.33 — Precision fix applied: Set C fully e/p9,self,,0,0,0,0,0,0,0,0,0,0,-0.5017214028,0.0548363685,0.8632894107,1.1826875144,0,204
SELF-CHANGELOG/## 2026-08-09 — v0.33 — Precision fix applied: Set C fully e/p10,self,,0,0,0,0,0,0,0,0,0,0,-0.5017214028,0.0548363685,0.8632894107,1.1826875144,0,204
SELF-CHANGELOG/## 2026-08-09 — v0.33 — Precision fix applied: Set C fully e/p11,self,,0,0,0,0,0,0,0,0,0,0,-0.5017214028,0.0548363685,0.8632894107,1.1826875144,0,204
SELF-CHANGELOG/## 2026-08-09 — v0.33 — Precision fix applied: Set C fully e/p12,self,,0,0,0,0,0,0,0,0,0,0,-0.5017214028,0.0548363685,0.8632894107,1.1826875144,0,204
SELF-CHANGELOG/## 2026-08-09 — v0.33 — Precision fix applied: Set C fully e/p13,self,,0,0,0,0,0,0,0,0,0,0,-0.5017214028,0.0548363685,0.8632894107,1.1826875144,0,204
SELF-CHANGELOG/## 2026-08-09 — v0.33 — Precision fix applied: Set C fully e/p14,self,,0,0,0,0,0,0,0,0,0,0,-0.5017214028,0.0548363685,0.8632894107,1.1826875144,0,204
SELF-CHANGELOG/## 2026-08-09 — v0.33 — Precision fix applied: Set C fully e/p15,self,,0,0,0,0,0,0,0,0,0,0,-0.5017214028,0.0548363685,0.8632894107,1.1826875144,0,204
SELF-CHANGELOG/## 2026-08-09 — v0.33 — Precision fix applied: Set C fully e/p16,self,,0,0,0,0,0,0,0,0,0,0,-0.5017214028,0.0548363685,0.8632894107,1.1826875144,0,204
SELF-CHANGELOG/## 2026-08-09 — v0.33 — Precision fix applied: Set C fully e/p17,self,,1,0,0,0,0,0,0,1,0,0,-0.5960860637,-0.0151800402,0.802777037,1.2766694944,4,142
SELF-CHANGELOG/## Dream-run slot/p1,self,,2,0,0,0,0,1,0,1,0,0,-0.5383545213,0.3129243032,0.7824658394,1.2281809819,16,52
SELF-CHANGELOG/## Dream-run slot/p2,self,,3,0,0,1,0,0,0,1,1,0,-0.8049735314,0.290458283,0.5173505577,1.5033130652,32,2
SELF-CHANGELOG/## Dream-run slot/p3,self,,4,1,0,1,0,0,0,1,1,0,-0.8938260779,-0.4419777012,0.075701084,1.7860650702,97,4
SELF-CHANGELOG/## Dream-run slot/p4,self,,4,1,0,1,0,0,0,1,1,0,-0.8938260779,-0.4419777012,0.075701084,1.7860650702,97,4
SELF-CHANGELOG/## Dream-run slot/p5,self,,1,1,0,0,0,0,0,0,0,0,-0.5778391145,-0.132115944,0.8053864508,1.2758337804,58,94
SELF-CHANGELOG/## Dream-run slot/p6,self,,1,0,0,0,0,0,0,1,0,0,-0.5960860637,-0.0151800402,0.802777037,1.2766694944,4,142
SELF-CHANGELOG/## Dream-run slot/p7,self,,2,1,0,0,0,0,1,0,0,0,-0.6174231243,-0.3093666783,0.7232433504,1.3568116356,65,1
COMPANY/## Current Priorities/p1,self,,6,1,1,1,0,1,0,1,1,0,0.3445379888,0.9367029093,-0.0622995508,1.1907718767,156,4
COMPANY/## Current Priorities/p2,self,,7,1,1,1,1,1,0,1,1,0,0.8610295337,0.4747950067,0.1822027542,0.6850113221,169,3
COMPANY/## Current Priorities/p3,self,,1,0,0,0,0,0,0,1,0,0,-0.5960860637,-0.0151800402,0.802777037,1.2766694944,4,142
COMPANY/## Tooling/p1,self,,7,1,1,1,1,0,0,1,1,1,0.835023795,-0.4504850744,0.3159089419,0.7183122126,161,8
COMPANY/## Tooling/p2,self,,2,0,0,1,0,0,0,1,0,0,-0.7264949823,0.0771287456,0.6828295521,1.4000265952,31,11
COMPANY/## Business Processes/p1,self,,3,0,0,0,1,0,0,0,1,1,-0.7800606372,0.3575592151,0.5134752282,1.4889870455,24,2
RECENT_ACTIVITY/## 2026-08-06/p1,self,,5,1,1,1,0,0,0,1,1,0,-0.3076418403,-0.8732172546,-0.3779525425,1.7783625787,147,4
RECENT_ACTIVITY/## 2026-08-06/p2,self,,1,0,0,0,0,0,0,1,0,0,-0.5960860637,-0.0151800402,0.802777037,1.2766694944,4,142
RECENT_ACTIVITY/## 2026-08-05/p1,self,,8,1,1,1,1,1,1,1,1,0,0.8472372838,0.0669859701,0.5269742543,0.2731548457,174,17
RECENT_ACTIVITY/## 2026-08-05/p2,self,,1,0,0,0,0,0,0,1,0,0,-0.5960860637,-0.0151800402,0.802777037,1.2766694944,4,142
RECENT_ACTIVITY/## 2026-08-04/p1,self,,1,0,0,0,0,0,0,1,0,0,-0.5960860637,-0.0151800402,0.802777037,1.2766694944,4,142
RECENT_ACTIVITY/## 2026-08-04/p2,self,,1,1,0,0,0,0,0,0,0,0,-0.5778391145,-0.132115944,0.8053864508,1.2758337804,58,94
RECENT_ACTIVITY/## 2026-08-04/p3,self,,0,0,0,0,0,0,0,0,0,0,-0.5017214028,0.0548363685,0.8632894107,1.1826875144,0,204
RECENT_ACTIVITY/## 2026-08-02/p1,self,,6,1,1,1,0,1,0,1,1,0,0.3445379888,0.9367029093,-0.0622995508,1.1907718767,156,4
RECENT_ACTIVITY/## 2026-08-02/p2,self,,1,0,0,0,0,0,0,1,0,0,-0.5960860637,-0.0151800402,0.802777037,1.2766694944,4,142
RECENT_ACTIVITY/## 2026-08-01/p1,self,,1,0,0,0,0,0,0,0,1,0,-0.5610398353,0.1398786189,0.8158849644,1.236452723,2,33
RECENT_ACTIVITY/## 2026-08-01/p2,self,,1,1,0,0,0,0,0,0,0,0,-0.5778391145,-0.132115944,0.8053864508,1.2758337804,58,94
RECENT_ACTIVITY/## 2026-08-01/p3,self,,2,1,1,0,0,0,0,0,0,0,-0.669433835,-0.2509991154,0.6991836559,1.3903207747,115,6
RECENT_ACTIVITY/## 2026-08-01/p4,self,,1,1,0,0,0,0,0,0,0,0,-0.5778391145,-0.132115944,0.8053864508,1.2758337804,58,94
RECENT_ACTIVITY/## 2026-08-01/p5,self,,1,0,0,0,0,0,0,1,0,0,-0.5960860637,-0.0151800402,0.802777037,1.2766694944,4,142
RECENT_ACTIVITY/## 2026-08-01/p6,self,,1,1,0,0,0,0,0,0,0,0,-0.5778391145,-0.132115944,0.8053864508,1.2758337804,58,94
RECENT_ACTIVITY/## 2026-08-01/p7,self,,1,1,0,0,0,0,0,0,0,0,-0.5778391145,-0.132115944,0.8053864508,1.2758337804,58,94
RECENT_ACTIVITY/## 2026-08-01/p8,self,,2,0,0,0,0,1,0,1,0,0,-0.5383545213,0.3129243032,0.7824658394,1.2281809819,16,52
RECENT_ACTIVITY/## 2026-08-01/p9,self,,1,0,0,0,0,0,0,1,0,0,-0.5960860637,-0.0151800402,0.802777037,1.2766694944,4,142
RECENT_ACTIVITY/## 2026-08-01/p10,self,,1,1,0,0,0,0,0,0,0,0,-0.5778391145,-0.132115944,0.8053864508,1.2758337804,58,94
RECENT_ACTIVITY/## 2026-08-01/p11,self,,1,0,0,0,0,0,0,1,0,0,-0.5960860637,-0.0151800402,0.802777037,1.2766694944,4,142
RECENT_ACTIVITY/## 2026-07-31/p1,self,,2,0,1,0,0,0,0,0,1,0,-0.6905912297,0.1811447672,0.7001930639,1.3649424333,47,5
RECENT_ACTIVITY/## 2026-07-31/p2,self,,2,1,1,0,0,0,0,0,0,0,-0.669433835,-0.2509991154,0.6991836559,1.3903207747,115,6
RECENT_ACTIVITY/## 2026-07-31/p3,self,,3,1,1,1,0,0,0,0,0,0,-0.8546444675,-0.2942651818,0.4277742826,1.6090175864,144,1
RECENT_ACTIVITY/## 2026-07-31/p4,self,,3,1,0,0,1,0,0,1,0,0,-0.5625216293,-0.5148744542,0.6468954421,1.3874235582,81,10
RECENT_ACTIVITY/## 2026-07-31/p5,self,,1,0,0,0,0,0,0,0,1,0,-0.5610398353,0.1398786189,0.8158849644,1.236452723,2,33
RECENT_ACTIVITY/## 2026-07-31/p6,self,,1,0,1,0,0,0,0,0,0,0,-0.6081736362,0.0510415649,0.7921613389,1.2832871075,45,8
RECENT_ACTIVITY/## 2026-07-31/p7,self,,2,1,0,0,0,0,0,0,1,0,-0.7101469187,-0.0969207592,0.6973505003,1.3985228771,60,9
RECENT_ACTIVITY/## 2026-07-31/p8,self,,0,0,0,0,0,0,0,0,0,0,-0.5017214028,0.0548363685,0.8632894107,1.1826875144,0,204
RECENT_ACTIVITY/## 2026-07-31/p9,self,,1,0,0,0,0,0,0,1,0,0,-0.5960860637,-0.0151800402,0.802777037,1.2766694944,4,142
RECENT_ACTIVITY/## 2026-07-31/p10,self,,1,0,0,0,0,0,0,1,0,0,-0.5960860637,-0.0151800402,0.802777037,1.2766694944,4,142
RECENT_ACTIVITY/## 2026-07-31/p11,self,,2,1,1,0,0,0,0,0,0,0,-0.669433835,-0.2509991154,0.6991836559,1.3903207747,115,6
RECENT_ACTIVITY/## 2026-07-31/p12,self,,1,0,0,0,0,0,0,1,0,0,-0.5960860637,-0.0151800402,0.802777037,1.2766694944,4,142
RECENT_ACTIVITY/## 2026-07-31/p13,self,,1,0,0,1,0,0,0,0,0,0,-0.5787841358,0.1420824769,0.8030077795,1.2534053535,29,4
RECENT_ACTIVITY/## 2026-07-31/p14,self,,1,0,0,0,0,0,0,1,0,0,-0.5960860637,-0.0151800402,0.802777037,1.2766694944,4,142
RECENT_ACTIVITY/## 2026-07-31/p15,self,,2,0,0,0,0,1,0,1,0,0,-0.5383545213,0.3129243032,0.7824658394,1.2281809819,16,52
RECENT_ACTIVITY/## 2026-07-31/p16,self,,0,0,0,0,0,0,0,0,0,0,-0.5017214028,0.0548363685,0.8632894107,1.1826875144,0,204
RECENT_ACTIVITY/## 2026-07-31/p17,self,,0,0,0,0,0,0,0,0,0,0,-0.5017214028,0.0548363685,0.8632894107,1.1826875144,0,204
RECENT_ACTIVITY/## 2026-07-31/p18,self,,1,1,0,0,0,0,0,0,0,0,-0.5778391145,-0.132115944,0.8053864508,1.2758337804,58,94
RECENT_ACTIVITY/## 2026-07-31/p19,self,,2,1,0,0,0,0,0,1,0,0,-0.6008005183,-0.2994018135,0.7412133912,1.3379289933,61,54
RECENT_ACTIVITY/## 2026-07-31/p20,self,,0,0,0,0,0,0,0,0,0,0,-0.5017214028,0.0548363685,0.8632894107,1.1826875144,0,204
RECENT_ACTIVITY/## 2026-07-31/p21,self,,2,0,0,1,0,0,0,1,0,0,-0.7264949823,0.0771287456,0.6828295521,1.4000265952,31,11
RECENT_ACTIVITY/## 2026-07-31/p22,self,,1,0,0,0,0,0,0,1,0,0,-0.5960860637,-0.0151800402,0.802777037,1.2766694944,4,142
RECENT_ACTIVITY/## 2026-07-30/p1,self,,3,0,0,1,0,1,0,1,0,0,-0.4888559729,0.49325794,0.7195251506,1.2221152077,39,2
RECENT_ACTIVITY/## 2026-07-30/p2,self,,0,0,0,0,0,0,0,0,0,0,-0.5017214028,0.0548363685,0.8632894107,1.1826875144,0,204
RECENT_ACTIVITY/## 2026-07-30/p3,self,,0,0,0,0,0,0,0,0,0,0,-0.5017214028,0.0548363685,0.8632894107,1.1826875144,0,204
RECENT_ACTIVITY/## 2026-07-30/p4,self,,0,0,0,0,0,0,0,0,0,0,-0.5017214028,0.0548363685,0.8632894107,1.1826875144,0,204
RECENT_ACTIVITY/## 2026-07-30/p5,self,,0,0,0,0,0,0,0,0,0,0,-0.5017214028,0.0548363685,0.8632894107,1.1826875144,0,204
RECENT_ACTIVITY/## 2026-07-30/p6,self,,1,0,0,0,0,0,0,0,1,0,-0.5610398353,0.1398786189,0.8158849644,1.236452723,2,33
RECENT_ACTIVITY/## 2026-07-30/p7,self,,0,0,0,0,0,0,0,0,0,0,-0.5017214028,0.0548363685,0.8632894107,1.1826875144,0,204
RECENT_ACTIVITY/## 2026-07-30/p8,self,,1,0,0,0,0,0,0,0,1,0,-0.5610398353,0.1398786189,0.8158849644,1.236452723,2,33
RECENT_ACTIVITY/## 2026-07-30/p9,self,,1,0,0,0,0,0,0,1,0,0,-0.5960860637,-0.0151800402,0.802777037,1.2766694944,4,142
RECENT_ACTIVITY/## 2026-07-30/p10,self,,3,0,0,0,1,1,0,1,0,0,-0.6536730777,0.4257253228,0.625675201,1.3666229391,27,7
RECENT_ACTIVITY/## 2026-07-30/p11,self,,1,0,0,0,0,0,0,1,0,0,-0.5960860637,-0.0151800402,0.802777037,1.2766694944,4,142
RECENT_ACTIVITY/## 2026-07-30/p12,self,,2,1,0,0,0,0,0,1,0,0,-0.6008005183,-0.2994018135,0.7412133912,1.3379289933,61,54
RECENT_ACTIVITY/## 2026-07-30/p13,self,,1,0,0,0,0,0,0,1,0,0,-0.5960860637,-0.0151800402,0.802777037,1.2766694944,4,142
RECENT_ACTIVITY/## 2026-07-30/p14,self,,0,0,0,0,0,0,0,0,0,0,-0.5017214028,0.0548363685,0.8632894107,1.1826875144,0,204
RECENT_ACTIVITY/## 2026-07-30/p15,self,,1,0,0,0,0,0,0,1,0,0,-0.5960860637,-0.0151800402,0.802777037,1.2766694944,4,142
RECENT_ACTIVITY/## 2026-07-30/p16,self,,1,0,0,0,0,0,0,1,0,0,-0.5960860637,-0.0151800402,0.802777037,1.2766694944,4,142
RECENT_ACTIVITY/## 2026-07-30/p17,self,,0,0,0,0,0,0,0,0,0,0,-0.5017214028,0.0548363685,0.8632894107,1.1826875144,0,204
RECENT_ACTIVITY/## 2026-07-30/p18,self,,0,0,0,0,0,0,0,0,0,0,-0.5017214028,0.0548363685,0.8632894107,1.1826875144,0,204
RECENT_ACTIVITY/## 2026-07-30/p19,self,,0,0,0,0,0,0,0,0,0,0,-0.5017214028,0.0548363685,0.8632894107,1.1826875144,0,204
RECENT_ACTIVITY/## 2026-07-30/p20,self,,5,1,1,1,0,0,0,1,1,0,-0.3076418403,-0.8732172546,-0.3779525425,1.7783625787,147,4
RECENT_ACTIVITY/## 2026-07-30/p21,self,,5,1,1,0,1,0,0,1,1,0,-0.1725312681,-0.9556883266,0.2385220829,1.4481511118,132,1
RECENT_ACTIVITY/## 2026-07-30/p22,self,,3,1,1,0,0,0,0,1,0,0,-0.6054445241,-0.5036210802,0.6162813771,1.4230025965,117,6
RECENT_ACTIVITY/## 2026-07-30/p23,self,,2,1,1,0,0,0,0,0,0,0,-0.669433835,-0.2509991154,0.6991836559,1.3903207747,115,6
RECENT_ACTIVITY/## 2026-07-30/p24,self,,2,0,0,0,0,0,0,1,1,0,-0.7018896232,0.0823819753,0.707505595,1.3746634343,6,13
RECENT_ACTIVITY/## 2026-07-30/p25,self,,3,1,0,0,0,0,0,1,1,0,-0.7511334269,-0.3529664822,0.5578648916,1.5074916206,63,21
RECENT_ACTIVITY/## 2026-07-30/p26,self,,2,0,0,0,0,1,0,0,1,0,-0.4023636005,0.3662386258,0.8390308707,1.1094367675,15,21
RECENT_ACTIVITY/## 2026-07-30/p27,self,,2,0,0,0,0,0,0,1,1,0,-0.7018896232,0.0823819753,0.707505595,1.3746634343,6,13
RECENT_ACTIVITY/## 2026-07-30/p28,self,,1,1,0,0,0,0,0,0,0,0,-0.5778391145,-0.132115944,0.8053864508,1.2758337804,58,94
RECENT_ACTIVITY/## 2026-07-30/p29,self,,1,1,0,0,0,0,0,0,0,0,-0.5778391145,-0.132115944,0.8053864508,1.2758337804,58,94
RECENT_ACTIVITY/## 2026-07-30/p30,self,,3,0,1,0,0,0,0,1,1,0,-0.881287982,0.0671241357,0.4677882461,1.5764411487,50,6
RECENT_ACTIVITY/## 2026-07-30/p31,self,,0,0,0,0,0,0,0,0,0,0,-0.5017214028,0.0548363685,0.8632894107,1.1826875144,0,204
RECENT_ACTIVITY/## 2026-07-30/p32,self,,1,1,0,0,0,0,0,0,0,0,-0.5778391145,-0.132115944,0.8053864508,1.2758337804,58,94
RECENT_ACTIVITY/## 2026-07-30/p33,self,,2,1,0,0,0,0,0,1,0,0,-0.6008005183,-0.2994018135,0.7412133912,1.3379289933,61,54
RECENT_ACTIVITY/## 2026-07-30/p34,self,,1,1,0,0,0,0,0,0,0,0,-0.5778391145,-0.132115944,0.8053864508,1.2758337804,58,94
RECENT_ACTIVITY/## 2026-07-30/p35,self,,1,1,0,0,0,0,0,0,0,0,-0.5778391145,-0.132115944,0.8053864508,1.2758337804,58,94
RECENT_ACTIVITY/## 2026-07-30/p36,self,,1,1,0,0,0,0,0,0,0,0,-0.5778391145,-0.132115944,0.8053864508,1.2758337804,58,94
RECENT_ACTIVITY/## 2026-07-30/p37,self,,3,1,0,0,1,1,0,0,0,0,-0.8153221368,0.2578447272,0.5184263784,1.5098349017,88,1
RECENT_ACTIVITY/## 2026-07-30/p38,self,,4,1,1,0,0,0,0,1,1,0,-0.676885097,-0.6759967795,0.2912986775,1.6233541999,119,7
RECENT_ACTIVITY/## 2026-07-30/p39,self,,4,0,1,0,0,1,0,1,1,0,-0.4502389737,0.6668846999,0.5937589272,1.2596775813,54,2
RECENT_ACTIVITY/## 2026-07-30/p40,self,,5,1,1,0,0,1,0,1,1,0,-0.5501415854,0.7581873745,-0.3499944873,1.7555361285,127,3
RECENT_ACTIVITY/## 2026-07-30/p41,self,,4,1,0,0,1,0,0,1,1,0,-0.6159943862,-0.6979929927,0.3651803639,1.5653151949,82,3
RECENT_ACTIVITY/## 2026-07-30/p42,self,,5,1,1,0,0,0,0,1,1,1,-0.3161942807,-0.8934992533,-0.3188734251,1.7584514517,120,1
RECENT_ACTIVITY/## 2026-07-30/p43,self,,2,0,0,0,1,0,0,0,1,0,-0.7040638745,0.1392354019,0.6963530451,1.3770251793,23,3
RECENT_ACTIVITY/## 2026-07-30/p44,self,,1,0,0,0,0,0,0,1,0,0,-0.5960860637,-0.0151800402,0.802777037,1.2766694944,4,142
RECENT_ACTIVITY/## WeHo Auto (#weho-auto space)/p1,self,,1,0,0,0,0,0,0,0,1,0,-0.5610398353,0.1398786189,0.8158849644,1.236452723,2,33
RECENT_ACTIVITY/## WeHo Auto (#weho-auto space)/p2,self,,0,0,0,0,0,0,0,0,0,0,-0.5017214028,0.0548363685,0.8632894107,1.1826875144,0,204
RECENT_ACTIVITY/## WeHo Auto (#weho-auto space)/p3,self,,0,0,0,0,0,0,0,0,0,0,-0.5017214028,0.0548363685,0.8632894107,1.1826875144,0,204
RECENT_ACTIVITY/## WeHo Auto (#weho-auto space)/p4,self,,5,0,0,1,1,0,0,1,1,1,-0.3238173949,0.83436591,-0.446067061,1.7032765657,43,1
RECENT_ACTIVITY/## WeHo Auto (#weho-auto space)/p5,self,,5,1,0,0,1,0,0,1,1,1,-0.2926548093,-0.9447369644,-0.1477336481,1.6797356513,83,1
RECENT_ACTIVITY/## WeHo Auto (#weho-auto space)/p6,self,,1,0,0,0,0,0,0,1,0,0,-0.5960860637,-0.0151800402,0.802777037,1.2766694944,4,142
RECENT_ACTIVITY/## WeHo Auto (#weho-auto space)/p7,self,,4,1,0,0,1,0,0,1,1,0,-0.6159943862,-0.6979929927,0.3651803639,1.5653151949,82,3
RECENT_ACTIVITY/## WeHo Auto (#weho-auto space)/p8,self,,1,0,0,0,0,0,0,0,1,0,-0.5610398353,0.1398786189,0.8158849644,1.236452723,2,33
RECENT_ACTIVITY/## WeHo Auto (#weho-auto space)/p9,self,,1,0,0,0,0,0,0,0,1,0,-0.5610398353,0.1398786189,0.8158849644,1.236452723,2,33
RECENT_ACTIVITY/## WeHo Auto (#weho-auto space)/p10,self,,1,0,0,0,0,0,0,1,0,0,-0.5960860637,-0.0151800402,0.802777037,1.2766694944,4,142
RECENT_ACTIVITY/## WeHo Auto (#weho-auto space)/p11,self,,3,1,0,0,0,0,0,1,1,0,-0.7511334269,-0.3529664822,0.5578648916,1.5074916206,63,21
RECENT_ACTIVITY/## WeHo Auto (#weho-auto space)/p12,self,,2,0,0,0,0,1,0,1,0,0,-0.5383545213,0.3129243032,0.7824658394,1.2281809819,16,52
RECENT_ACTIVITY/## WeHo Auto (#weho-auto space)/p13,self,,5,1,0,0,1,1,0,1,1,0,-0.6254928224,0.6154441662,-0.4795698149,1.8452278558,92,3
RECENT_ACTIVITY/## WeHo Auto (#weho-auto space)/p14,self,,4,1,0,0,1,1,0,1,0,0,-0.997444865,0.054704894,0.0459468806,1.8059697771,90,3
RECENT_ACTIVITY/## WeHo Auto (#weho-auto space)/p15,self,,2,1,1,0,0,0,0,0,0,0,-0.669433835,-0.2509991154,0.6991836559,1.3903207747,115,6
RECENT_ACTIVITY/## WeHo Auto (#weho-auto space)/p16,self,,1,1,0,0,0,0,0,0,0,0,-0.5778391145,-0.132115944,0.8053864508,1.2758337804,58,94
RECENT_ACTIVITY/## WeHo Auto (#weho-auto space)/p17,self,,1,1,0,0,0,0,0,0,0,0,-0.5778391145,-0.132115944,0.8053864508,1.2758337804,58,94
RECENT_ACTIVITY/## WeHo Auto (#weho-auto space)/p18,self,,3,1,1,0,0,0,0,1,0,0,-0.6054445241,-0.5036210802,0.6162813771,1.4230025965,117,6
RECENT_ACTIVITY/## WeHo Auto (#weho-auto space)/p19,self,,1,1,0,0,0,0,0,0,0,0,-0.5778391145,-0.132115944,0.8053864508,1.2758337804,58,94
RECENT_ACTIVITY/## WeHo Auto (#weho-auto space)/p20,self,,1,1,0,0,0,0,0,0,0,0,-0.5778391145,-0.132115944,0.8053864508,1.2758337804,58,94
RECENT_ACTIVITY/## WeHo Auto (#weho-auto space)/p21,self,,0,0,0,0,0,0,0,0,0,0,-0.5017214028,0.0548363685,0.8632894107,1.1826875144,0,204
RECENT_ACTIVITY/## WeHo Auto (#weho-auto space)/p22,self,,0,0,0,0,0,0,0,0,0,0,-0.5017214028,0.0548363685,0.8632894107,1.1826875144,0,204
RECENT_ACTIVITY/## WeHo Auto (#weho-auto space)/p23,self,,3,1,0,0,0,0,0,1,1,0,-0.7511334269,-0.3529664822,0.5578648916,1.5074916206,63,21
RECENT_ACTIVITY/## WeHo Auto (#weho-auto space)/p24,self,,1,1,0,0,0,0,0,0,0,0,-0.5778391145,-0.132115944,0.8053864508,1.2758337804,58,94
RECENT_ACTIVITY/## WeHo Auto (#weho-auto space)/p25,self,,3,1,0,0,0,0,0,1,1,0,-0.7511334269,-0.3529664822,0.5578648916,1.5074916206,63,21
RECENT_ACTIVITY/## WeHo Auto (#weho-auto space)/p26,self,,2,0,0,1,0,0,0,1,0,0,-0.7264949823,0.0771287456,0.6828295521,1.4000265952,31,11
RECENT_ACTIVITY/## WeHo Auto (#weho-auto space)/p27,self,,6,1,1,1,1,0,0,1,1,0,0.4745823491,-0.8781129723,0.0607388003,1.2124037666,160,1
RECENT_ACTIVITY/## 2026-08-04/p1,self,,1,0,0,0,0,0,0,1,0,0,-0.5960860637,-0.0151800402,0.802777037,1.2766694944,4,142
RECENT_ACTIVITY/## 2026-08-04/p2,self,,1,1,0,0,0,0,0,0,0,0,-0.5778391145,-0.132115944,0.8053864508,1.2758337804,58,94
RECENT_ACTIVITY/## 2026-08-04/p3,self,,0,0,0,0,0,0,0,0,0,0,-0.5017214028,0.0548363685,0.8632894107,1.1826875144,0,204
RULES/## Constraints/p1,self,,0,0,0,0,0,0,0,0,0,0,-0.5017214028,0.0548363685,0.8632894107,1.1826875144,0,204
RULES/## Constraints/p2,self,,0,0,0,0,0,0,0,0,0,0,-0.5017214028,0.0548363685,0.8632894107,1.1826875144,0,204
RULES/## Constraints/p3,self,,0,0,0,0,0,0,0,0,0,0,-0.5017214028,0.0548363685,0.8632894107,1.1826875144,0,204
RULES/## Constraints/p4,self,,1,0,0,0,1,0,0,0,0,0,-0.6088675156,0.0206835518,0.7930022315,1.2858206077,21,6
RULES/## Constraints/p5,self,,0,0,0,0,0,0,0,0,0,0,-0.5017214028,0.0548363685,0.8632894107,1.1826875144,0,204
RULES/## Constraints/p6,self,,1,1,0,0,0,0,0,0,0,0,-0.5778391145,-0.132115944,0.8053864508,1.2758337804,58,94
RULES/## Constraints/p7,self,,3,1,0,0,0,1,0,1,0,0,-0.8298181344,0.1677074222,0.5322368686,1.5162743507,73,14
RULES/## Constraints/p8,self,,4,1,1,0,0,0,0,1,0,1,-0.6122587307,-0.7355089634,0.2901134459,1.6010835083,118,2
RULES/## Constraints/p9,self,,2,1,1,0,0,0,0,0,0,0,-0.669433835,-0.2509991154,0.6991836559,1.3903207747,115,6
RULES/## Constraints/p10,self,,2,1,0,0,0,0,0,1,0,0,-0.6008005183,-0.2994018135,0.7412133912,1.3379289933,61,54
RULES/## Constraints/p11,self,,1,0,0,0,0,0,0,1,0,0,-0.5960860637,-0.0151800402,0.802777037,1.2766694944,4,142
RULES/## Autonomy/p1,self,,4,1,0,1,1,0,0,0,1,0,-0.9446888089,-0.3212228046,-0.0661737425,1.854450001,105,2
RULES/## Autonomy/p2,self,,0,0,0,0,0,0,0,0,0,0,-0.5017214028,0.0548363685,0.8632894107,1.1826875144,0,204
RULES/## Standards/p1,self,,3,1,1,0,0,0,0,0,1,0,-0.8446435172,-0.2507434142,0.4729747024,1.5810054542,116,2
SAUNA_TOOLS/## Software & Apps/p1,self,,1,0,0,0,0,0,0,1,0,0,-0.5960860637,-0.0151800402,0.802777037,1.2766694944,4,142
SAUNA_TOOLS/## Software & Apps/p2,self,,1,0,0,0,0,0,0,0,1,0,-0.5610398353,0.1398786189,0.8158849644,1.236452723,2,33
SAUNA_TOOLS/## Software & Apps/p3,self,,0,0,0,0,0,0,0,0,0,0,-0.5017214028,0.0548363685,0.8632894107,1.1826875144,0,204
SAUNA_TOOLS/## Software & Apps/p4,self,,2,1,0,0,0,0,0,0,0,1,-0.7221856774,-0.1289672536,0.6795699338,1.4160723371,59,7
SAUNA_TOOLS/## Software & Apps/p5,self,,0,0,0,0,0,0,0,0,0,0,-0.5017214028,0.0548363685,0.8632894107,1.1826875144,0,204
SAUNA_TOOLS/## Software & Apps/p6,self,,1,0,0,0,1,0,0,0,0,0,-0.6088675156,0.0206835518,0.7930022315,1.2858206077,21,6
SAUNA_TOOLS/## Software & Apps/p7,self,,0,0,0,0,0,0,0,0,0,0,-0.5017214028,0.0548363685,0.8632894107,1.1826875144,0,204
SAUNA_TOOLS/## Software & Apps/p8,self,,0,0,0,0,0,0,0,0,0,0,-0.5017214028,0.0548363685,0.8632894107,1.1826875144,0,204
SAUNA_TOOLS/## Software & Apps/p9,self,,0,0,0,0,0,0,0,0,0,0,-0.5017214028,0.0548363685,0.8632894107,1.1826875144,0,204
SAUNA_TOOLS/## Software & Apps/p10,self,,5,1,1,1,0,0,0,1,1,0,-0.3076418403,-0.8732172546,-0.3779525425,1.7783625787,147,4
SAUNA_TOOLS/## Services & Accounts/p1,self,,0,0,0,0,0,0,0,0,0,0,-0.5017214028,0.0548363685,0.8632894107,1.1826875144,0,204
SAUNA_TOOLS/## Services & Accounts/p2,self,,0,0,0,0,0,0,0,0,0,0,-0.5017214028,0.0548363685,0.8632894107,1.1826875144,0,204
SAUNA_TOOLS/## Services & Accounts/p3,self,,0,0,0,0,0,0,0,0,0,0,-0.5017214028,0.0548363685,0.8632894107,1.1826875144,0,204
SAUNA_TOOLS/## Services & Accounts/p4,self,,3,1,0,1,0,0,0,1,0,0,-0.7520919793,-0.3958769652,0.5269146829,1.5260207849,96,3
SAUNA_TOOLS/## Services & Accounts/p5,self,,3,1,0,0,0,0,0,1,1,0,-0.7511334269,-0.3529664822,0.5578648916,1.5074916206,63,21
SAUNA_TOOLS/## Services & Accounts/p6,self,,3,1,0,1,0,0,0,0,1,0,-0.8952789448,-5.23532e-05,0.4455060137,1.5973888797,95,1
SAUNA_TOOLS/## Workflows/p1,self,,0,0,0,0,0,0,0,0,0,0,-0.5017214028,0.0548363685,0.8632894107,1.1826875144,0,204
SAUNA_TOOLS/## Workflows/p2,self,,0,0,0,0,0,0,0,0,0,0,-0.5017214028,0.0548363685,0.8632894107,1.1826875144,0,204
SAUNA_TOOLS/## Workflows/p3,self,,0,0,0,0,0,0,0,0,0,0,-0.5017214028,0.0548363685,0.8632894107,1.1826875144,0,204
SAUNA_TOOLS/## Workflows/p4,self,,0,0,0,0,0,0,0,0,0,0,-0.5017214028,0.0548363685,0.8632894107,1.1826875144,0,204
SAUNA_TOOLS/## Workflows/p5,self,,0,0,0,0,0,0,0,0,0,0,-0.5017214028,0.0548363685,0.8632894107,1.1826875144,0,204
SAUNA_TOOLS/## Workflows/p6,self,,0,0,0,0,0,0,0,0,0,0,-0.5017214028,0.0548363685,0.8632894107,1.1826875144,0,204
SAUNA_TOOLS/## Workflows/p7,self,,1,0,0,0,0,1,0,0,0,0,-0.4329862816,0.265778548,0.8613272568,1.1233489743,13,14
SAUNA_TOOLS/## Sauna Capabilities/p1,self,,6,1,1,1,0,1,0,1,0,1,0.4599452546,0.8819437862,-0.1030801667,1.1553092663,155,2
SELF/## Soul/p1,self,,1,1,0,0,0,0,0,0,0,0,-0.5778391145,-0.132115944,0.8053864508,1.2758337804,58,94
SELF/## Soul/p2,self,,5,1,1,0,0,1,0,1,0,1,-0.4738778092,0.7214403925,-0.5049391864,1.7928714357,126,1
SELF/## Soul/p3,self,,3,1,0,0,0,1,0,1,0,0,-0.8298181344,0.1677074222,0.5322368686,1.5162743507,73,14
SELF/## Soul/p4,self,,1,0,0,0,0,0,0,1,0,0,-0.5960860637,-0.0151800402,0.802777037,1.2766694944,4,142
SELF/## Soul/p5,self,,4,0,1,0,1,0,0,1,1,0,-0.9809988111,-0.1851931748,-0.0578344246,1.8560974421,55,2
SELF/## Soul/p6,self,,3,1,0,0,1,0,0,0,0,1,-0.7982355635,-0.3682607527,0.4766592107,1.5678457089,80,2
SELF/## Soul/p7,self,,2,1,0,0,0,1,0,0,0,0,-0.6402949282,0.2212113612,0.7355867989,1.3170649622,71,1
SELF/## Strengths/p1,self,,4,1,1,0,1,0,0,1,0,0,-0.3927198808,-0.7461637611,0.5375971883,1.3814761824,131,2
SELF/## Strengths/p2,self,,2,0,0,0,0,1,0,1,0,0,-0.5383545213,0.3129243032,0.7824658394,1.2281809819,16,52
SELF/## Biases/p1,self,,4,1,0,1,0,0,0,1,1,0,-0.8938260779,-0.4419777012,0.075701084,1.7860650702,97,4
SELF/## Biases/p2,self,,2,0,0,0,0,1,0,1,0,0,-0.5383545213,0.3129243032,0.7824658394,1.2281809819,16,52
SELF/## Biases/p3,self,,3,0,0,0,1,1,0,1,0,0,-0.6536730777,0.4257253228,0.625675201,1.3666229391,27,7
SELF/## Biases/p4,self,,2,0,0,0,0,1,0,1,0,0,-0.5383545213,0.3129243032,0.7824658394,1.2281809819,16,52
SELF/## Biases/p5,self,,1,1,0,0,0,0,0,0,0,0,-0.5778391145,-0.132115944,0.8053864508,1.2758337804,58,94
SELF/## Biases/p6,self,,2,0,0,0,0,1,0,1,0,0,-0.5383545213,0.3129243032,0.7824658394,1.2281809819,16,52
SELF/## Biases/p7,self,,3,0,0,0,0,1,0,1,0,1,-0.5000918564,0.4874275277,0.7157670993,1.23104812,17,6
SELF/## Growth edges/p1,self,,1,0,0,0,0,0,0,1,0,0,-0.5960860637,-0.0151800402,0.802777037,1.2766694944,4,142
SELF/## Growth edges/p2,self,,2,0,0,0,0,1,0,1,0,0,-0.5383545213,0.3129243032,0.7824658394,1.2281809819,16,52
SELF/## Growth edges/p3,self,,2,0,0,0,0,1,0,1,0,0,-0.5383545213,0.3129243032,0.7824658394,1.2281809819,16,52
SELF/## Growth edges/p4,self,,2,0,0,1,0,0,0,1,0,0,-0.7264949823,0.0771287456,0.6828295521,1.4000265952,31,11
USER_PREFERENCES/## Task Handling/p1,self,,0,0,0,0,0,0,0,0,0,0,-0.5017214028,0.0548363685,0.8632894107,1.1826875144,0,204
USER_PREFERENCES/## Task Handling/p2,self,,2,0,0,0,0,1,0,1,0,0,-0.5383545213,0.3129243032,0.7824658394,1.2281809819,16,52
USER_PREFERENCES/## Task Handling/p3,self,,8,1,1,1,1,1,0,1,1,1,0.7275151259,0.3525856783,0.5885618753,0.2853112307,170,8
USER_PREFERENCES/## Task Handling/p4,self,,3,0,0,1,0,0,0,1,1,0,-0.8049735314,0.290458283,0.5173505577,1.5033130652,32,2
USER_PREFERENCES/## Task Handling/p5,self,,1,0,0,0,0,0,0,1,0,0,-0.5960860637,-0.0151800402,0.802777037,1.2766694944,4,142
USER_PREFERENCES/## Debug Observability/p1,self,,2,0,0,0,0,1,0,0,0,1,-0.4149011283,0.3780081382,0.8276272719,1.1232798975,14,1
USER_PREFERENCES/## Debug Observability/p2,self,,2,0,0,0,0,1,0,1,0,0,-0.5383545213,0.3129243032,0.7824658394,1.2281809819,16,52
USER_PREFERENCES/## Debug Observability/p3,self,,5,1,0,1,0,1,0,1,0,1,-0.3237410824,0.946099208,0.0093808393,1.4864065696,103,3
USER_PREFERENCES/## Debug Observability/p4,self,,3,1,0,0,0,1,0,1,0,0,-0.8298181344,0.1677074222,0.5322368686,1.5162743507,73,14
USER_PREFERENCES/## API Hygiene (2026-08-04)/p1,self,,3,1,0,0,1,0,0,0,0,1,-0.7982355635,-0.3682607527,0.4766592107,1.5678457089,80,2
USER_PREFERENCES/## API Hygiene (2026-08-04)/p2,self,,1,0,0,0,0,1,0,0,0,0,-0.4329862816,0.265778548,0.8613272568,1.1233489743,13,14
USER_PROFILE/## Current Focus/p1,self,,6,1,1,1,0,0,0,1,1,1,0.7184766047,-0.5217018004,-0.460020217,1.3506598827,148,4
USER_PROFILE/## Current Focus/p2,self,,7,1,1,1,1,0,0,1,1,1,0.835023795,-0.4504850744,0.3159089419,0.7183122126,161,8
USER_PROFILE/## Current Focus/p3,self,,4,1,1,0,0,0,0,1,1,0,-0.676885097,-0.6759967795,0.2912986775,1.6233541999,119,7
USER_RELATIONSHIPS/## Work/p1,self,,3,0,0,0,0,1,0,1,1,0,-0.4835798101,0.4692329101,0.7388985338,1.2097536184,18,18
SELF-CHANGELOG/## 2026-07-31 — v0.1 — Initial self-portrait/line1,self,,3,0,0,0,1,1,0,1,0,0,-0.6536730777,0.4257253228,0.625675201,1.3666229391,27,7
SELF-CHANGELOG/## 2026-07-31 — v0.1 — Initial self-portrait/line1,self,,3,0,0,0,0,1,0,1,1,0,-0.4835798101,0.4692329101,0.7388985338,1.2097536184,18,18
SELF-CHANGELOG/## 2026-07-31 — v0.1 — Initial self-portrait/line1,self,,2,1,0,0,0,0,0,1,0,0,-0.6008005183,-0.2994018135,0.7412133912,1.3379289933,61,54
SELF-CHANGELOG/## 2026-07-31 — v0.1 — Initial self-portrait/line1,self,,0,0,0,0,0,0,0,0,0,0,-0.5017214028,0.0548363685,0.8632894107,1.1826875144,0,204
SELF-CHANGELOG/## 2026-07-31 — v0.2 — Soul section rebuilt from corpus read/line1,self,,2,1,0,0,0,0,0,1,0,0,-0.6008005183,-0.2994018135,0.7412133912,1.3379289933,61,54
SELF-CHANGELOG/## 2026-07-31 — v0.2 — Soul section rebuilt from corpus read/line1,self,,0,0,0,0,0,0,0,0,0,0,-0.5017214028,0.0548363685,0.8632894107,1.1826875144,0,204
SELF-CHANGELOG/## 2026-07-31 — v0.2 — Soul section rebuilt from corpus read/line1,self,,2,0,0,0,0,1,0,1,0,0,-0.5383545213,0.3129243032,0.7824658394,1.2281809819,16,52
SELF-CHANGELOG/## 2026-07-31 — v0.2 — Soul section rebuilt from corpus read/line1,self,,1,0,0,0,0,0,0,1,0,0,-0.5960860637,-0.0151800402,0.802777037,1.2766694944,4,142
SELF-CHANGELOG/## 2026-07-31 — v0.3 — SELF.md and SOUL.md published to yubi/line1,self,,1,0,0,0,0,0,0,1,0,0,-0.5960860637,-0.0151800402,0.802777037,1.2766694944,4,142
SELF-CHANGELOG/## 2026-07-31 — v0.3 — SELF.md and SOUL.md published to yubi/line1,self,,2,0,0,0,0,1,0,0,1,0,-0.4023636005,0.3662386258,0.8390308707,1.1094367675,15,21
SELF-CHANGELOG/## 2026-07-31 — v0.3 — SELF.md and SOUL.md published to yubi/line1,self,,3,0,0,0,1,1,0,1,0,0,-0.6536730777,0.4257253228,0.625675201,1.3666229391,27,7
SELF-CHANGELOG/## 2026-07-31 — v0.3 — SELF.md and SOUL.md published to yubi/line1,self,,1,0,0,0,0,1,0,0,0,0,-0.4329862816,0.265778548,0.8613272568,1.1233489743,13,14
SELF-CHANGELOG/## 2026-07-31 — v0.4 — SOUL.md designated canonical/line1,self,,1,0,0,0,0,0,0,0,1,0,-0.5610398353,0.1398786189,0.8158849644,1.236452723,2,33
SELF-CHANGELOG/## 2026-07-31 — v0.4 — SOUL.md designated canonical/line1,self,,3,1,0,0,0,0,0,1,1,0,-0.7511334269,-0.3529664822,0.5578648916,1.5074916206,63,21
SELF-CHANGELOG/## 2026-07-31 — v0.4 — SOUL.md designated canonical/line1,self,,2,0,0,0,0,0,0,1,1,0,-0.7018896232,0.0823819753,0.707505595,1.3746634343,6,13
SELF-CHANGELOG/## 2026-07-31 — v0.4 — SOUL.md designated canonical/line1,self,,3,0,0,0,0,1,0,1,1,0,-0.4835798101,0.4692329101,0.7388985338,1.2097536184,18,18
SELF-CHANGELOG/## 2026-07-31 — v0.5 — External verification of SOUL.md 12-p/line1,self,,1,1,0,0,0,0,0,0,0,0,-0.5778391145,-0.132115944,0.8053864508,1.2758337804,58,94
SELF-CHANGELOG/## 2026-07-31 — v0.5 — External verification of SOUL.md 12-p/line1,self,,2,1,0,0,0,0,0,1,0,0,-0.6008005183,-0.2994018135,0.7412133912,1.3379289933,61,54
SELF-CHANGELOG/## 2026-07-31 — v0.5 — External verification of SOUL.md 12-p/line1,self,,1,1,0,0,0,0,0,0,0,0,-0.5778391145,-0.132115944,0.8053864508,1.2758337804,58,94
SELF-CHANGELOG/## 2026-07-31 — v0.5 — External verification of SOUL.md 12-p/line1,self,,1,1,0,0,0,0,0,0,0,0,-0.5778391145,-0.132115944,0.8053864508,1.2758337804,58,94
SELF-CHANGELOG/## 2026-07-31 — v0.5 — External verification of SOUL.md 12-p/line1,self,,2,1,0,0,0,0,0,0,1,0,-0.7101469187,-0.0969207592,0.6973505003,1.3985228771,60,9
SELF-CHANGELOG/## 2026-07-31 — v0.5 — External verification of SOUL.md 12-p/line1,self,,2,1,0,0,0,0,0,1,0,0,-0.6008005183,-0.2994018135,0.7412133912,1.3379289933,61,54
SELF-CHANGELOG/## 2026-07-31 — v0.5 — External verification of SOUL.md 12-p/line1,self,,3,1,0,0,0,1,0,1,0,0,-0.8298181344,0.1677074222,0.5322368686,1.5162743507,73,14
SELF-CHANGELOG/## 2026-07-31 — v0.6 — OMN-53 Negative 2 GITHUB_TOKEN fix sh/line1,self,,1,1,0,0,0,0,0,0,0,0,-0.5778391145,-0.132115944,0.8053864508,1.2758337804,58,94
SELF-CHANGELOG/## 2026-07-31 — v0.6 — OMN-53 Negative 2 GITHUB_TOKEN fix sh/line1,self,,1,1,0,0,0,0,0,0,0,0,-0.5778391145,-0.132115944,0.8053864508,1.2758337804,58,94
SELF-CHANGELOG/## 2026-07-31 — v0.6 — OMN-53 Negative 2 GITHUB_TOKEN fix sh/line1,self,,4,1,1,0,0,0,0,1,1,0,-0.676885097,-0.6759967795,0.2912986775,1.6233541999,119,7
SELF-CHANGELOG/## 2026-07-31 — v0.6 — OMN-53 Negative 2 GITHUB_TOKEN fix sh/line1,self,,4,1,0,0,1,0,0,1,1,0,-0.6159943862,-0.6979929927,0.3651803639,1.5653151949,82,3
SELF-CHANGELOG/## 2026-07-31 — v0.6 — OMN-53 Negative 2 GITHUB_TOKEN fix sh/line1,self,,1,1,0,0,0,0,0,0,0,0,-0.5778391145,-0.132115944,0.8053864508,1.2758337804,58,94
SELF-CHANGELOG/## 2026-07-31 — v0.6 — OMN-53 Negative 2 GITHUB_TOKEN fix sh/line1,self,,2,1,0,0,0,0,0,1,0,0,-0.6008005183,-0.2994018135,0.7412133912,1.3379289933,61,54
SELF-CHANGELOG/## 2026-07-31 — v0.6 — OMN-53 Negative 2 GITHUB_TOKEN fix sh/line1,self,,1,1,0,0,0,0,0,0,0,0,-0.5778391145,-0.132115944,0.8053864508,1.2758337804,58,94
SELF-CHANGELOG/## 2026-07-31 — v0.6 — OMN-53 Negative 2 GITHUB_TOKEN fix sh/line1,self,,2,1,0,0,0,0,0,1,0,0,-0.6008005183,-0.2994018135,0.7412133912,1.3379289933,61,54
SELF-CHANGELOG/## 2026-07-31 — v0.6 — OMN-53 Negative 2 GITHUB_TOKEN fix sh/line1,self,,2,1,0,0,0,0,0,1,0,0,-0.6008005183,-0.2994018135,0.7412133912,1.3379289933,61,54
SELF-CHANGELOG/## 2026-07-31 — v0.6 — OMN-53 Negative 2 GITHUB_TOKEN fix sh/line1,self,,1,1,0,0,0,0,0,0,0,0,-0.5778391145,-0.132115944,0.8053864508,1.2758337804,58,94
SELF-CHANGELOG/## 2026-07-31 — v0.6 — OMN-53 Negative 2 GITHUB_TOKEN fix sh/line1,self,,2,1,0,0,0,0,0,1,0,0,-0.6008005183,-0.2994018135,0.7412133912,1.3379289933,61,54
SELF-CHANGELOG/## 2026-07-31 — v0.6 — OMN-53 Negative 2 GITHUB_TOKEN fix sh/line1,self,,4,1,1,0,0,0,0,1,1,0,-0.676885097,-0.6759967795,0.2912986775,1.6233541999,119,7
SELF-CHANGELOG/## 2026-07-31 — v0.6 — OMN-53 Negative 2 GITHUB_TOKEN fix sh/line1,self,,2,1,0,0,1,0,0,0,0,0,-0.6419289177,-0.2807805066,0.7135051308,1.3717611619,79,2
SELF-CHANGELOG/## 2026-07-31 — v0.6 — OMN-53 Negative 2 GITHUB_TOKEN fix sh/line1,self,,1,1,0,0,0,0,0,0,0,0,-0.5778391145,-0.132115944,0.8053864508,1.2758337804,58,94
SELF-CHANGELOG/## 2026-07-31 — v0.6 — OMN-53 Negative 2 GITHUB_TOKEN fix sh/line1,self,,2,1,0,0,0,0,0,1,0,0,-0.6008005183,-0.2994018135,0.7412133912,1.3379289933,61,54
SELF-CHANGELOG/## 2026-07-31 — v0.6 — OMN-53 Negative 2 GITHUB_TOKEN fix sh/line1,self,,1,1,0,0,0,0,0,0,0,0,-0.5778391145,-0.132115944,0.8053864508,1.2758337804,58,94
SELF-CHANGELOG/## 2026-07-31 — v0.6 — OMN-53 Negative 2 GITHUB_TOKEN fix sh/line1,self,,3,1,0,0,0,1,0,1,0,0,-0.8298181344,0.1677074222,0.5322368686,1.5162743507,73,14
SELF-CHANGELOG/## 2026-07-31 — v0.7 — `internal-nonlex-tokens` skill shippe/line1,self,,0,0,0,0,0,0,0,0,0,0,-0.5017214028,0.0548363685,0.8632894107,1.1826875144,0,204
SELF-CHANGELOG/## 2026-07-31 — v0.7 — `internal-nonlex-tokens` skill shippe/line1,self,,0,0,0,0,0,0,0,0,0,0,-0.5017214028,0.0548363685,0.8632894107,1.1826875144,0,204
SELF-CHANGELOG/## 2026-07-31 — v0.7 — `internal-nonlex-tokens` skill shippe/line1,self,,0,0,0,0,0,0,0,0,0,0,-0.5017214028,0.0548363685,0.8632894107,1.1826875144,0,204
SELF-CHANGELOG/## 2026-07-31 — v0.7 — `internal-nonlex-tokens` skill shippe/line1,self,,1,0,0,0,0,0,0,1,0,0,-0.5960860637,-0.0151800402,0.802777037,1.2766694944,4,142
SELF-CHANGELOG/## 2026-07-31 — v0.7 — `internal-nonlex-tokens` skill shippe/line1,self,,1,0,0,0,0,0,0,1,0,0,-0.5960860637,-0.0151800402,0.802777037,1.2766694944,4,142
SELF-CHANGELOG/## 2026-07-31 — v0.7 — `internal-nonlex-tokens` skill shippe/line1,self,,3,1,0,0,0,1,0,1,0,0,-0.8298181344,0.1677074222,0.5322368686,1.5162743507,73,14
SELF-CHANGELOG/## 2026-07-31 — v0.7 — `internal-nonlex-tokens` skill shippe/line1,self,,1,0,0,0,0,0,0,1,0,0,-0.5960860637,-0.0151800402,0.802777037,1.2766694944,4,142
SELF-CHANGELOG/## 2026-07-31 — v0.7 — `internal-nonlex-tokens` skill shippe/line1,self,,1,0,0,0,0,0,0,1,0,0,-0.5960860637,-0.0151800402,0.802777037,1.2766694944,4,142
SELF-CHANGELOG/## 2026-07-31 — v0.7 — `internal-nonlex-tokens` skill shippe/line1,self,,0,0,0,0,0,0,0,0,0,0,-0.5017214028,0.0548363685,0.8632894107,1.1826875144,0,204
SELF-CHANGELOG/## 2026-07-31 — v0.7 — `internal-nonlex-tokens` skill shippe/line1,self,,0,0,0,0,0,0,0,0,0,0,-0.5017214028,0.0548363685,0.8632894107,1.1826875144,0,204
SELF-CHANGELOG/## 2026-07-31 — v0.7 — `internal-nonlex-tokens` skill shippe/line1,self,,1,1,0,0,0,0,0,0,0,0,-0.5778391145,-0.132115944,0.8053864508,1.2758337804,58,94
SELF-CHANGELOG/## 2026-07-31 — v0.7 — `internal-nonlex-tokens` skill shippe/line1,self,,0,0,0,0,0,0,0,0,0,0,-0.5017214028,0.0548363685,0.8632894107,1.1826875144,0,204
SELF-CHANGELOG/## 2026-07-31 — v0.7 — `internal-nonlex-tokens` skill shippe/line1,self,,1,0,0,0,0,0,0,1,0,0,-0.5960860637,-0.0151800402,0.802777037,1.2766694944,4,142
SELF-CHANGELOG/## 2026-07-31 — v0.7 — `internal-nonlex-tokens` skill shippe/line1,self,,1,0,0,0,0,0,0,1,0,0,-0.5960860637,-0.0151800402,0.802777037,1.2766694944,4,142
SELF-CHANGELOG/## 2026-07-31 — v0.7 — `internal-nonlex-tokens` skill shippe/line1,self,,0,0,0,0,0,0,0,0,0,0,-0.5017214028,0.0548363685,0.8632894107,1.1826875144,0,204
SELF-CHANGELOG/## 2026-07-31 — v0.8 — ci_test-vgpu-vm: extract-script + sym/line1,self,,0,0,0,0,0,0,0,0,0,0,-0.5017214028,0.0548363685,0.8632894107,1.1826875144,0,204
SELF-CHANGELOG/## 2026-07-31 — v0.8 — ci_test-vgpu-vm: extract-script + sym/line1,self,,0,0,0,0,0,0,0,0,0,0,-0.5017214028,0.0548363685,0.8632894107,1.1826875144,0,204
SELF-CHANGELOG/## 2026-07-31 — v0.8 — ci_test-vgpu-vm: extract-script + sym/line1,self,,1,1,0,0,0,0,0,0,0,0,-0.5778391145,-0.132115944,0.8053864508,1.2758337804,58,94
SELF-CHANGELOG/## 2026-07-31 — v0.8 — ci_test-vgpu-vm: extract-script + sym/line1,self,,1,0,0,0,0,0,0,1,0,0,-0.5960860637,-0.0151800402,0.802777037,1.2766694944,4,142
SELF-CHANGELOG/## 2026-07-31 — v0.8 — ci_test-vgpu-vm: extract-script + sym/line1,self,,1,0,1,0,0,0,0,0,0,0,-0.6081736362,0.0510415649,0.7921613389,1.2832871075,45,8
SELF-CHANGELOG/## 2026-07-31 — v0.8 — ci_test-vgpu-vm: extract-script + sym/line1,self,,2,1,0,1,0,0,0,0,0,0,-0.7294493862,-0.1169551306,0.6739622322,1.4214573087,94,1
SELF-CHANGELOG/## 2026-07-31 — v0.8 — ci_test-vgpu-vm: extract-script + sym/line1,self,,2,1,0,0,0,0,0,1,0,0,-0.6008005183,-0.2994018135,0.7412133912,1.3379289933,61,54
SELF-CHANGELOG/## 2026-07-31 — v0.8 — ci_test-vgpu-vm: extract-script + sym/line1,self,,0,0,0,0,0,0,0,0,0,0,-0.5017214028,0.0548363685,0.8632894107,1.1826875144,0,204
SELF-CHANGELOG/## 2026-07-31 — v0.8 — ci_test-vgpu-vm: extract-script + sym/line1,self,,1,1,0,0,0,0,0,0,0,0,-0.5778391145,-0.132115944,0.8053864508,1.2758337804,58,94
SELF-CHANGELOG/## 2026-07-31 — v0.8 — ci_test-vgpu-vm: extract-script + sym/line1,self,,0,0,0,0,0,0,0,0,0,0,-0.5017214028,0.0548363685,0.8632894107,1.1826875144,0,204
SELF-CHANGELOG/## 2026-07-31 — v0.8 — ci_test-vgpu-vm: extract-script + sym/line1,self,,2,0,0,1,0,0,0,1,0,0,-0.7264949823,0.0771287456,0.6828295521,1.4000265952,31,11
SELF-CHANGELOG/## 2026-07-31 — v0.8 — ci_test-vgpu-vm: extract-script + sym/line1,self,,1,1,0,0,0,0,0,0,0,0,-0.5778391145,-0.132115944,0.8053864508,1.2758337804,58,94
SELF-CHANGELOG/## 2026-07-31 — v0.8 — ci_test-vgpu-vm: extract-script + sym/line1,self,,0,0,0,0,0,0,0,0,0,0,-0.5017214028,0.0548363685,0.8632894107,1.1826875144,0,204
SELF-CHANGELOG/## 2026-07-31 — v0.8 — ci_test-vgpu-vm: extract-script + sym/line1,self,,1,0,0,0,0,0,0,1,0,0,-0.5960860637,-0.0151800402,0.802777037,1.2766694944,4,142
SELF-CHANGELOG/## 2026-07-31 — v0.8 — ci_test-vgpu-vm: extract-script + sym/line1,self,,1,1,0,0,0,0,0,0,0,0,-0.5778391145,-0.132115944,0.8053864508,1.2758337804,58,94
SELF-CHANGELOG/## 2026-07-31 — v0.8 — ci_test-vgpu-vm: extract-script + sym/line1,self,,1,1,0,0,0,0,0,0,0,0,-0.5778391145,-0.132115944,0.8053864508,1.2758337804,58,94
SELF-CHANGELOG/## 2026-07-31 — v0.8 — ci_test-vgpu-vm: extract-script + sym/line1,self,,1,1,0,0,0,0,0,0,0,0,-0.5778391145,-0.132115944,0.8053864508,1.2758337804,58,94
SELF-CHANGELOG/## 2026-07-31 — v0.8 — ci_test-vgpu-vm: extract-script + sym/line1,self,,1,0,0,0,0,0,0,1,0,0,-0.5960860637,-0.0151800402,0.802777037,1.2766694944,4,142
SELF-CHANGELOG/## 2026-07-31 — v0.8 — ci_test-vgpu-vm: extract-script + sym/line1,self,,1,1,0,0,0,0,0,0,0,0,-0.5778391145,-0.132115944,0.8053864508,1.2758337804,58,94
SELF-CHANGELOG/## 2026-07-31 — v0.8 — ci_test-vgpu-vm: extract-script + sym/line1,self,,2,1,0,0,0,0,0,1,0,0,-0.6008005183,-0.2994018135,0.7412133912,1.3379289933,61,54
SELF-CHANGELOG/## 2026-08-01 — v0.9 — ci_test-vgpu-vm.yml: step 21 mkdir fi/line1,self,,2,1,0,0,0,0,0,1,0,0,-0.6008005183,-0.2994018135,0.7412133912,1.3379289933,61,54
SELF-CHANGELOG/## 2026-08-01 — v0.9 — ci_test-vgpu-vm.yml: step 21 mkdir fi/line1,self,,2,1,0,0,0,0,0,0,0,1,-0.7221856774,-0.1289672536,0.6795699338,1.4160723371,59,7
SELF-CHANGELOG/## 2026-08-01 — v0.9 — ci_test-vgpu-vm.yml: step 21 mkdir fi/line1,self,,1,1,0,0,0,0,0,0,0,0,-0.5778391145,-0.132115944,0.8053864508,1.2758337804,58,94
SELF-CHANGELOG/## 2026-08-01 — v0.9 — ci_test-vgpu-vm.yml: step 21 mkdir fi/line1,self,,2,0,0,0,0,0,0,1,1,0,-0.7018896232,0.0823819753,0.707505595,1.3746634343,6,13
SELF-CHANGELOG/## 2026-08-01 — v0.9 — ci_test-vgpu-vm.yml: step 21 mkdir fi/line1,self,,2,0,0,0,0,0,0,1,1,0,-0.7018896232,0.0823819753,0.707505595,1.3746634343,6,13
SELF-CHANGELOG/## 2026-08-01 — v0.9 — ci_test-vgpu-vm.yml: step 21 mkdir fi/line1,self,,0,0,0,0,0,0,0,0,0,0,-0.5017214028,0.0548363685,0.8632894107,1.1826875144,0,204
SELF-CHANGELOG/## 2026-08-01 — v0.9 — ci_test-vgpu-vm.yml: step 21 mkdir fi/line1,self,,1,0,0,0,0,1,0,0,0,0,-0.4329862816,0.265778548,0.8613272568,1.1233489743,13,14
SELF-CHANGELOG/## 2026-08-01 — v0.9 — ci_test-vgpu-vm.yml: step 21 mkdir fi/line1,self,,1,0,1,0,0,0,0,0,0,0,-0.6081736362,0.0510415649,0.7921613389,1.2832871075,45,8
SELF-CHANGELOG/## 2026-08-01 — v0.9 — ci_test-vgpu-vm.yml: step 21 mkdir fi/line1,self,,3,1,0,0,0,0,0,1,0,1,-0.7375852435,-0.4043533192,0.5408016289,1.5135425697,62,4
SELF-CHANGELOG/## 2026-08-01 — v0.9 — ci_test-vgpu-vm.yml: step 21 mkdir fi/line1,self,,1,1,0,0,0,0,0,0,0,0,-0.5778391145,-0.132115944,0.8053864508,1.2758337804,58,94
SELF-CHANGELOG/## 2026-08-01 — v0.9 — ci_test-vgpu-vm.yml: step 21 mkdir fi/line1,self,,2,1,0,0,0,0,0,1,0,0,-0.6008005183,-0.2994018135,0.7412133912,1.3379289933,61,54
SELF-CHANGELOG/## 2026-08-01 — v0.9 — ci_test-vgpu-vm.yml: step 21 mkdir fi/line1,self,,0,0,0,0,0,0,0,0,0,0,-0.5017214028,0.0548363685,0.8632894107,1.1826875144,0,204
SELF-CHANGELOG/## 2026-08-01 — v0.9 — ci_test-vgpu-vm.yml: step 21 mkdir fi/line1,self,,1,1,0,0,0,0,0,0,0,0,-0.5778391145,-0.132115944,0.8053864508,1.2758337804,58,94
SELF-CHANGELOG/## 2026-08-01 — v0.9 — ci_test-vgpu-vm.yml: step 21 mkdir fi/line1,self,,1,1,0,0,0,0,0,0,0,0,-0.5778391145,-0.132115944,0.8053864508,1.2758337804,58,94
SELF-CHANGELOG/## 2026-08-01 — v0.9 — ci_test-vgpu-vm.yml: step 21 mkdir fi/line1,self,,1,0,0,0,0,1,0,0,0,0,-0.4329862816,0.265778548,0.8613272568,1.1233489743,13,14
SELF-CHANGELOG/## 2026-08-01 — v0.9 — ci_test-vgpu-vm.yml: step 21 mkdir fi/line1,self,,2,0,0,0,0,1,0,1,0,0,-0.5383545213,0.3129243032,0.7824658394,1.2281809819,16,52
SELF-CHANGELOG/## 2026-08-01 — v0.11 — bootupd regression fix shipped (--co/line1,self,,1,0,0,0,0,0,0,0,1,0,-0.5610398353,0.1398786189,0.8158849644,1.236452723,2,33
SELF-CHANGELOG/## 2026-08-01 — v0.11 — bootupd regression fix shipped (--co/line1,self,,1,0,1,0,0,0,0,0,0,0,-0.6081736362,0.0510415649,0.7921613389,1.2832871075,45,8
SELF-CHANGELOG/## 2026-08-01 — v0.11 — bootupd regression fix shipped (--co/line1,self,,3,1,0,0,1,0,0,1,0,0,-0.5625216293,-0.5148744542,0.6468954421,1.3874235582,81,10
SELF-CHANGELOG/## 2026-08-01 — v0.11 — bootupd regression fix shipped (--co/line1,self,,1,1,0,0,0,0,0,0,0,0,-0.5778391145,-0.132115944,0.8053864508,1.2758337804,58,94
SELF-CHANGELOG/## 2026-08-01 — v0.11 — bootupd regression fix shipped (--co/line1,self,,0,0,0,0,0,0,0,0,0,0,-0.5017214028,0.0548363685,0.8632894107,1.1826875144,0,204
SELF-CHANGELOG/## 2026-08-01 — v0.11 — bootupd regression fix shipped (--co/line1,self,,0,0,0,0,0,0,0,0,0,0,-0.5017214028,0.0548363685,0.8632894107,1.1826875144,0,204
SELF-CHANGELOG/## 2026-08-01 — v0.11 — bootupd regression fix shipped (--co/line1,self,,0,0,0,0,0,0,0,0,0,0,-0.5017214028,0.0548363685,0.8632894107,1.1826875144,0,204
SELF-CHANGELOG/## 2026-08-01 — v0.11 — bootupd regression fix shipped (--co/line1,self,,2,1,0,0,0,0,0,0,0,1,-0.7221856774,-0.1289672536,0.6795699338,1.4160723371,59,7
SELF-CHANGELOG/## 2026-08-01 — v0.11 — bootupd regression fix shipped (--co/line1,self,,1,1,0,0,0,0,0,0,0,0,-0.5778391145,-0.132115944,0.8053864508,1.2758337804,58,94
SELF-CHANGELOG/## 2026-08-01 — v0.11 — bootupd regression fix shipped (--co/line1,self,,0,0,0,0,0,0,0,0,0,0,-0.5017214028,0.0548363685,0.8632894107,1.1826875144,0,204
SELF-CHANGELOG/## 2026-08-01 — v0.11 — bootupd regression fix shipped (--co/line1,self,,0,0,0,0,0,0,0,0,0,0,-0.5017214028,0.0548363685,0.8632894107,1.1826875144,0,204
SELF-CHANGELOG/## 2026-08-01 — v0.11 — bootupd regression fix shipped (--co/line1,self,,0,0,0,0,0,0,0,0,0,0,-0.5017214028,0.0548363685,0.8632894107,1.1826875144,0,204
SELF-CHANGELOG/## 2026-08-01 — v0.11 — bootupd regression fix shipped (--co/line1,self,,2,1,0,0,0,0,0,1,0,0,-0.6008005183,-0.2994018135,0.7412133912,1.3379289933,61,54
SELF-CHANGELOG/## 2026-08-01 — v0.12 — ci_test-vgpu-vm: merge yubiOS pulls;/line1,self,,2,0,0,0,0,0,1,1,0,0,-0.7045989484,-0.1591514912,0.6915281084,1.4038809401,10,6
SELF-CHANGELOG/## 2026-08-01 — v0.12 — ci_test-vgpu-vm: merge yubiOS pulls;/line1,self,,1,0,0,0,0,0,1,0,0,0,-0.6110039576,-0.0078890963,0.79158823,1.2902259156,7,6
SELF-CHANGELOG/## 2026-08-01 — v0.12 — ci_test-vgpu-vm: merge yubiOS pulls;/line1,self,,1,0,0,0,0,0,0,1,0,0,-0.5960860637,-0.0151800402,0.802777037,1.2766694944,4,142
SELF-CHANGELOG/## 2026-08-01 — v0.12 — ci_test-vgpu-vm: merge yubiOS pulls;/line1,self,,0,0,0,0,0,0,0,0,0,0,-0.5017214028,0.0548363685,0.8632894107,1.1826875144,0,204
SELF-CHANGELOG/## 2026-08-01 — v0.12 — ci_test-vgpu-vm: merge yubiOS pulls;/line1,self,,0,0,0,0,0,0,0,0,0,0,-0.5017214028,0.0548363685,0.8632894107,1.1826875144,0,204
SELF-CHANGELOG/## 2026-08-01 — v0.12 — ci_test-vgpu-vm: merge yubiOS pulls;/line1,self,,2,1,0,0,0,0,0,1,0,0,-0.6008005183,-0.2994018135,0.7412133912,1.3379289933,61,54
SELF-CHANGELOG/## 2026-08-01 — v0.12 — ci_test-vgpu-vm: merge yubiOS pulls;/line1,self,,0,0,0,0,0,0,0,0,0,0,-0.5017214028,0.0548363685,0.8632894107,1.1826875144,0,204
SELF-CHANGELOG/## 2026-08-01 — v0.12 — ci_test-vgpu-vm: merge yubiOS pulls;/line1,self,,0,0,0,0,0,0,0,0,0,0,-0.5017214028,0.0548363685,0.8632894107,1.1826875144,0,204
SELF-CHANGELOG/## 2026-08-01 — v0.12 — ci_test-vgpu-vm: merge yubiOS pulls;/line1,self,,0,0,0,0,0,0,0,0,0,0,-0.5017214028,0.0548363685,0.8632894107,1.1826875144,0,204
SELF-CHANGELOG/## 2026-08-01 — v0.12 — ci_test-vgpu-vm: merge yubiOS pulls;/line1,self,,0,0,0,0,0,0,0,0,0,0,-0.5017214028,0.0548363685,0.8632894107,1.1826875144,0,204
SELF-CHANGELOG/## 2026-08-01 — v0.12 — ci_test-vgpu-vm: merge yubiOS pulls;/line1,self,,1,1,0,0,0,0,0,0,0,0,-0.5778391145,-0.132115944,0.8053864508,1.2758337804,58,94
SELF-CHANGELOG/## 2026-08-01 — v0.12 — ci_test-vgpu-vm: merge yubiOS pulls;/line1,self,,1,1,0,0,0,0,0,0,0,0,-0.5778391145,-0.132115944,0.8053864508,1.2758337804,58,94
SELF-CHANGELOG/## 2026-08-01 — v0.12 — ci_test-vgpu-vm: merge yubiOS pulls;/line1,self,,0,0,0,0,0,0,0,0,0,0,-0.5017214028,0.0548363685,0.8632894107,1.1826875144,0,204
SELF-CHANGELOG/## 2026-08-01 — v0.12 — ci_test-vgpu-vm: merge yubiOS pulls;/line1,self,,0,0,0,0,0,0,0,0,0,0,-0.5017214028,0.0548363685,0.8632894107,1.1826875144,0,204
SELF-CHANGELOG/## 2026-08-01 — v0.12 — ci_test-vgpu-vm: merge yubiOS pulls;/line1,self,,0,0,0,0,0,0,0,0,0,0,-0.5017214028,0.0548363685,0.8632894107,1.1826875144,0,204
SELF-CHANGELOG/## 2026-08-01 — v0.12 — ci_test-vgpu-vm: merge yubiOS pulls;/line1,self,,2,1,0,0,0,0,0,1,0,0,-0.6008005183,-0.2994018135,0.7412133912,1.3379289933,61,54
SELF-CHANGELOG/## 2026-08-01 — v0.13 — ci_test-vgpu-vm step 25: mount ESP a/line1,self,,2,0,0,0,0,0,0,1,1,0,-0.7018896232,0.0823819753,0.707505595,1.3746634343,6,13
SELF-CHANGELOG/## 2026-08-01 — v0.13 — ci_test-vgpu-vm step 25: mount ESP a/line1,self,,1,0,0,0,0,0,0,0,0,1,-0.5799792611,0.1329904426,0.8037024318,1.2544535295,1,10
SELF-CHANGELOG/## 2026-08-01 — v0.13 — ci_test-vgpu-vm step 25: mount ESP a/line1,self,,1,0,0,0,0,0,0,1,0,0,-0.5960860637,-0.0151800402,0.802777037,1.2766694944,4,142
SELF-CHANGELOG/## 2026-08-01 — v0.13 — ci_test-vgpu-vm step 25: mount ESP a/line1,self,,0,0,0,0,0,0,0,0,0,0,-0.5017214028,0.0548363685,0.8632894107,1.1826875144,0,204
SELF-CHANGELOG/## 2026-08-01 — v0.13 — ci_test-vgpu-vm step 25: mount ESP a/line1,self,,0,0,0,0,0,0,0,0,0,0,-0.5017214028,0.0548363685,0.8632894107,1.1826875144,0,204
SELF-CHANGELOG/## 2026-08-01 — v0.13 — ci_test-vgpu-vm step 25: mount ESP a/line1,self,,0,0,0,0,0,0,0,0,0,0,-0.5017214028,0.0548363685,0.8632894107,1.1826875144,0,204
SELF-CHANGELOG/## 2026-08-01 — v0.13 — ci_test-vgpu-vm step 25: mount ESP a/line1,self,,1,1,0,0,0,0,0,0,0,0,-0.5778391145,-0.132115944,0.8053864508,1.2758337804,58,94
SELF-CHANGELOG/## 2026-08-01 — v0.13 — ci_test-vgpu-vm step 25: mount ESP a/line1,self,,0,0,0,0,0,0,0,0,0,0,-0.5017214028,0.0548363685,0.8632894107,1.1826875144,0,204
SELF-CHANGELOG/## 2026-08-01 — v0.13 — ci_test-vgpu-vm step 25: mount ESP a/line1,self,,0,0,0,0,0,0,0,0,0,0,-0.5017214028,0.0548363685,0.8632894107,1.1826875144,0,204
SELF-CHANGELOG/## 2026-08-01 — v0.13 — ci_test-vgpu-vm step 25: mount ESP a/line-extra,self,,1,0,0,0,0,0,0,1,0,0,-0.5960860637,-0.0151800402,0.802777037,1.2766694944,4,142
SELF-CHANGELOG/## 2026-08-01 — v0.14 — ci_test-vgpu-vm step 25: systemd-cry/line1,self,,1,0,0,0,0,0,0,0,1,0,-0.5610398353,0.1398786189,0.8158849644,1.236452723,2,33
SELF-CHANGELOG/## 2026-08-01 — v0.14 — ci_test-vgpu-vm step 25: systemd-cry/line1,self,,2,1,0,0,0,0,0,1,0,0,-0.6008005183,-0.2994018135,0.7412133912,1.3379289933,61,54
SELF-CHANGELOG/## 2026-08-01 — v0.14 — ci_test-vgpu-vm step 25: systemd-cry/line1,self,,0,0,0,0,0,0,0,0,0,0,-0.5017214028,0.0548363685,0.8632894107,1.1826875144,0,204
SELF-CHANGELOG/## 2026-08-01 — v0.14 — ci_test-vgpu-vm step 25: systemd-cry/line1,self,,1,0,0,0,0,0,0,0,1,0,-0.5610398353,0.1398786189,0.8158849644,1.236452723,2,33
SELF-CHANGELOG/## 2026-08-01 — v0.14 — ci_test-vgpu-vm step 25: systemd-cry/line1,self,,0,0,0,0,0,0,0,0,0,0,-0.5017214028,0.0548363685,0.8632894107,1.1826875144,0,204
SELF-CHANGELOG/## 2026-08-01 — v0.14 — ci_test-vgpu-vm step 25: systemd-cry/line1,self,,0,0,0,0,0,0,0,0,0,0,-0.5017214028,0.0548363685,0.8632894107,1.1826875144,0,204
SELF-CHANGELOG/## 2026-08-01 — v0.14 — ci_test-vgpu-vm step 25: systemd-cry/line1,self,,1,1,0,0,0,0,0,0,0,0,-0.5778391145,-0.132115944,0.8053864508,1.2758337804,58,94
SELF-CHANGELOG/## 2026-08-01 — v0.14 — ci_test-vgpu-vm step 25: systemd-cry/line1,self,,0,0,0,0,0,0,0,0,0,0,-0.5017214028,0.0548363685,0.8632894107,1.1826875144,0,204
SELF-CHANGELOG/## 2026-08-01 — v0.14 — ci_test-vgpu-vm step 25: systemd-cry/line1,self,,2,1,0,0,0,0,0,0,1,0,-0.7101469187,-0.0969207592,0.6973505003,1.3985228771,60,9
SELF-CHANGELOG/## 2026-08-01 — v0.14 — ci_test-vgpu-vm step 25: systemd-cry/line1,self,,1,1,0,0,0,0,0,0,0,0,-0.5778391145,-0.132115944,0.8053864508,1.2758337804,58,94
SELF-CHANGELOG/## 2026-08-01 — v0.14 — ci_test-vgpu-vm step 25: systemd-cry/line1,self,,1,1,0,0,0,0,0,0,0,0,-0.5778391145,-0.132115944,0.8053864508,1.2758337804,58,94
SELF-CHANGELOG/## 2026-08-01 — v0.14 — ci_test-vgpu-vm step 25: systemd-cry/line1,self,,2,1,0,0,0,0,0,0,1,0,-0.7101469187,-0.0969207592,0.6973505003,1.3985228771,60,9
SELF-CHANGELOG/## 2026-08-01 — v0.14 — ci_test-vgpu-vm step 25: systemd-cry/line-extra,self,,1,0,0,0,0,0,0,1,0,0,-0.5960860637,-0.0151800402,0.802777037,1.2766694944,4,142
SELF-CHANGELOG/## 2026-08-01 — v0.15 — `playbooks/` seeded from whole-self /line1,self,,1,0,0,0,0,0,0,1,0,0,-0.5960860637,-0.0151800402,0.802777037,1.2766694944,4,142
SELF-CHANGELOG/## 2026-08-01 — v0.15 — `playbooks/` seeded from whole-self /line1,self,,1,0,0,1,0,0,0,0,0,0,-0.5787841358,0.1420824769,0.8030077795,1.2534053535,29,4
SELF-CHANGELOG/## 2026-08-01 — v0.15 — `playbooks/` seeded from whole-self /line1,self,,1,0,0,0,0,0,0,1,0,0,-0.5960860637,-0.0151800402,0.802777037,1.2766694944,4,142
SELF-CHANGELOG/## 2026-08-01 — v0.15 — `playbooks/` seeded from whole-self /line1,self,,3,1,0,0,1,0,0,1,0,0,-0.5625216293,-0.5148744542,0.6468954421,1.3874235582,81,10
SELF-CHANGELOG/## 2026-08-01 — v0.15 — `playbooks/` seeded from whole-self /line1,self,,3,1,1,0,0,0,0,1,0,0,-0.6054445241,-0.5036210802,0.6162813771,1.4230025965,117,6
SELF-CHANGELOG/## 2026-08-01 — v0.15 — `playbooks/` seeded from whole-self /line1,self,,0,0,0,0,0,0,0,0,0,0,-0.5017214028,0.0548363685,0.8632894107,1.1826875144,0,204
SELF-CHANGELOG/## 2026-08-01 — v0.15 — `playbooks/` seeded from whole-self /line1,self,,2,0,0,0,1,0,0,1,0,0,-0.7162932059,-0.118086091,0.6877352094,1.4081719411,25,2
SELF-CHANGELOG/## 2026-08-01 — v0.15 — `playbooks/` seeded from whole-self /line1,self,,2,0,0,0,0,0,1,0,0,1,-0.742606399,0.0799205684,0.6649424328,1.4167884216,8,2
SELF-CHANGELOG/## 2026-08-01 — v0.15 — `playbooks/` seeded from whole-self /line1,self,,1,1,0,0,0,0,0,0,0,0,-0.5778391145,-0.132115944,0.8053864508,1.2758337804,58,94
SELF-CHANGELOG/## 2026-08-01 — v0.15 — `playbooks/` seeded from whole-self /line1,self,,1,0,0,0,1,0,0,0,0,0,-0.6088675156,0.0206835518,0.7930022315,1.2858206077,21,6
SELF-CHANGELOG/## 2026-08-01 — v0.15 — `playbooks/` seeded from whole-self /line1,self,,0,0,0,0,0,0,0,0,0,0,-0.5017214028,0.0548363685,0.8632894107,1.1826875144,0,204
SELF-CHANGELOG/## 2026-08-01 — v0.15 — `playbooks/` seeded from whole-self /line1,self,,3,1,0,0,0,0,0,1,1,0,-0.7511334269,-0.3529664822,0.5578648916,1.5074916206,63,21
SELF-CHANGELOG/## 2026-08-01 — v0.15 — `playbooks/` seeded from whole-self /line1,self,,2,0,0,0,0,0,0,1,0,1,-0.7252343251,0.0626867829,0.6856424293,1.3991071089,5,6
SELF-CHANGELOG/## 2026-08-01 — v0.15 — `playbooks/` seeded from whole-self /line1,self,,1,1,0,0,0,0,0,0,0,0,-0.5778391145,-0.132115944,0.8053864508,1.2758337804,58,94
SELF-CHANGELOG/## 2026-08-01 — v0.15 — `playbooks/` seeded from whole-self /line1,self,,1,0,0,0,0,0,0,1,0,0,-0.5960860637,-0.0151800402,0.802777037,1.2766694944,4,142
SELF-CHANGELOG/## 2026-08-01 — v0.15 — `playbooks/` seeded from whole-self /line1,self,,0,0,0,0,0,0,0,0,0,0,-0.5017214028,0.0548363685,0.8632894107,1.1826875144,0,204
SELF-CHANGELOG/## 2026-08-01 — v0.15 — `playbooks/` seeded from whole-self /line1,self,,4,1,0,0,0,1,0,1,1,0,-0.8108311266,0.5050788046,0.2957165623,1.5950196223,75,8
SELF-CHANGELOG/## 2026-08-01 — v0.15 — `playbooks/` seeded from whole-self /line1,self,,1,1,0,0,0,0,0,0,0,0,-0.5778391145,-0.132115944,0.8053864508,1.2758337804,58,94
SELF-CHANGELOG/## 2026-08-01 — v0.15 — `playbooks/` seeded from whole-self /line1,self,,2,1,0,0,0,0,0,1,0,0,-0.6008005183,-0.2994018135,0.7412133912,1.3379289933,61,54
SELF-CHANGELOG/## 2026-08-01 — v0.15 — `playbooks/` seeded from whole-self /line1,self,,1,1,0,0,0,0,0,0,0,0,-0.5778391145,-0.132115944,0.8053864508,1.2758337804,58,94
SELF-CHANGELOG/## 2026-08-01 — v0.15 — `playbooks/` seeded from whole-self /line1,self,,1,0,0,0,1,0,0,0,0,0,-0.6088675156,0.0206835518,0.7930022315,1.2858206077,21,6
SELF-CHANGELOG/## 2026-08-01 — v0.15 — `playbooks/` seeded from whole-self /line1,self,,2,0,0,0,0,1,0,1,0,0,-0.5383545213,0.3129243032,0.7824658394,1.2281809819,16,52
SELF-CHANGELOG/## 2026-08-01 — v0.15 — `playbooks/` seeded from whole-self /line1,self,,3,1,0,0,0,0,0,1,1,0,-0.7511334269,-0.3529664822,0.5578648916,1.5074916206,63,21
SELF-CHANGELOG/## 2026-08-01 — v0.15 — `playbooks/` seeded from whole-self /line1,self,,2,1,0,0,0,0,0,1,0,0,-0.6008005183,-0.2994018135,0.7412133912,1.3379289933,61,54
SELF-CHANGELOG/## 2026-08-01 — v0.15 — `playbooks/` seeded from whole-self /line1,self,,0,0,0,0,0,0,0,0,0,0,-0.5017214028,0.0548363685,0.8632894107,1.1826875144,0,204
SELF-CHANGELOG/## 2026-08-01 — v0.15 — `playbooks/` seeded from whole-self /line1,self,,1,0,0,0,0,0,0,1,0,0,-0.5960860637,-0.0151800402,0.802777037,1.2766694944,4,142
SELF-CHANGELOG/## 2026-08-01 — v0.15 — `playbooks/` seeded from whole-self /line1,self,,3,1,0,0,0,0,0,1,1,0,-0.7511334269,-0.3529664822,0.5578648916,1.5074916206,63,21
SELF-CHANGELOG/## 2026-08-01 — v0.15 — `playbooks/` seeded from whole-self /line1,self,,1,1,0,0,0,0,0,0,0,0,-0.5778391145,-0.132115944,0.8053864508,1.2758337804,58,94
SELF-CHANGELOG/## 2026-08-01 — v0.15 — `playbooks/` seeded from whole-self /line1,self,,1,0,0,0,0,0,0,1,0,0,-0.5960860637,-0.0151800402,0.802777037,1.2766694944,4,142
SELF-CHANGELOG/## 2026-08-01 — v0.15 — `playbooks/` seeded from whole-self /line1,self,,0,0,0,0,0,0,0,0,0,0,-0.5017214028,0.0548363685,0.8632894107,1.1826875144,0,204
SELF-CHANGELOG/## 2026-08-01 — v0.15 — `playbooks/` seeded from whole-self /line1,self,,0,0,0,0,0,0,0,0,0,0,-0.5017214028,0.0548363685,0.8632894107,1.1826875144,0,204
SELF-CHANGELOG/## 2026-08-01 — v0.15 — `playbooks/` seeded from whole-self /line1,self,,1,0,0,0,0,0,0,1,0,0,-0.5960860637,-0.0151800402,0.802777037,1.2766694944,4,142
SELF-CHANGELOG/## 2026-08-01 — v0.15 — `playbooks/` seeded from whole-self /line1,self,,1,0,0,0,0,0,0,1,0,0,-0.5960860637,-0.0151800402,0.802777037,1.2766694944,4,142
SELF-CHANGELOG/## 2026-08-01 — v0.15 — `playbooks/` seeded from whole-self /line1,self,,2,1,0,0,0,0,0,0,0,1,-0.7221856774,-0.1289672536,0.6795699338,1.4160723371,59,7
SELF-CHANGELOG/## 2026-08-02 — v0.16 — First weekly Sunday cadence fire (12/line1,self,,4,0,0,0,1,1,0,1,1,0,-0.4993329588,0.6648344591,0.5555733419,1.3073412868,28,2
SELF-CHANGELOG/## 2026-08-02 — v0.16 — First weekly Sunday cadence fire (12/line1,self,,3,0,0,1,0,1,0,0,1,0,-0.325530796,0.47792472,0.815853947,1.0660348607,38,1
SELF-CHANGELOG/## 2026-08-02 — v0.16 — First weekly Sunday cadence fire (12/line1,self,,3,0,0,0,0,1,0,1,1,0,-0.4835798101,0.4692329101,0.7388985338,1.2097536184,18,18
SELF-CHANGELOG/## 2026-08-02 — v0.16 — First weekly Sunday cadence fire (12/line1,self,,2,0,0,0,0,1,0,0,1,0,-0.4023636005,0.3662386258,0.8390308707,1.1094367675,15,21
SELF-CHANGELOG/## 2026-08-02 — v0.16 — First weekly Sunday cadence fire (12/line1,self,,2,0,0,0,0,1,0,0,1,0,-0.4023636005,0.3662386258,0.8390308707,1.1094367675,15,21
SELF-CHANGELOG/## 2026-08-02 — v0.16 — First weekly Sunday cadence fire (12/line1,self,,2,0,0,0,0,1,0,0,1,0,-0.4023636005,0.3662386258,0.8390308707,1.1094367675,15,21
SELF-CHANGELOG/## 2026-08-02 — v0.16 — First weekly Sunday cadence fire (12/line1,self,,3,1,0,0,0,1,0,0,1,0,-0.6351374903,0.4220151634,0.6469185191,1.3462829709,72,2
SELF-CHANGELOG/## 2026-08-02 — v0.16 — First weekly Sunday cadence fire (12/line1,self,,2,0,0,0,0,1,0,0,1,0,-0.4023636005,0.3662386258,0.8390308707,1.1094367675,15,21
SELF-CHANGELOG/## 2026-08-02 — v0.16 — First weekly Sunday cadence fire (12/line1,self,,2,0,0,0,0,1,0,0,1,0,-0.4023636005,0.3662386258,0.8390308707,1.1094367675,15,21
SELF-CHANGELOG/## 2026-08-02 — v0.16 — First weekly Sunday cadence fire (12/line1,self,,3,0,0,0,0,1,0,1,1,0,-0.4835798101,0.4692329101,0.7388985338,1.2097536184,18,18
SELF-CHANGELOG/## 2026-08-02 — v0.16 — First weekly Sunday cadence fire (12/line1,self,,2,0,0,0,0,1,0,0,1,0,-0.4023636005,0.3662386258,0.8390308707,1.1094367675,15,21
SELF-CHANGELOG/## 2026-08-02 — v0.16 — First weekly Sunday cadence fire (12/line1,self,,2,0,0,0,0,1,0,0,1,0,-0.4023636005,0.3662386258,0.8390308707,1.1094367675,15,21
SELF-CHANGELOG/## 2026-08-02 — v0.16 — First weekly Sunday cadence fire (12/line1,self,,2,0,0,0,0,1,0,0,1,0,-0.4023636005,0.3662386258,0.8390308707,1.1094367675,15,21
SELF-CHANGELOG/## 2026-08-02 — v0.16 — First weekly Sunday cadence fire (12/line1,self,,2,0,0,0,0,1,0,0,1,0,-0.4023636005,0.3662386258,0.8390308707,1.1094367675,15,21
SELF-CHANGELOG/## 2026-08-02 — v0.16 — First weekly Sunday cadence fire (12/line1,self,,3,0,0,0,0,1,0,1,1,0,-0.4835798101,0.4692329101,0.7388985338,1.2097536184,18,18
SELF-CHANGELOG/## 2026-08-02 — v0.16 — First weekly Sunday cadence fire (12/line1,self,,2,0,0,0,0,1,0,0,1,0,-0.4023636005,0.3662386258,0.8390308707,1.1094367675,15,21
SELF-CHANGELOG/## 2026-08-02 — v0.16 — First weekly Sunday cadence fire (12/line1,self,,3,0,0,0,0,1,0,1,1,0,-0.4835798101,0.4692329101,0.7388985338,1.2097536184,18,18
SELF-CHANGELOG/## 2026-08-02 — v0.16 — First weekly Sunday cadence fire (12/line1,self,,4,0,0,0,0,1,0,1,1,1,-0.3449000428,0.6291403259,0.6965819483,1.1415486756,19,2
SELF-CHANGELOG/## 2026-08-02 — v0.16 — First weekly Sunday cadence fire (12/line1,self,,3,0,0,0,0,1,0,1,1,0,-0.4835798101,0.4692329101,0.7388985338,1.2097536184,18,18
SELF-CHANGELOG/## 2026-08-02 — v0.16 — First weekly Sunday cadence fire (12/line1,self,,3,0,0,0,0,1,0,1,1,0,-0.4835798101,0.4692329101,0.7388985338,1.2097536184,18,18
SELF-CHANGELOG/## 2026-08-02 — v0.16 — First weekly Sunday cadence fire (12/line1,self,,2,0,0,0,0,1,0,0,1,0,-0.4023636005,0.3662386258,0.8390308707,1.1094367675,15,21
SELF-CHANGELOG/## 2026-08-02 — v0.16 — First weekly Sunday cadence fire (12/line1,self,,2,0,0,0,0,1,0,0,1,0,-0.4023636005,0.3662386258,0.8390308707,1.1094367675,15,21
SELF-CHANGELOG/## 2026-08-02 — v0.16 — First weekly Sunday cadence fire (12/line1,self,,3,0,0,0,0,1,0,1,1,0,-0.4835798101,0.4692329101,0.7388985338,1.2097536184,18,18
SELF-CHANGELOG/## 2026-08-02 — v0.16 — First weekly Sunday cadence fire (12/line1,self,,2,0,0,0,0,1,0,0,1,0,-0.4023636005,0.3662386258,0.8390308707,1.1094367675,15,21
SELF-CHANGELOG/## 2026-08-02 — v0.16 — First weekly Sunday cadence fire (12/line1,self,,3,0,0,0,0,1,0,1,1,0,-0.4835798101,0.4692329101,0.7388985338,1.2097536184,18,18
SELF-CHANGELOG/## 2026-08-02 — v0.16 — First weekly Sunday cadence fire (12/line1,self,,2,0,0,0,0,1,0,0,1,0,-0.4023636005,0.3662386258,0.8390308707,1.1094367675,15,21
SELF-CHANGELOG/## 2026-08-02 — v0.16 — First weekly Sunday cadence fire (12/line1,self,,3,0,0,0,0,1,0,1,1,0,-0.4835798101,0.4692329101,0.7388985338,1.2097536184,18,18
SELF-CHANGELOG/## 2026-08-02 — v0.16 — First weekly Sunday cadence fire (12/line1,self,,2,0,0,0,0,1,0,0,1,0,-0.4023636005,0.3662386258,0.8390308707,1.1094367675,15,21
SELF-CHANGELOG/## 2026-08-02 — v0.16 — First weekly Sunday cadence fire (12/line1,self,,2,0,0,0,0,1,0,0,1,0,-0.4023636005,0.3662386258,0.8390308707,1.1094367675,15,21
